age,gender,university,department,academic_year,cgpa,waiver_or_-scholarship,nervous_anxious-_academic-pressure,unable_stopworrying_-academic-affairs,trouble_relaxing_academicpressure,annoyed_irritated_-byacademicpressure,worried_for_academicaffairs,restless_academic-pressure,afraid_awful_happen,anxiety_value,anxiety_label,upset_academicaffairs,unable_control_academicaffairs,nervous_stressed_-academicpressure,not_cope_academic-activities,ability-_-handle_-academicproblems,academicz_life_-goingonyourway,control_irritations_academicaffairs,academic_performance_ontop,angered_bad_performance_lowgrades,academic_difficulties,stress_value,stress_label,little_interest_pleasure,feelingdown_depressed_hopeless,trouble_falling_staying,feelingtired_littleenergy,poor_appetite_overeating?-,feelingbadaboutyourself-,trouble_concentrating,movedorspoke_slowly,thoughtsofhurting-yourself,depressionvalue,depressionlabel
18-22,Female,IndependentUniversityBangladesh(IUB),Engineering---CS-/-CSE-/-CSC-/-Similar-to-CS,Fourth-Year-or-Equivalent,2.50---2.99,No,1,1,1,2,2,2,1,10,Moderate-Anxiety,2,2,3,2,2,2,2,2,2,2,21,Moderate-Stress,1,2,1,1,2,1,1,1,1,11,Moderate-Depression
18-22,Male,IndependentUniversityBangladesh(IUB),Engineering---CS-/-CSE-/-CSC-/-Similar-to-CS,First-Year-or-Equivalent,3.80---4.00,No,2,2,1,1,1,1,1,9,Mild-Anxiety,2,2,2,2,2,2,2,1,1,2,18,Moderate-Stress,1,1,1,1,1,1,1,1,1,9,Mild-Depression
18-22,Male,IndependentUniversityBangladesh(IUB),Engineering---CS-/-CSE-/-CSC-/-Similar-to-CS,First-Year-or-Equivalent,3.00---3.39,No,2,1,1,0,2,2,2,10,Moderate-Anxiety,3,2,2,3,3,2,3,2,2,1,23,Moderate-Stress,2,0,2,3,2,2,2,2,1,16,Moderately-Severe-Depression
18-22,Male,IndependentUniversityBangladesh(IUB),Engineering---CS-/-CSE-/-CSC-/-Similar-to-CS,First-Year-or-Equivalent,3.40---3.79,No,2,1,1,1,1,1,1,8,Mild-Anxiety,2,2,2,2,2,2,2,2,2,2,20,Moderate-Stress,1,1,1,1,1,1,1,1,1,9,Mild-Depression
18-22,Male,IndependentUniversityBangladesh(IUB),Engineering---CS-/-CSE-/-CSC-/-Similar-to-CS,First-Year-or-Equivalent,3.40---3.79,No,1,1,1,1,1,1,1,7,Mild-Anxiety,2,2,2,2,2,2,2,2,2,2,20,Moderate-Stress,1,1,1,1,1,1,1,1,1,9,Mild-Depression
18-22,Male,IndependentUniversityBangladesh(IUB),Engineering---CS-/-CSE-/-CSC-/-Similar-to-CS,First-Year-or-Equivalent,3.80---4.00,No,2,2,2,2,2,2,2,14,Moderate-Anxiety,4,2,2,2,2,2,2,2,2,2,22,Moderate-Stress,2,2,2,2,2,2,2,2,2,18,Moderately-Severe-Depression
18-22,Male,IndependentUniversityBangladesh(IUB),Engineering---CS-/-CSE-/-CSC-/-Similar-to-CS,First-Year-or-Equivalent,3.80---4.00,Yes,0,1,1,0,1,1,0,4,Minimal-Anxiety,1,1,1,0,0,1,0,1,0,0,5,Low-Stress,0,0,1,0,0,0,1,1,0,3,Minimal-Depression
18-22,Male,IndependentUniversityBangladesh(IUB),Engineering---CS-/-CSE-/-CSC-/-Similar-to-CS,Third-Year-or-Equivalent,2.50---2.99,No,2,2,2,2,3,2,3,16,Severe-Anxiety,2,2,2,2,2,2,3,3,2,2,22,Moderate-Stress,2,3,3,0,0,3,3,0,0,14,Moderate-Depression
18-22,Female,IndependentUniversityBangladesh(IUB),Engineering---CS-/-CSE-/-CSC-/-Similar-to-CS,First-Year-or-Equivalent,3.80---4.00,No,2,2,2,2,2,2,2,14,Moderate-Anxiety,0,2,4,2,2,2,2,2,2,2,20,Moderate-Stress,2,2,2,2,2,2,2,2,2,18,Moderately-Severe-Depression
18-22,Female,IndependentUniversityBangladesh(IUB),Engineering---CS-/-CSE-/-CSC-/-Similar-to-CS,First-Year-or-Equivalent,3.80---4.00,Yes,1,1,3,3,2,2,1,13,Moderate-Anxiety,2,3,2,3,2,2,2,2,2,2,22,Moderate-Stress,1,3,3,3,1,3,3,2,0,19,Moderately-Severe-Depression
18-22,Male,IndependentUniversityBangladesh(IUB),Engineering---CS-/-CSE-/-CSC-/-Similar-to-CS,First-Year-or-Equivalent,3.40---3.79,No,2,2,2,2,2,2,2,14,Moderate-Anxiety,2,2,2,3,1,1,2,2,3,2,20,Moderate-Stress,2,2,2,2,2,2,2,2,2,18,Moderately-Severe-Depression
18-22,Male,IndependentUniversityBangladesh(IUB),Engineering---CS-/-CSE-/-CSC-/-Similar-to-CS,First-Year-or-Equivalent,3.80---4.00,No,3,3,1,3,3,2,3,18,Severe-Anxiety,4,1,4,4,0,2,0,2,4,4,25,Moderate-Stress,1,3,3,3,1,3,3,3,3,23,Severe-Depression
18-22,Male,IndependentUniversityBangladesh(IUB),Engineering---CS-/-CSE-/-CSC-/-Similar-to-CS,First-Year-or-Equivalent,3.80---4.00,Yes,1,3,1,1,2,2,1,11,Moderate-Anxiety,3,1,1,1,1,1,1,2,3,1,15,Moderate-Stress,1,1,1,2,0,1,1,1,1,9,Mild-Depression
18-22,Female,IndependentUniversityBangladesh(IUB),Engineering---CS-/-CSE-/-CSC-/-Similar-to-CS,First-Year-or-Equivalent,3.80---4.00,No,3,3,1,3,3,3,3,19,Severe-Anxiety,2,3,4,3,2,2,2,3,3,2,26,Moderate-Stress,3,1,2,2,1,3,3,2,3,20,Severe-Depression
18-22,Female,IndependentUniversityBangladesh(IUB),Engineering---CS-/-CSE-/-CSC-/-Similar-to-CS,First-Year-or-Equivalent,3.80---4.00,No,2,2,2,2,2,2,2,14,Moderate-Anxiety,3,2,2,2,3,2,3,2,2,3,24,Moderate-Stress,2,2,2,2,2,2,2,2,2,18,Moderately-Severe-Depression
18-22,Male,IndependentUniversityBangladesh(IUB),Engineering---CS-/-CSE-/-CSC-/-Similar-to-CS,First-Year-or-Equivalent,2.50---2.99,No,3,3,1,3,3,2,3,18,Severe-Anxiety,1,2,3,3,1,1,1,3,3,3,21,Moderate-Stress,2,2,3,3,3,3,1,0,3,20,Severe-Depression
18-22,Female,IndependentUniversityBangladesh(IUB),Engineering---CS-/-CSE-/-CSC-/-Similar-to-CS,Third-Year-or-Equivalent,2.50---2.99,No,2,2,2,2,2,2,2,14,Moderate-Anxiety,4,2,2,2,2,2,2,2,2,2,22,Moderate-Stress,2,2,2,2,2,2,2,2,2,18,Moderately-Severe-Depression
18-22,Female,IndependentUniversityBangladesh(IUB),Engineering---CS-/-CSE-/-CSC-/-Similar-to-CS,First-Year-or-Equivalent,3.80---4.00,Yes,2,2,2,2,2,1,1,12,Moderate-Anxiety,1,2,2,1,2,1,3,2,2,1,17,Moderate-Stress,1,1,2,2,2,0,1,0,0,9,Mild-Depression
18-22,Female,IndependentUniversityBangladesh(IUB),Engineering---CS-/-CSE-/-CSC-/-Similar-to-CS,First-Year-or-Equivalent,3.40---3.79,No,0,2,0,0,1,0,0,3,Minimal-Anxiety,1,2,1,1,4,2,4,3,1,1,20,Moderate-Stress,2,0,0,0,0,1,0,0,0,3,Minimal-Depression
18-22,Female,IndependentUniversityBangladesh(IUB),Engineering---CS-/-CSE-/-CSC-/-Similar-to-CS,First-Year-or-Equivalent,3.40---3.79,No,0,2,1,0,2,1,0,6,Mild-Anxiety,2,2,2,2,2,2,3,2,1,1,19,Moderate-Stress,1,1,0,1,1,0,1,1,0,6,Mild-Depression
18-22,Male,IndependentUniversityBangladesh(IUB),Engineering---CS-/-CSE-/-CSC-/-Similar-to-CS,First-Year-or-Equivalent,3.80---4.00,Yes,0,0,0,0,0,0,0,0,Minimal-Anxiety,1,1,1,2,1,1,1,1,2,2,13,Low-Stress,0,0,0,0,0,0,0,0,0,0,No-Depression
18-22,Female,IndependentUniversityBangladesh(IUB),Engineering---CS-/-CSE-/-CSC-/-Similar-to-CS,First-Year-or-Equivalent,3.80---4.00,Yes,1,1,1,1,1,1,1,7,Mild-Anxiety,2,1,3,3,1,1,1,1,2,2,17,Moderate-Stress,2,1,0,1,0,0,0,0,0,4,Minimal-Depression
18-22,Male,IndependentUniversityBangladesh(IUB),Engineering---CS-/-CSE-/-CSC-/-Similar-to-CS,First-Year-or-Equivalent,3.80---4.00,No,1,3,3,2,2,3,2,16,Severe-Anxiety,3,2,3,4,1,1,1,1,2,3,21,Moderate-Stress,3,2,3,3,3,2,3,2,0,21,Severe-Depression
18-22,Female,IndependentUniversityBangladesh(IUB),Engineering---CS-/-CSE-/-CSC-/-Similar-to-CS,First-Year-or-Equivalent,3.80---4.00,No,2,2,3,2,1,3,3,16,Severe-Anxiety,2,2,2,2,2,2,2,4,0,2,20,Moderate-Stress,1,3,0,3,3,0,0,1,1,12,Moderate-Depression
23-26,Male,IndependentUniversityBangladesh(IUB),Engineering---CS-/-CSE-/-CSC-/-Similar-to-CS,Fourth-Year-or-Equivalent,2.50---2.99,Yes,3,0,3,2,1,3,1,13,Moderate-Anxiety,4,4,2,2,2,4,2,2,4,4,30,High-Perceived-Stress,0,1,1,3,3,0,2,3,3,16,Moderately-Severe-Depression
18-22,Male,IndependentUniversityBangladesh(IUB),Engineering---CS-/-CSE-/-CSC-/-Similar-to-CS,First-Year-or-Equivalent,3.00---3.39,No,1,2,1,1,1,1,1,8,Mild-Anxiety,4,4,2,2,2,2,2,2,2,2,24,Moderate-Stress,1,1,2,1,1,1,0,1,2,10,Moderate-Depression
18-22,Male,IndependentUniversityBangladesh(IUB),Engineering---CS-/-CSE-/-CSC-/-Similar-to-CS,First-Year-or-Equivalent,3.00---3.39,No,0,0,0,0,0,0,0,0,Minimal-Anxiety,0,0,2,0,4,4,4,4,0,0,18,Moderate-Stress,0,3,0,3,0,1,0,0,0,7,Mild-Depression
23-26,Male,IndependentUniversityBangladesh(IUB),Engineering---CS-/-CSE-/-CSC-/-Similar-to-CS,Third-Year-or-Equivalent,Below-2.50,Yes,1,3,3,3,3,1,3,17,Severe-Anxiety,3,2,4,3,2,2,2,3,2,3,26,Moderate-Stress,0,3,3,3,3,3,3,3,0,21,Severe-Depression
18-22,Male,IndependentUniversityBangladesh(IUB),Engineering---CS-/-CSE-/-CSC-/-Similar-to-CS,First-Year-or-Equivalent,3.40---3.79,Yes,1,1,3,2,1,2,2,12,Moderate-Anxiety,4,2,2,0,3,1,3,4,4,2,25,Moderate-Stress,3,2,3,3,3,3,1,3,3,24,Severe-Depression
18-22,Male,IndependentUniversityBangladesh(IUB),Engineering---CS-/-CSE-/-CSC-/-Similar-to-CS,Second-Year-or-Equivalent,3.00---3.39,Yes,3,3,0,3,3,3,3,18,Severe-Anxiety,4,4,4,4,2,4,0,2,4,4,32,High-Perceived-Stress,0,3,3,3,1,0,3,3,1,17,Moderately-Severe-Depression
23-26,Male,IndependentUniversityBangladesh(IUB),Engineering---CS-/-CSE-/-CSC-/-Similar-to-CS,First-Year-or-Equivalent,3.40---3.79,No,2,3,0,3,3,3,3,17,Severe-Anxiety,2,2,2,2,2,2,2,2,2,2,20,Moderate-Stress,0,1,3,3,3,3,0,2,3,18,Moderately-Severe-Depression
23-26,Female,IndependentUniversityBangladesh(IUB),Engineering---CS-/-CSE-/-CSC-/-Similar-to-CS,Third-Year-or-Equivalent,3.40---3.79,Yes,3,2,2,2,2,2,2,15,Severe-Anxiety,2,2,2,3,1,3,2,3,2,1,21,Moderate-Stress,3,2,2,2,2,2,2,2,2,19,Moderately-Severe-Depression
23-26,Female,IndependentUniversityBangladesh(IUB),Engineering---CS-/-CSE-/-CSC-/-Similar-to-CS,Fourth-Year-or-Equivalent,2.50---2.99,Yes,2,2,3,2,3,3,1,16,Severe-Anxiety,4,3,4,3,2,3,3,2,3,4,31,High-Perceived-Stress,1,3,1,3,3,3,2,2,1,19,Moderately-Severe-Depression
23-26,Male,IndependentUniversityBangladesh(IUB),Engineering---CS-/-CSE-/-CSC-/-Similar-to-CS,Second-Year-or-Equivalent,Below-2.50,No,3,3,3,3,3,3,3,21,Severe-Anxiety,1,4,4,2,2,4,0,2,4,4,27,High-Perceived-Stress,3,3,3,3,3,3,3,3,0,24,Severe-Depression
18-22,Male,IndependentUniversityBangladesh(IUB),Engineering---CS-/-CSE-/-CSC-/-Similar-to-CS,First-Year-or-Equivalent,Other,No,0,0,0,0,0,0,0,0,Minimal-Anxiety,0,0,0,0,4,4,4,4,0,0,16,Moderate-Stress,0,0,0,0,0,0,0,0,0,0,No-Depression
18-22,Male,IndependentUniversityBangladesh(IUB),Engineering---CS-/-CSE-/-CSC-/-Similar-to-CS,First-Year-or-Equivalent,Other,No,1,0,2,0,2,0,0,5,Mild-Anxiety,0,0,1,4,4,2,4,3,1,3,22,Moderate-Stress,0,2,0,1,0,1,0,1,1,6,Mild-Depression
18-22,Male,IndependentUniversityBangladesh(IUB),Other,First-Year-or-Equivalent,Other,No,1,1,2,1,2,2,1,10,Moderate-Anxiety,1,1,2,2,2,4,1,2,3,2,20,Moderate-Stress,2,1,1,1,1,1,1,0,1,9,Mild-Depression
18-22,Male,IndependentUniversityBangladesh(IUB),Engineering---CS-/-CSE-/-CSC-/-Similar-to-CS,Second-Year-or-Equivalent,Below-2.50,No,1,0,0,1,1,1,0,4,Minimal-Anxiety,1,0,1,1,2,2,2,2,2,2,15,Moderate-Stress,2,0,0,0,0,0,0,0,0,2,Minimal-Depression
18-22,Male,IndependentUniversityBangladesh(IUB),Engineering---CS-/-CSE-/-CSC-/-Similar-to-CS,First-Year-or-Equivalent,Below-2.50,No,1,1,1,1,1,1,1,7,Mild-Anxiety,1,1,1,1,1,2,3,1,2,2,15,Moderate-Stress,0,1,1,1,1,1,1,1,0,7,Mild-Depression
18-22,Male,IndependentUniversityBangladesh(IUB),Engineering---CS-/-CSE-/-CSC-/-Similar-to-CS,First-Year-or-Equivalent,Other,No,1,2,2,2,2,2,2,13,Moderate-Anxiety,3,2,3,1,2,2,2,2,3,2,22,Moderate-Stress,2,2,2,2,2,2,2,2,2,18,Moderately-Severe-Depression
18-22,Female,IndependentUniversityBangladesh(IUB),Engineering---CS-/-CSE-/-CSC-/-Similar-to-CS,First-Year-or-Equivalent,Below-2.50,No,1,2,2,1,1,2,3,12,Moderate-Anxiety,2,2,1,1,2,3,1,1,3,1,17,Moderate-Stress,3,1,3,2,2,0,1,2,1,15,Moderately-Severe-Depression
18-22,Male,IndependentUniversityBangladesh(IUB),Engineering---CS-/-CSE-/-CSC-/-Similar-to-CS,First-Year-or-Equivalent,Other,No,0,2,1,0,1,1,1,6,Mild-Anxiety,2,2,2,4,2,4,4,4,2,1,27,High-Perceived-Stress,0,1,3,3,2,1,1,1,1,13,Moderate-Depression
18-22,Female,IndependentUniversityBangladesh(IUB),Engineering---CS-/-CSE-/-CSC-/-Similar-to-CS,First-Year-or-Equivalent,2.50---2.99,No,3,3,3,2,3,3,2,19,Severe-Anxiety,4,4,4,2,0,2,3,1,4,1,25,Moderate-Stress,1,2,2,2,2,3,1,1,3,17,Moderately-Severe-Depression
18-22,Female,IndependentUniversityBangladesh(IUB),Engineering---CS-/-CSE-/-CSC-/-Similar-to-CS,First-Year-or-Equivalent,3.00---3.39,Yes,2,0,2,1,0,2,1,8,Mild-Anxiety,2,3,0,0,2,4,2,4,2,2,21,Moderate-Stress,3,1,3,3,0,2,1,2,0,15,Moderately-Severe-Depression
18-22,Male,IndependentUniversityBangladesh(IUB),Engineering---CS-/-CSE-/-CSC-/-Similar-to-CS,Third-Year-or-Equivalent,Below-2.50,No,2,1,1,1,1,1,1,8,Mild-Anxiety,4,2,2,2,2,2,2,2,2,2,22,Moderate-Stress,1,1,1,1,1,1,1,1,1,9,Mild-Depression
18-22,Male,IndependentUniversityBangladesh(IUB),Engineering---CS-/-CSE-/-CSC-/-Similar-to-CS,First-Year-or-Equivalent,Below-2.50,Yes,0,0,0,0,0,0,0,0,Minimal-Anxiety,3,0,3,1,4,4,4,4,0,0,23,Moderate-Stress,1,0,0,1,0,0,0,0,0,2,Minimal-Depression
Below-18,Female,IndependentUniversityBangladesh(IUB),Engineering---CS-/-CSE-/-CSC-/-Similar-to-CS,First-Year-or-Equivalent,Below-2.50,No,0,0,0,0,0,0,0,0,Minimal-Anxiety,3,0,3,0,4,4,4,3,1,1,23,Moderate-Stress,1,0,1,1,0,0,0,0,0,3,Minimal-Depression
18-22,Male,IndependentUniversityBangladesh(IUB),Engineering---CS-/-CSE-/-CSC-/-Similar-to-CS,First-Year-or-Equivalent,2.50---2.99,No,1,2,0,1,1,2,1,8,Mild-Anxiety,2,2,2,2,2,3,2,3,3,2,23,Moderate-Stress,0,2,3,2,1,3,0,1,0,12,Moderate-Depression
18-22,Female,IndependentUniversityBangladesh(IUB),Engineering---CS-/-CSE-/-CSC-/-Similar-to-CS,First-Year-or-Equivalent,2.50---2.99,No,2,2,2,2,3,3,3,17,Severe-Anxiety,0,0,2,0,2,4,2,2,2,2,16,Moderate-Stress,2,3,3,3,3,2,2,2,2,22,Severe-Depression
18-22,Male,IndependentUniversityBangladesh(IUB),Engineering---CS-/-CSE-/-CSC-/-Similar-to-CS,First-Year-or-Equivalent,Other,Yes,0,0,0,0,0,0,0,0,Minimal-Anxiety,1,3,0,2,2,2,2,2,2,3,19,Moderate-Stress,3,2,3,1,3,2,3,3,2,22,Severe-Depression
18-22,Female,IndependentUniversityBangladesh(IUB),Engineering---CS-/-CSE-/-CSC-/-Similar-to-CS,First-Year-or-Equivalent,Below-2.50,No,3,3,0,3,3,3,3,18,Severe-Anxiety,4,4,4,4,0,0,0,4,4,0,24,Moderate-Stress,1,3,0,3,0,3,0,3,0,13,Moderate-Depression
23-26,Male,IndependentUniversityBangladesh(IUB),Engineering---CS-/-CSE-/-CSC-/-Similar-to-CS,Third-Year-or-Equivalent,2.50---2.99,No,3,3,3,3,3,3,3,21,Severe-Anxiety,4,2,2,2,2,2,2,2,2,2,22,Moderate-Stress,0,0,0,0,0,0,0,0,0,0,No-Depression
18-22,Male,IndependentUniversityBangladesh(IUB),Engineering---CS-/-CSE-/-CSC-/-Similar-to-CS,First-Year-or-Equivalent,Other,No,0,0,1,2,0,1,2,6,Mild-Anxiety,2,1,1,1,3,0,0,2,0,2,12,Low-Stress,1,1,1,1,1,1,1,1,1,9,Mild-Depression
18-22,Female,IndependentUniversityBangladesh(IUB),Engineering---CS-/-CSE-/-CSC-/-Similar-to-CS,First-Year-or-Equivalent,Other,No,1,1,3,1,3,3,1,13,Moderate-Anxiety,2,2,2,2,2,3,2,4,2,0,21,Moderate-Stress,1,1,3,1,1,1,1,1,0,10,Moderate-Depression
18-22,Male,IndependentUniversityBangladesh(IUB),Engineering---CS-/-CSE-/-CSC-/-Similar-to-CS,First-Year-or-Equivalent,Other,No,1,2,2,1,2,1,2,11,Moderate-Anxiety,2,2,2,2,1,1,2,0,2,3,17,Moderate-Stress,1,1,1,2,2,2,1,1,0,11,Moderate-Depression
18-22,Male,IndependentUniversityBangladesh(IUB),Engineering---CS-/-CSE-/-CSC-/-Similar-to-CS,First-Year-or-Equivalent,Other,No,1,1,1,2,2,2,2,11,Moderate-Anxiety,4,3,2,1,1,2,2,2,3,2,22,Moderate-Stress,2,1,1,1,3,2,2,1,2,15,Moderately-Severe-Depression
18-22,Male,IndependentUniversityBangladesh(IUB),Engineering---CS-/-CSE-/-CSC-/-Similar-to-CS,First-Year-or-Equivalent,Other,No,1,1,1,2,2,2,2,11,Moderate-Anxiety,2,2,2,1,1,2,2,2,4,2,20,Moderate-Stress,2,1,1,1,3,2,2,2,2,16,Moderately-Severe-Depression
18-22,Male,IndependentUniversityBangladesh(IUB),Engineering---CS-/-CSE-/-CSC-/-Similar-to-CS,First-Year-or-Equivalent,Other,No,2,2,1,1,1,0,0,7,Mild-Anxiety,3,1,3,2,2,2,1,4,0,1,19,Moderate-Stress,1,1,0,2,0,3,3,1,1,12,Moderate-Depression
18-22,Female,IndependentUniversityBangladesh(IUB),Engineering---CS-/-CSE-/-CSC-/-Similar-to-CS,First-Year-or-Equivalent,Other,No,1,1,1,1,2,1,1,8,Mild-Anxiety,2,2,2,2,1,2,1,2,3,2,19,Moderate-Stress,1,1,0,1,0,1,1,1,0,6,Mild-Depression
18-22,Male,IndependentUniversityBangladesh(IUB),Engineering---CS-/-CSE-/-CSC-/-Similar-to-CS,First-Year-or-Equivalent,Other,Yes,1,2,1,2,1,2,2,11,Moderate-Anxiety,2,2,2,1,3,3,3,3,1,1,21,Moderate-Stress,2,2,2,1,2,2,2,2,2,17,Moderately-Severe-Depression
18-22,Male,IndependentUniversityBangladesh(IUB),Engineering---CS-/-CSE-/-CSC-/-Similar-to-CS,First-Year-or-Equivalent,Other,No,1,1,1,1,1,1,1,7,Mild-Anxiety,1,1,1,1,2,3,3,3,1,1,17,Moderate-Stress,1,1,1,1,1,1,1,1,1,9,Mild-Depression
18-22,Male,IndependentUniversityBangladesh(IUB),Engineering---CS-/-CSE-/-CSC-/-Similar-to-CS,First-Year-or-Equivalent,Other,No,0,0,0,0,0,0,0,0,Minimal-Anxiety,0,0,0,0,4,4,4,4,0,0,16,Moderate-Stress,1,0,0,0,0,0,0,0,0,1,Minimal-Depression
18-22,Male,IndependentUniversityBangladesh(IUB),Engineering---CS-/-CSE-/-CSC-/-Similar-to-CS,First-Year-or-Equivalent,Other,No,3,3,3,3,3,3,3,21,Severe-Anxiety,3,3,3,3,1,1,1,2,2,2,21,Moderate-Stress,1,3,3,3,1,3,3,1,1,19,Moderately-Severe-Depression
18-22,Female,IndependentUniversityBangladesh(IUB),Engineering---CS-/-CSE-/-CSC-/-Similar-to-CS,First-Year-or-Equivalent,Other,No,1,3,2,1,3,3,1,14,Moderate-Anxiety,3,3,4,4,2,3,2,4,3,3,31,High-Perceived-Stress,2,2,3,3,2,3,2,2,0,19,Moderately-Severe-Depression
18-22,Female,IndependentUniversityBangladesh(IUB),Engineering---CS-/-CSE-/-CSC-/-Similar-to-CS,First-Year-or-Equivalent,Other,No,0,1,1,1,1,1,1,6,Mild-Anxiety,1,2,2,2,1,2,2,2,2,2,18,Moderate-Stress,2,0,0,0,0,0,1,0,0,3,Minimal-Depression
18-22,Female,IndependentUniversityBangladesh(IUB),Engineering---CS-/-CSE-/-CSC-/-Similar-to-CS,First-Year-or-Equivalent,Other,No,1,1,2,1,0,0,3,8,Mild-Anxiety,4,3,2,1,1,1,3,4,1,1,21,Moderate-Stress,0,1,3,1,0,1,0,3,0,9,Mild-Depression
18-22,Female,IndependentUniversityBangladesh(IUB),Engineering---CS-/-CSE-/-CSC-/-Similar-to-CS,First-Year-or-Equivalent,Other,No,1,1,2,1,0,0,3,8,Mild-Anxiety,3,3,3,1,1,1,3,1,2,1,19,Moderate-Stress,0,1,3,1,0,1,0,3,0,9,Mild-Depression
18-22,Female,IndependentUniversityBangladesh(IUB),Engineering---CS-/-CSE-/-CSC-/-Similar-to-CS,First-Year-or-Equivalent,Other,No,3,3,2,3,3,1,1,16,Severe-Anxiety,4,2,4,4,4,4,1,2,3,3,31,High-Perceived-Stress,3,1,2,3,2,2,2,3,2,20,Severe-Depression
18-22,Female,IndependentUniversityBangladesh(IUB),Engineering---CS-/-CSE-/-CSC-/-Similar-to-CS,First-Year-or-Equivalent,Other,Yes,1,3,1,1,1,1,2,10,Moderate-Anxiety,3,4,3,2,1,2,0,2,2,2,21,Moderate-Stress,1,1,1,1,1,2,1,1,0,9,Mild-Depression
18-22,Male,IndependentUniversityBangladesh(IUB),Engineering---CS-/-CSE-/-CSC-/-Similar-to-CS,Second-Year-or-Equivalent,Below-2.50,No,2,3,1,3,3,2,2,16,Severe-Anxiety,4,2,2,2,1,2,2,2,2,2,21,Moderate-Stress,1,2,3,1,1,1,1,1,1,12,Moderate-Depression
18-22,Male,IndependentUniversityBangladesh(IUB),Engineering---CS-/-CSE-/-CSC-/-Similar-to-CS,Third-Year-or-Equivalent,2.50---2.99,No,2,3,3,1,3,2,3,17,Severe-Anxiety,3,3,4,4,2,4,2,2,4,3,31,High-Perceived-Stress,1,3,1,3,0,3,3,1,0,15,Moderately-Severe-Depression
18-22,Female,IndependentUniversityBangladesh(IUB),Engineering---CS-/-CSE-/-CSC-/-Similar-to-CS,First-Year-or-Equivalent,2.50---2.99,No,3,3,3,3,3,3,3,21,Severe-Anxiety,4,4,4,4,4,4,4,4,4,4,40,High-Perceived-Stress,3,3,3,3,3,3,3,3,3,27,Severe-Depression
23-26,Male,IndependentUniversityBangladesh(IUB),Engineering---CS-/-CSE-/-CSC-/-Similar-to-CS,Third-Year-or-Equivalent,3.40---3.79,No,1,1,1,1,3,3,3,13,Moderate-Anxiety,3,2,2,2,1,2,1,1,3,3,20,Moderate-Stress,3,3,3,2,1,3,1,3,3,22,Severe-Depression
18-22,Male,IndependentUniversityBangladesh(IUB),Engineering---CS-/-CSE-/-CSC-/-Similar-to-CS,First-Year-or-Equivalent,Below-2.50,Yes,3,3,0,2,3,3,2,16,Severe-Anxiety,2,4,2,3,1,4,0,3,0,4,23,Moderate-Stress,0,2,3,3,3,1,3,2,0,17,Moderately-Severe-Depression
18-22,Female,IndependentUniversityBangladesh(IUB),Engineering---CS-/-CSE-/-CSC-/-Similar-to-CS,First-Year-or-Equivalent,3.80---4.00,Yes,1,1,2,1,2,1,1,9,Mild-Anxiety,3,2,2,2,1,2,2,2,2,3,21,Moderate-Stress,2,1,1,1,1,1,1,0,0,8,Mild-Depression
18-22,Female,IndependentUniversityBangladesh(IUB),Engineering---CS-/-CSE-/-CSC-/-Similar-to-CS,Second-Year-or-Equivalent,3.80---4.00,Yes,1,0,3,1,0,0,0,5,Mild-Anxiety,2,2,3,2,1,1,1,1,2,2,17,Moderate-Stress,3,0,3,0,0,0,3,1,0,10,Moderate-Depression
18-22,Male,IndependentUniversityBangladesh(IUB),Engineering---CS-/-CSE-/-CSC-/-Similar-to-CS,First-Year-or-Equivalent,3.40---3.79,Yes,3,3,3,3,2,3,3,20,Severe-Anxiety,3,4,3,4,0,0,0,3,4,4,25,Moderate-Stress,2,3,3,3,3,3,3,3,2,25,Severe-Depression
18-22,Male,IndependentUniversityBangladesh(IUB),Engineering---CS-/-CSE-/-CSC-/-Similar-to-CS,First-Year-or-Equivalent,Other,No,1,1,1,1,1,1,1,7,Mild-Anxiety,4,0,0,0,4,4,4,4,0,0,20,Moderate-Stress,1,1,1,1,1,1,1,1,1,9,Mild-Depression
18-22,Male,IndependentUniversityBangladesh(IUB),Engineering---CS-/-CSE-/-CSC-/-Similar-to-CS,First-Year-or-Equivalent,Other,No,2,1,2,1,1,1,1,9,Mild-Anxiety,2,2,2,2,1,3,3,2,3,3,23,Moderate-Stress,2,3,0,0,1,2,1,1,1,11,Moderate-Depression
18-22,Female,IndependentUniversityBangladesh(IUB),Engineering---CS-/-CSE-/-CSC-/-Similar-to-CS,Third-Year-or-Equivalent,2.50---2.99,No,1,0,3,1,1,1,1,8,Mild-Anxiety,3,3,2,2,1,1,2,0,3,3,20,Moderate-Stress,2,3,1,1,1,0,1,0,0,9,Mild-Depression
18-22,Male,IndependentUniversityBangladesh(IUB),Engineering---EEE/-ECE-/-Similar-to-EEE,Second-Year-or-Equivalent,Below-2.50,No,0,0,0,0,0,1,0,1,Minimal-Anxiety,1,1,0,2,4,2,3,3,1,0,17,Moderate-Stress,0,0,0,0,0,1,0,0,0,1,Minimal-Depression
23-26,Male,IndependentUniversityBangladesh(IUB),Engineering---CS-/-CSE-/-CSC-/-Similar-to-CS,Fourth-Year-or-Equivalent,Below-2.50,No,2,2,1,2,3,1,0,11,Moderate-Anxiety,2,2,3,4,2,3,3,2,3,3,27,High-Perceived-Stress,2,1,2,1,2,1,1,1,2,13,Moderate-Depression
18-22,Female,IndependentUniversityBangladesh(IUB),Engineering---CS-/-CSE-/-CSC-/-Similar-to-CS,First-Year-or-Equivalent,Other,No,1,1,2,1,1,1,1,8,Mild-Anxiety,3,2,3,2,1,2,1,1,2,2,19,Moderate-Stress,1,1,2,3,1,1,0,2,0,11,Moderate-Depression
18-22,Female,IndependentUniversityBangladesh(IUB),Engineering---CS-/-CSE-/-CSC-/-Similar-to-CS,Third-Year-or-Equivalent,2.50---2.99,No,2,2,2,2,3,3,3,17,Severe-Anxiety,3,3,4,3,2,2,2,3,2,2,26,Moderate-Stress,2,2,2,2,2,2,2,2,2,18,Moderately-Severe-Depression
23-26,Male,IndependentUniversityBangladesh(IUB),Engineering---CS-/-CSE-/-CSC-/-Similar-to-CS,Third-Year-or-Equivalent,2.50---2.99,No,2,3,2,2,2,2,1,14,Moderate-Anxiety,2,2,2,2,3,3,2,3,2,2,23,Moderate-Stress,3,3,2,2,2,3,2,1,0,18,Moderately-Severe-Depression
18-22,Male,IndependentUniversityBangladesh(IUB),Engineering---CS-/-CSE-/-CSC-/-Similar-to-CS,Second-Year-or-Equivalent,2.50---2.99,No,2,3,2,3,2,2,1,15,Severe-Anxiety,1,2,2,1,3,4,3,4,0,0,20,Moderate-Stress,1,2,2,1,1,2,2,2,2,15,Moderately-Severe-Depression
18-22,Male,IndependentUniversityBangladesh(IUB),Engineering---CS-/-CSE-/-CSC-/-Similar-to-CS,Third-Year-or-Equivalent,2.50---2.99,No,3,0,1,3,3,3,3,16,Severe-Anxiety,3,3,4,3,3,2,2,2,3,2,27,High-Perceived-Stress,1,3,0,3,2,3,0,1,3,16,Moderately-Severe-Depression
18-22,Male,IndependentUniversityBangladesh(IUB),Engineering---CS-/-CSE-/-CSC-/-Similar-to-CS,Third-Year-or-Equivalent,3.00---3.39,No,3,3,3,3,3,3,3,21,Severe-Anxiety,4,4,4,3,2,3,3,2,4,2,31,High-Perceived-Stress,1,3,0,3,0,2,2,3,3,17,Moderately-Severe-Depression
18-22,Male,IndependentUniversityBangladesh(IUB),Engineering---CS-/-CSE-/-CSC-/-Similar-to-CS,Second-Year-or-Equivalent,3.40---3.79,No,1,2,1,2,1,1,1,9,Mild-Anxiety,3,3,4,3,1,2,3,1,3,3,26,Moderate-Stress,2,3,1,3,0,2,1,0,0,12,Moderate-Depression
23-26,Male,IndependentUniversityBangladesh(IUB),Engineering---CS-/-CSE-/-CSC-/-Similar-to-CS,Second-Year-or-Equivalent,3.00---3.39,No,3,3,3,3,3,3,3,21,Severe-Anxiety,4,4,4,4,0,0,0,0,4,4,24,Moderate-Stress,1,3,0,3,0,2,2,2,0,13,Moderate-Depression
23-26,Male,IndependentUniversityBangladesh(IUB),Engineering---CS-/-CSE-/-CSC-/-Similar-to-CS,Fourth-Year-or-Equivalent,3.00---3.39,Yes,3,0,3,2,3,3,3,17,Severe-Anxiety,4,2,4,4,2,2,2,2,3,2,27,High-Perceived-Stress,0,1,3,3,3,3,1,1,1,16,Moderately-Severe-Depression
18-22,Male,IndependentUniversityBangladesh(IUB),Engineering---CS-/-CSE-/-CSC-/-Similar-to-CS,First-Year-or-Equivalent,3.40---3.79,No,2,2,2,2,2,2,2,14,Moderate-Anxiety,0,1,2,0,2,2,3,2,2,0,14,Moderate-Stress,2,2,2,2,2,2,2,2,2,18,Moderately-Severe-Depression
23-26,Male,IndependentUniversityBangladesh(IUB),Engineering---CS-/-CSE-/-CSC-/-Similar-to-CS,Third-Year-or-Equivalent,2.50---2.99,No,2,2,2,2,2,2,2,14,Moderate-Anxiety,2,2,2,2,2,2,2,2,2,2,20,Moderate-Stress,1,1,1,1,1,1,1,1,1,9,Mild-Depression
23-26,Male,IndependentUniversityBangladesh(IUB),Engineering---CS-/-CSE-/-CSC-/-Similar-to-CS,Second-Year-or-Equivalent,Below-2.50,No,1,1,1,1,1,1,1,7,Mild-Anxiety,0,1,2,2,1,2,2,2,1,2,15,Moderate-Stress,1,1,1,1,1,1,1,1,1,9,Mild-Depression
18-22,Male,IndependentUniversityBangladesh(IUB),Engineering---CS-/-CSE-/-CSC-/-Similar-to-CS,Second-Year-or-Equivalent,3.40---3.79,Yes,1,1,2,2,2,2,1,11,Moderate-Anxiety,2,2,2,3,1,2,1,1,3,3,20,Moderate-Stress,1,1,2,1,0,1,0,1,0,7,Mild-Depression
18-22,Female,IndependentUniversityBangladesh(IUB),Engineering---CS-/-CSE-/-CSC-/-Similar-to-CS,Third-Year-or-Equivalent,2.50---2.99,No,3,3,2,3,3,2,3,19,Severe-Anxiety,2,2,4,3,2,4,1,0,3,3,24,Moderate-Stress,2,3,2,3,1,3,2,2,3,21,Severe-Depression
18-22,Female,IndependentUniversityBangladesh(IUB),Engineering---CS-/-CSE-/-CSC-/-Similar-to-CS,Third-Year-or-Equivalent,2.50---2.99,No,2,3,3,2,1,1,1,13,Moderate-Anxiety,4,2,4,4,3,3,3,3,4,4,34,High-Perceived-Stress,1,2,2,2,1,3,1,0,2,14,Moderate-Depression
18-22,Male,IndependentUniversityBangladesh(IUB),Engineering---CS-/-CSE-/-CSC-/-Similar-to-CS,Second-Year-or-Equivalent,3.40---3.79,No,3,3,3,3,3,3,3,21,Severe-Anxiety,4,4,4,4,0,4,4,4,4,4,36,High-Perceived-Stress,0,0,0,0,0,0,0,0,0,0,No-Depression
18-22,Male,IndependentUniversityBangladesh(IUB),Engineering---CS-/-CSE-/-CSC-/-Similar-to-CS,Third-Year-or-Equivalent,2.50---2.99,Yes,2,2,2,2,2,2,2,14,Moderate-Anxiety,4,4,4,4,0,3,3,3,4,4,33,High-Perceived-Stress,0,3,2,2,3,3,2,1,2,18,Moderately-Severe-Depression
23-26,Male,IndependentUniversityBangladesh(IUB),Engineering---CS-/-CSE-/-CSC-/-Similar-to-CS,Fourth-Year-or-Equivalent,2.50---2.99,No,2,1,1,1,1,2,2,10,Moderate-Anxiety,3,1,2,2,2,3,2,3,1,2,21,Moderate-Stress,2,2,1,2,2,2,2,1,1,15,Moderately-Severe-Depression
18-22,Female,IndependentUniversityBangladesh(IUB),Engineering---CS-/-CSE-/-CSC-/-Similar-to-CS,Second-Year-or-Equivalent,2.50---2.99,Yes,3,3,3,3,3,3,3,21,Severe-Anxiety,4,4,4,0,0,0,4,3,4,4,27,High-Perceived-Stress,3,3,3,3,3,3,2,1,3,24,Severe-Depression
18-22,Male,IndependentUniversityBangladesh(IUB),Engineering---CS-/-CSE-/-CSC-/-Similar-to-CS,Third-Year-or-Equivalent,2.50---2.99,No,3,3,1,2,3,3,2,17,Severe-Anxiety,4,3,4,3,1,2,3,4,4,4,32,High-Perceived-Stress,3,0,1,3,3,3,2,3,0,18,Moderately-Severe-Depression
18-22,Male,IndependentUniversityBangladesh(IUB),Engineering---CS-/-CSE-/-CSC-/-Similar-to-CS,Second-Year-or-Equivalent,3.80---4.00,Yes,3,3,3,3,3,3,3,21,Severe-Anxiety,4,4,4,4,2,3,2,2,4,4,33,High-Perceived-Stress,3,3,3,3,3,3,3,3,3,27,Severe-Depression
23-26,Male,IndependentUniversityBangladesh(IUB),Engineering---CS-/-CSE-/-CSC-/-Similar-to-CS,Third-Year-or-Equivalent,3.00---3.39,No,3,3,3,3,3,3,3,21,Severe-Anxiety,4,4,4,4,3,4,4,4,3,4,38,High-Perceived-Stress,3,3,3,3,1,3,3,3,0,22,Severe-Depression
18-22,Female,IndependentUniversityBangladesh(IUB),Engineering---CS-/-CSE-/-CSC-/-Similar-to-CS,Third-Year-or-Equivalent,3.00---3.39,No,2,3,1,2,3,3,3,17,Severe-Anxiety,4,4,4,4,3,4,1,4,4,4,36,High-Perceived-Stress,1,3,2,3,2,3,3,3,1,21,Severe-Depression
18-22,Female,IndependentUniversityBangladesh(IUB),Engineering---CS-/-CSE-/-CSC-/-Similar-to-CS,Fourth-Year-or-Equivalent,3.40---3.79,Yes,1,2,1,2,1,1,0,8,Mild-Anxiety,3,2,2,1,0,1,2,1,3,2,17,Moderate-Stress,1,1,0,1,2,1,1,1,1,9,Mild-Depression
18-22,Male,IndependentUniversityBangladesh(IUB),Engineering---CS-/-CSE-/-CSC-/-Similar-to-CS,Second-Year-or-Equivalent,2.50---2.99,No,2,1,0,2,2,2,2,11,Moderate-Anxiety,3,4,2,1,1,2,1,3,3,4,24,Moderate-Stress,0,2,1,2,1,2,0,1,0,9,Mild-Depression
23-26,Male,IndependentUniversityBangladesh(IUB),Engineering---CS-/-CSE-/-CSC-/-Similar-to-CS,Fourth-Year-or-Equivalent,3.40---3.79,No,2,2,2,2,2,2,2,14,Moderate-Anxiety,3,2,4,4,2,2,2,2,2,2,25,Moderate-Stress,2,2,2,2,2,2,2,2,2,18,Moderately-Severe-Depression
18-22,Female,IndependentUniversityBangladesh(IUB),Engineering---CS-/-CSE-/-CSC-/-Similar-to-CS,Second-Year-or-Equivalent,3.80---4.00,Yes,2,2,2,2,2,1,1,12,Moderate-Anxiety,3,3,4,3,1,1,2,1,2,2,22,Moderate-Stress,3,3,3,3,3,3,3,3,3,27,Severe-Depression
18-22,Male,IndependentUniversityBangladesh(IUB),Engineering---CS-/-CSE-/-CSC-/-Similar-to-CS,Third-Year-or-Equivalent,Other,No,2,1,2,2,2,3,3,15,Severe-Anxiety,3,3,3,3,1,1,1,2,3,3,23,Moderate-Stress,1,3,2,3,0,3,1,0,0,13,Moderate-Depression
18-22,Female,IndependentUniversityBangladesh(IUB),Engineering---CS-/-CSE-/-CSC-/-Similar-to-CS,Second-Year-or-Equivalent,3.00---3.39,Yes,2,2,1,2,3,2,3,15,Severe-Anxiety,2,2,2,3,1,3,1,3,2,3,22,Moderate-Stress,3,3,3,3,3,2,3,1,2,23,Severe-Depression
18-22,Female,IndependentUniversityBangladesh(IUB),Engineering---CS-/-CSE-/-CSC-/-Similar-to-CS,Second-Year-or-Equivalent,2.50---2.99,No,3,3,2,2,3,1,3,17,Severe-Anxiety,3,3,4,4,2,1,1,3,4,4,29,High-Perceived-Stress,1,3,1,2,3,3,3,2,1,19,Moderately-Severe-Depression
18-22,Male,IndependentUniversityBangladesh(IUB),Engineering---CS-/-CSE-/-CSC-/-Similar-to-CS,Second-Year-or-Equivalent,2.50---2.99,No,3,3,3,3,3,3,3,21,Severe-Anxiety,4,4,4,0,0,1,4,3,4,4,28,High-Perceived-Stress,3,3,0,3,2,3,2,2,3,21,Severe-Depression
18-22,Female,IndependentUniversityBangladesh(IUB),Engineering---EEE/-ECE-/-Similar-to-EEE,Second-Year-or-Equivalent,2.50---2.99,No,2,2,3,2,2,2,2,15,Severe-Anxiety,2,2,2,2,2,2,2,2,2,2,20,Moderate-Stress,2,2,2,2,2,2,2,2,2,18,Moderately-Severe-Depression
18-22,Male,IndependentUniversityBangladesh(IUB),Engineering---CS-/-CSE-/-CSC-/-Similar-to-CS,Second-Year-or-Equivalent,3.00---3.39,No,2,1,2,2,2,1,2,12,Moderate-Anxiety,2,2,4,2,2,4,2,2,2,2,24,Moderate-Stress,2,3,1,2,1,1,1,2,2,15,Moderately-Severe-Depression
18-22,Male,IndependentUniversityBangladesh(IUB),Engineering---CS-/-CSE-/-CSC-/-Similar-to-CS,Third-Year-or-Equivalent,2.50---2.99,No,2,2,2,1,2,1,3,13,Moderate-Anxiety,3,4,3,2,2,2,2,1,3,3,25,Moderate-Stress,2,3,1,2,2,2,1,1,3,17,Moderately-Severe-Depression
18-22,Male,IndependentUniversityBangladesh(IUB),Engineering---CS-/-CSE-/-CSC-/-Similar-to-CS,Other,2.50---2.99,No,2,0,0,0,0,1,1,4,Minimal-Anxiety,2,2,2,2,2,2,2,2,2,2,20,Moderate-Stress,1,3,0,3,1,1,0,3,3,15,Moderately-Severe-Depression
23-26,Female,IndependentUniversityBangladesh(IUB),Engineering---CS-/-CSE-/-CSC-/-Similar-to-CS,Third-Year-or-Equivalent,2.50---2.99,No,3,3,3,3,2,2,1,17,Severe-Anxiety,4,4,3,4,4,4,3,4,4,4,38,High-Perceived-Stress,3,3,3,3,3,3,3,1,0,22,Severe-Depression
18-22,Female,IndependentUniversityBangladesh(IUB),Engineering---CS-/-CSE-/-CSC-/-Similar-to-CS,Second-Year-or-Equivalent,3.00---3.39,Yes,3,2,2,3,3,2,3,18,Severe-Anxiety,4,3,4,4,4,3,4,4,4,4,38,High-Perceived-Stress,1,3,2,2,1,3,2,1,1,16,Moderately-Severe-Depression
18-22,Male,IndependentUniversityBangladesh(IUB),Engineering---CS-/-CSE-/-CSC-/-Similar-to-CS,Third-Year-or-Equivalent,2.50---2.99,No,3,1,2,3,3,3,3,18,Severe-Anxiety,3,3,4,4,2,2,1,2,4,4,29,High-Perceived-Stress,3,3,3,3,0,3,3,2,3,23,Severe-Depression
23-26,Female,IndependentUniversityBangladesh(IUB),Engineering---CS-/-CSE-/-CSC-/-Similar-to-CS,Fourth-Year-or-Equivalent,2.50---2.99,Yes,3,0,3,2,3,1,3,15,Severe-Anxiety,2,3,3,4,2,0,1,1,4,4,24,Moderate-Stress,1,3,3,3,0,3,3,2,3,21,Severe-Depression
18-22,Male,IndependentUniversityBangladesh(IUB),Engineering---CS-/-CSE-/-CSC-/-Similar-to-CS,Fourth-Year-or-Equivalent,3.00---3.39,No,1,1,1,1,1,1,1,7,Mild-Anxiety,2,2,2,2,1,1,1,0,1,3,15,Moderate-Stress,2,1,1,2,1,1,1,1,1,11,Moderate-Depression
18-22,Male,IndependentUniversityBangladesh(IUB),Engineering---CS-/-CSE-/-CSC-/-Similar-to-CS,Second-Year-or-Equivalent,2.50---2.99,No,3,2,1,2,2,3,1,14,Moderate-Anxiety,3,1,3,1,2,2,1,2,1,1,17,Moderate-Stress,2,3,3,3,1,2,2,2,3,21,Severe-Depression
18-22,Male,IndependentUniversityBangladesh(IUB),Engineering---CS-/-CSE-/-CSC-/-Similar-to-CS,Third-Year-or-Equivalent,3.40---3.79,Yes,1,1,3,3,3,3,2,16,Severe-Anxiety,2,2,2,2,3,3,2,2,2,2,22,Moderate-Stress,1,3,2,3,3,3,3,3,3,24,Severe-Depression
18-22,Male,IndependentUniversityBangladesh(IUB),Engineering---CS-/-CSE-/-CSC-/-Similar-to-CS,Fourth-Year-or-Equivalent,2.50---2.99,No,2,2,2,1,2,3,2,14,Moderate-Anxiety,3,2,3,0,2,1,1,2,2,3,19,Moderate-Stress,3,1,1,0,3,1,3,2,0,14,Moderate-Depression
23-26,Male,IndependentUniversityBangladesh(IUB),Engineering---CS-/-CSE-/-CSC-/-Similar-to-CS,First-Year-or-Equivalent,2.50---2.99,Yes,0,0,0,0,0,0,0,0,Minimal-Anxiety,0,0,0,0,4,4,4,4,0,0,16,Moderate-Stress,0,0,0,0,0,0,0,0,0,0,No-Depression
23-26,Male,IndependentUniversityBangladesh(IUB),Environmental-and-Life-Sciences,First-Year-or-Equivalent,Other,Yes,3,2,2,2,2,2,2,15,Severe-Anxiety,3,3,3,3,2,2,1,2,3,3,25,Moderate-Stress,2,2,2,2,2,2,2,2,1,17,Moderately-Severe-Depression
18-22,Male,IndependentUniversityBangladesh(IUB),Business-and-Entrepreneurship-Studies,Second-Year-or-Equivalent,3.80---4.00,Yes,3,3,3,3,3,3,3,21,Severe-Anxiety,4,4,4,4,2,2,2,1,3,4,30,High-Perceived-Stress,2,3,3,3,3,3,2,2,3,24,Severe-Depression
18-22,Female,IndependentUniversityBangladesh(IUB),Engineering---CS-/-CSE-/-CSC-/-Similar-to-CS,Second-Year-or-Equivalent,3.80---4.00,Yes,3,3,3,3,3,3,3,21,Severe-Anxiety,4,3,4,3,3,4,4,1,3,4,33,High-Perceived-Stress,2,3,3,3,3,3,3,3,3,26,Severe-Depression
18-22,Male,IndependentUniversityBangladesh(IUB),Engineering---CS-/-CSE-/-CSC-/-Similar-to-CS,Second-Year-or-Equivalent,2.50---2.99,No,1,1,3,3,3,1,3,15,Severe-Anxiety,2,2,4,2,1,1,1,1,3,2,19,Moderate-Stress,2,1,1,2,3,3,2,3,3,20,Severe-Depression
18-22,Female,IndependentUniversityBangladesh(IUB),Business-and-Entrepreneurship-Studies,Second-Year-or-Equivalent,3.00---3.39,No,3,0,3,3,3,3,3,18,Severe-Anxiety,4,4,4,4,2,3,3,4,4,4,36,High-Perceived-Stress,2,3,3,3,2,3,2,3,0,21,Severe-Depression
23-26,Male,IndependentUniversityBangladesh(IUB),Engineering---CS-/-CSE-/-CSC-/-Similar-to-CS,Third-Year-or-Equivalent,2.50---2.99,Yes,1,1,1,1,1,1,1,7,Mild-Anxiety,3,2,3,2,2,3,2,2,1,1,21,Moderate-Stress,0,0,1,1,1,0,1,1,1,6,Mild-Depression
18-22,Male,DaffodilUniversity,Other,First-Year-or-Equivalent,3.00---3.39,No,2,3,3,2,2,2,3,17,Severe-Anxiety,2,2,1,1,3,2,0,0,2,1,14,Moderate-Stress,3,2,2,2,2,2,2,2,2,19,Moderately-Severe-Depression
18-22,Female,IndependentUniversityBangladesh(IUB),Engineering---CS-/-CSE-/-CSC-/-Similar-to-CS,Third-Year-or-Equivalent,Below-2.50,No,3,3,2,3,3,3,3,20,Severe-Anxiety,4,4,3,4,2,2,4,2,4,4,33,High-Perceived-Stress,2,3,3,2,1,1,3,3,2,20,Severe-Depression
23-26,Male,IndependentUniversityBangladesh(IUB),Engineering---CS-/-CSE-/-CSC-/-Similar-to-CS,Third-Year-or-Equivalent,2.50---2.99,No,3,3,3,3,3,3,1,19,Severe-Anxiety,2,2,4,2,2,2,2,3,4,1,24,Moderate-Stress,1,2,1,2,2,2,2,2,2,16,Moderately-Severe-Depression
18-22,Male,IndependentUniversityBangladesh(IUB),Engineering---CS-/-CSE-/-CSC-/-Similar-to-CS,Third-Year-or-Equivalent,3.40---3.79,No,3,3,3,3,3,3,3,21,Severe-Anxiety,3,3,4,4,0,1,2,2,3,3,25,Moderate-Stress,3,2,3,3,2,3,3,3,3,25,Severe-Depression
18-22,Male,BangladeshUniversityofEngineeringandTechnology(BUET),Engineering---CS-/-CSE-/-CSC-/-Similar-to-CS,First-Year-or-Equivalent,3.80---4.00,Yes,0,1,2,1,2,2,2,10,Moderate-Anxiety,0,1,3,4,0,3,1,3,2,3,20,Moderate-Stress,1,1,0,0,0,0,1,1,3,7,Mild-Depression
23-26,Male,IndependentUniversityBangladesh(IUB),Engineering---CS-/-CSE-/-CSC-/-Similar-to-CS,Fourth-Year-or-Equivalent,Below-2.50,No,2,2,2,2,2,2,2,14,Moderate-Anxiety,2,2,2,2,1,2,2,2,2,2,19,Moderate-Stress,2,2,2,2,2,2,2,2,2,18,Moderately-Severe-Depression
23-26,Male,IndependentUniversityBangladesh(IUB),Engineering---CS-/-CSE-/-CSC-/-Similar-to-CS,Fourth-Year-or-Equivalent,2.50---2.99,No,3,3,3,3,3,3,3,21,Severe-Anxiety,2,1,3,4,2,0,0,3,3,4,22,Moderate-Stress,2,3,2,3,2,3,2,2,3,22,Severe-Depression
18-22,Male,IndependentUniversityBangladesh(IUB),Engineering---CS-/-CSE-/-CSC-/-Similar-to-CS,Second-Year-or-Equivalent,2.50---2.99,Yes,2,3,0,2,3,2,3,15,Severe-Anxiety,2,3,2,2,2,2,2,2,4,2,23,Moderate-Stress,0,3,1,3,2,2,0,1,3,15,Moderately-Severe-Depression
23-26,Female,IndependentUniversityBangladesh(IUB),Engineering---CS-/-CSE-/-CSC-/-Similar-to-CS,Third-Year-or-Equivalent,3.00---3.39,Yes,2,2,2,3,3,2,2,16,Severe-Anxiety,4,4,4,3,2,2,3,3,4,3,32,High-Perceived-Stress,2,2,2,2,2,2,2,2,2,18,Moderately-Severe-Depression
23-26,Male,IndependentUniversityBangladesh(IUB),Engineering---CS-/-CSE-/-CSC-/-Similar-to-CS,Fourth-Year-or-Equivalent,2.50---2.99,No,3,0,3,3,3,3,3,18,Severe-Anxiety,4,4,4,4,4,4,4,4,4,4,40,High-Perceived-Stress,3,3,3,3,3,3,3,3,3,27,Severe-Depression
18-22,Female,IndependentUniversityBangladesh(IUB),Engineering---CS-/-CSE-/-CSC-/-Similar-to-CS,Second-Year-or-Equivalent,3.40---3.79,Yes,2,1,1,1,3,2,3,13,Moderate-Anxiety,3,2,3,3,2,3,2,1,1,4,24,Moderate-Stress,3,1,1,3,3,3,3,3,2,22,Severe-Depression
18-22,Male,IndependentUniversityBangladesh(IUB),Engineering---CS-/-CSE-/-CSC-/-Similar-to-CS,Second-Year-or-Equivalent,3.00---3.39,No,3,3,2,1,2,2,2,15,Severe-Anxiety,2,3,4,4,1,2,2,2,2,3,25,Moderate-Stress,1,3,1,3,2,3,2,2,1,18,Moderately-Severe-Depression
23-26,Male,IndependentUniversityBangladesh(IUB),Engineering---CS-/-CSE-/-CSC-/-Similar-to-CS,Fourth-Year-or-Equivalent,2.50---2.99,No,1,2,2,2,2,1,1,11,Moderate-Anxiety,3,3,4,2,2,1,2,3,3,3,26,Moderate-Stress,2,2,2,1,0,2,1,1,0,11,Moderate-Depression
18-22,Female,IndependentUniversityBangladesh(IUB),Business-and-Entrepreneurship-Studies,Third-Year-or-Equivalent,3.00---3.39,Yes,0,0,0,1,0,0,0,1,Minimal-Anxiety,1,1,1,2,3,3,2,4,1,2,20,Moderate-Stress,1,1,2,1,0,1,2,2,0,10,Moderate-Depression
23-26,Male,IndependentUniversityBangladesh(IUB),Business-and-Entrepreneurship-Studies,Fourth-Year-or-Equivalent,2.50---2.99,No,2,2,2,2,2,2,2,14,Moderate-Anxiety,2,2,2,2,3,1,3,3,2,2,22,Moderate-Stress,2,3,2,3,2,3,2,3,2,22,Severe-Depression
18-22,Male,IndependentUniversityBangladesh(IUB),Engineering---CS-/-CSE-/-CSC-/-Similar-to-CS,Third-Year-or-Equivalent,3.00---3.39,No,2,2,3,3,3,3,3,19,Severe-Anxiety,2,2,2,2,2,4,2,3,2,2,23,Moderate-Stress,2,3,3,3,3,3,3,3,0,23,Severe-Depression
23-26,Female,IndependentUniversityBangladesh(IUB),Engineering---CS-/-CSE-/-CSC-/-Similar-to-CS,Third-Year-or-Equivalent,3.00---3.39,No,3,3,3,3,3,3,3,21,Severe-Anxiety,4,4,4,4,0,0,0,0,4,4,24,Moderate-Stress,3,3,3,3,3,3,3,3,3,27,Severe-Depression
23-26,Male,IndependentUniversityBangladesh(IUB),Engineering---CS-/-CSE-/-CSC-/-Similar-to-CS,Third-Year-or-Equivalent,2.50---2.99,No,3,3,3,3,3,3,1,19,Severe-Anxiety,4,4,4,4,2,3,2,2,1,2,28,High-Perceived-Stress,2,3,3,2,2,1,2,1,3,19,Moderately-Severe-Depression
23-26,Male,IndependentUniversityBangladesh(IUB),Engineering---CS-/-CSE-/-CSC-/-Similar-to-CS,Fourth-Year-or-Equivalent,2.50---2.99,No,3,3,3,3,3,2,3,20,Severe-Anxiety,4,4,4,3,3,4,2,4,4,4,36,High-Perceived-Stress,1,2,3,3,2,3,3,2,1,20,Severe-Depression
18-22,Male,IndependentUniversityBangladesh(IUB),Business-and-Entrepreneurship-Studies,Fourth-Year-or-Equivalent,2.50---2.99,No,1,1,1,1,1,1,1,7,Mild-Anxiety,3,2,2,2,2,2,2,2,2,2,21,Moderate-Stress,1,1,1,1,1,1,1,1,1,9,Mild-Depression
23-26,Female,IndependentUniversityBangladesh(IUB),Business-and-Entrepreneurship-Studies,Third-Year-or-Equivalent,3.00---3.39,Yes,1,1,1,1,0,2,2,8,Mild-Anxiety,4,2,1,1,2,4,2,3,2,1,22,Moderate-Stress,1,2,1,2,2,1,2,2,2,15,Moderately-Severe-Depression
18-22,Female,IndependentUniversityBangladesh(IUB),Business-and-Entrepreneurship-Studies,First-Year-or-Equivalent,3.40---3.79,No,2,2,3,2,3,3,3,18,Severe-Anxiety,3,2,2,2,2,2,2,2,1,3,21,Moderate-Stress,3,3,3,3,2,3,3,3,3,26,Severe-Depression
18-22,Male,IndependentUniversityBangladesh(IUB),Business-and-Entrepreneurship-Studies,Third-Year-or-Equivalent,3.00---3.39,No,3,0,1,1,3,3,3,14,Moderate-Anxiety,0,4,4,4,0,0,0,0,4,4,20,Moderate-Stress,3,1,1,3,3,1,1,1,0,14,Moderate-Depression
18-22,Female,IndependentUniversityBangladesh(IUB),Engineering---CS-/-CSE-/-CSC-/-Similar-to-CS,Third-Year-or-Equivalent,3.00---3.39,No,3,2,2,2,2,2,2,15,Severe-Anxiety,4,0,4,4,0,4,3,2,2,2,25,Moderate-Stress,1,3,3,3,3,3,3,3,3,25,Severe-Depression
23-26,Male,IndependentUniversityBangladesh(IUB),Engineering---CS-/-CSE-/-CSC-/-Similar-to-CS,Fourth-Year-or-Equivalent,3.00---3.39,Yes,1,1,1,1,1,1,2,8,Mild-Anxiety,2,2,2,2,3,3,1,3,1,3,22,Moderate-Stress,1,1,2,2,2,2,0,1,0,11,Moderate-Depression
23-26,Male,IndependentUniversityBangladesh(IUB),Engineering---CS-/-CSE-/-CSC-/-Similar-to-CS,Second-Year-or-Equivalent,2.50---2.99,No,0,0,0,0,0,0,0,0,Minimal-Anxiety,0,0,0,0,0,0,0,0,0,0,0,Low-Stress,0,0,0,0,0,0,0,0,0,0,No-Depression
18-22,Female,IndependentUniversityBangladesh(IUB),Engineering---CS-/-CSE-/-CSC-/-Similar-to-CS,Third-Year-or-Equivalent,3.40---3.79,No,3,3,3,3,3,3,3,21,Severe-Anxiety,4,4,4,4,0,4,4,4,4,4,36,High-Perceived-Stress,3,3,3,3,3,3,3,3,3,27,Severe-Depression
18-22,Male,IndependentUniversityBangladesh(IUB),Business-and-Entrepreneurship-Studies,First-Year-or-Equivalent,Other,No,3,2,1,3,3,3,3,18,Severe-Anxiety,1,1,2,2,3,2,2,4,2,2,21,Moderate-Stress,3,3,3,3,2,2,2,3,3,24,Severe-Depression
18-22,Female,IndependentUniversityBangladesh(IUB),Other,First-Year-or-Equivalent,Other,Yes,2,2,1,3,3,3,1,15,Severe-Anxiety,2,3,4,4,2,2,4,1,4,2,28,High-Perceived-Stress,2,3,1,3,1,3,1,1,3,18,Moderately-Severe-Depression
18-22,Male,IndependentUniversityBangladesh(IUB),Business-and-Entrepreneurship-Studies,Third-Year-or-Equivalent,2.50---2.99,No,3,0,0,0,3,3,3,12,Moderate-Anxiety,2,2,2,2,2,2,2,2,2,2,20,Moderate-Stress,0,0,0,0,0,1,1,1,1,4,Minimal-Depression
18-22,Female,IndependentUniversityBangladesh(IUB),Business-and-Entrepreneurship-Studies,Second-Year-or-Equivalent,3.40---3.79,Yes,3,3,3,3,3,3,3,21,Severe-Anxiety,3,4,4,2,0,1,1,1,4,3,23,Moderate-Stress,2,3,3,3,3,3,3,3,3,26,Severe-Depression
23-26,Female,IndependentUniversityBangladesh(IUB),Engineering---CS-/-CSE-/-CSC-/-Similar-to-CS,Fourth-Year-or-Equivalent,2.50---2.99,No,3,1,1,2,3,3,2,15,Severe-Anxiety,3,3,2,3,2,1,1,3,3,4,25,Moderate-Stress,2,3,1,2,0,3,2,1,3,17,Moderately-Severe-Depression
23-26,Male,IndependentUniversityBangladesh(IUB),Engineering---CS-/-CSE-/-CSC-/-Similar-to-CS,Fourth-Year-or-Equivalent,2.50---2.99,No,1,2,1,1,1,1,2,9,Mild-Anxiety,2,3,2,3,1,1,1,1,2,2,18,Moderate-Stress,2,2,2,1,2,2,2,2,0,15,Moderately-Severe-Depression
18-22,Male,IndependentUniversityBangladesh(IUB),Business-and-Entrepreneurship-Studies,Third-Year-or-Equivalent,2.50---2.99,No,1,1,1,1,1,1,1,7,Mild-Anxiety,2,2,2,2,2,2,2,2,2,2,20,Moderate-Stress,1,1,1,1,1,1,1,1,0,8,Mild-Depression
23-26,Male,IndependentUniversityBangladesh(IUB),Engineering---CS-/-CSE-/-CSC-/-Similar-to-CS,Fourth-Year-or-Equivalent,2.50---2.99,No,3,2,3,2,3,2,3,18,Severe-Anxiety,4,4,3,4,2,2,1,2,4,4,30,High-Perceived-Stress,3,3,1,2,1,3,3,3,3,22,Severe-Depression
23-26,Male,IndependentUniversityBangladesh(IUB),Business-and-Entrepreneurship-Studies,Fourth-Year-or-Equivalent,2.50---2.99,No,3,2,3,3,1,1,3,16,Severe-Anxiety,0,0,3,4,2,3,2,3,4,2,23,Moderate-Stress,1,0,1,1,1,1,2,1,0,8,Mild-Depression
23-26,Male,IndependentUniversityBangladesh(IUB),Engineering---CS-/-CSE-/-CSC-/-Similar-to-CS,Third-Year-or-Equivalent,Below-2.50,No,2,2,2,2,2,3,3,16,Severe-Anxiety,3,2,3,2,3,1,1,3,1,1,20,Moderate-Stress,2,2,3,2,3,3,3,3,3,24,Severe-Depression
18-22,Male,IndependentUniversityBangladesh(IUB),Business-and-Entrepreneurship-Studies,Third-Year-or-Equivalent,2.50---2.99,Yes,2,3,3,2,2,3,3,18,Severe-Anxiety,2,2,2,2,2,2,2,2,1,0,17,Moderate-Stress,2,3,3,2,3,2,3,3,3,24,Severe-Depression
18-22,Male,IndependentUniversityBangladesh(IUB),Engineering---CS-/-CSE-/-CSC-/-Similar-to-CS,Third-Year-or-Equivalent,2.50---2.99,No,2,2,2,1,2,1,1,11,Moderate-Anxiety,3,3,2,2,1,1,1,2,3,3,21,Moderate-Stress,2,1,2,1,2,2,1,2,1,14,Moderate-Depression
23-26,Female,IndependentUniversityBangladesh(IUB),Pharmacy-and-Public-Health,Fourth-Year-or-Equivalent,3.40---3.79,Yes,2,1,2,2,1,1,2,11,Moderate-Anxiety,2,2,1,1,2,2,2,1,1,2,16,Moderate-Stress,2,2,1,1,1,2,1,2,2,14,Moderate-Depression
18-22,Male,IndependentUniversityBangladesh(IUB),Business-and-Entrepreneurship-Studies,Second-Year-or-Equivalent,3.00---3.39,No,1,2,2,2,1,3,2,13,Moderate-Anxiety,3,3,2,2,3,3,1,3,3,2,25,Moderate-Stress,2,2,3,1,0,3,1,2,3,17,Moderately-Severe-Depression
23-26,Male,IndependentUniversityBangladesh(IUB),Business-and-Entrepreneurship-Studies,Second-Year-or-Equivalent,3.00---3.39,Yes,0,1,0,1,0,0,0,2,Minimal-Anxiety,2,0,2,1,0,2,2,2,2,1,14,Moderate-Stress,1,0,0,0,0,0,0,0,0,1,Minimal-Depression
23-26,Female,IndependentUniversityBangladesh(IUB),Business-and-Entrepreneurship-Studies,Second-Year-or-Equivalent,2.50---2.99,Yes,3,3,3,3,3,3,3,21,Severe-Anxiety,4,3,4,1,3,2,3,2,4,3,29,High-Perceived-Stress,0,3,2,3,3,3,3,3,3,23,Severe-Depression
18-22,Female,IndependentUniversityBangladesh(IUB),Business-and-Entrepreneurship-Studies,Second-Year-or-Equivalent,3.80---4.00,Yes,2,3,2,2,2,2,1,14,Moderate-Anxiety,3,2,4,4,2,0,1,2,3,3,24,Moderate-Stress,1,1,3,2,0,0,1,2,0,10,Moderate-Depression
23-26,Female,IndependentUniversityBangladesh(IUB),Engineering---CS-/-CSE-/-CSC-/-Similar-to-CS,Third-Year-or-Equivalent,2.50---2.99,No,3,2,3,2,3,3,3,19,Severe-Anxiety,2,4,4,4,0,1,1,1,3,2,22,Moderate-Stress,3,3,1,2,1,3,1,3,1,18,Moderately-Severe-Depression
23-26,Male,IndependentUniversityBangladesh(IUB),Business-and-Entrepreneurship-Studies,Third-Year-or-Equivalent,3.00---3.39,Yes,1,1,2,1,2,2,2,11,Moderate-Anxiety,2,2,2,2,2,2,2,1,2,1,18,Moderate-Stress,2,1,1,2,2,2,2,2,2,16,Moderately-Severe-Depression
18-22,Female,IndependentUniversityBangladesh(IUB),Business-and-Entrepreneurship-Studies,Second-Year-or-Equivalent,3.80---4.00,Yes,1,1,1,1,2,2,1,9,Mild-Anxiety,4,3,2,2,1,1,1,0,2,1,17,Moderate-Stress,1,2,1,1,2,2,1,2,2,14,Moderate-Depression
18-22,Female,IndependentUniversityBangladesh(IUB),Engineering---CS-/-CSE-/-CSC-/-Similar-to-CS,Third-Year-or-Equivalent,3.40---3.79,Yes,2,3,2,2,3,3,3,18,Severe-Anxiety,4,3,3,4,1,0,2,2,4,4,27,High-Perceived-Stress,3,3,2,2,1,2,1,2,0,16,Moderately-Severe-Depression
18-22,Male,IndependentUniversityBangladesh(IUB),Business-and-Entrepreneurship-Studies,Second-Year-or-Equivalent,2.50---2.99,No,1,3,2,2,2,2,1,13,Moderate-Anxiety,1,1,2,3,1,1,2,3,4,3,21,Moderate-Stress,1,1,2,1,1,1,1,1,0,9,Mild-Depression
18-22,Male,IndependentUniversityBangladesh(IUB),Engineering---CS-/-CSE-/-CSC-/-Similar-to-CS,Third-Year-or-Equivalent,2.50---2.99,No,3,3,3,3,3,3,2,20,Severe-Anxiety,4,4,4,4,2,2,1,4,3,4,32,High-Perceived-Stress,1,3,3,2,1,3,2,2,3,20,Severe-Depression
23-26,Male,IndependentUniversityBangladesh(IUB),Engineering---CS-/-CSE-/-CSC-/-Similar-to-CS,Fourth-Year-or-Equivalent,3.00---3.39,Yes,3,2,2,2,2,2,3,16,Severe-Anxiety,3,3,2,2,2,2,1,1,4,3,23,Moderate-Stress,2,2,2,2,2,2,2,2,2,18,Moderately-Severe-Depression
18-22,Male,IndependentUniversityBangladesh(IUB),Business-and-Entrepreneurship-Studies,Second-Year-or-Equivalent,2.50---2.99,No,1,0,2,1,0,0,1,5,Mild-Anxiety,0,0,1,0,3,2,3,2,1,2,14,Moderate-Stress,0,0,0,0,1,0,1,1,1,4,Minimal-Depression
23-26,Male,IndependentUniversityBangladesh(IUB),Engineering---CS-/-CSE-/-CSC-/-Similar-to-CS,Fourth-Year-or-Equivalent,2.50---2.99,No,3,3,0,2,2,3,3,16,Severe-Anxiety,2,4,4,4,2,3,2,3,3,4,31,High-Perceived-Stress,1,3,3,3,3,3,3,3,3,25,Severe-Depression
23-26,Male,IndependentUniversityBangladesh(IUB),Engineering---CS-/-CSE-/-CSC-/-Similar-to-CS,Third-Year-or-Equivalent,3.00---3.39,No,1,1,1,1,1,1,1,7,Mild-Anxiety,2,2,2,1,2,2,3,1,2,2,19,Moderate-Stress,1,1,1,1,1,1,1,1,0,8,Mild-Depression
23-26,Male,IndependentUniversityBangladesh(IUB),Engineering---CS-/-CSE-/-CSC-/-Similar-to-CS,Fourth-Year-or-Equivalent,2.50---2.99,No,3,0,3,3,3,3,3,18,Severe-Anxiety,4,4,4,4,0,2,1,2,4,3,28,High-Perceived-Stress,3,3,3,3,0,3,3,3,3,24,Severe-Depression
18-22,Male,IndependentUniversityBangladesh(IUB),Engineering---CS-/-CSE-/-CSC-/-Similar-to-CS,Third-Year-or-Equivalent,3.00---3.39,No,1,1,1,0,1,2,2,8,Mild-Anxiety,1,1,2,1,3,2,3,3,1,0,17,Moderate-Stress,0,1,2,1,0,1,2,2,2,11,Moderate-Depression
18-22,Female,IndependentUniversityBangladesh(IUB),Engineering---CS-/-CSE-/-CSC-/-Similar-to-CS,Third-Year-or-Equivalent,3.00---3.39,No,3,0,3,3,3,3,3,18,Severe-Anxiety,4,4,4,4,4,4,4,4,4,4,40,High-Perceived-Stress,0,3,3,3,2,3,1,1,3,19,Moderately-Severe-Depression
18-22,Female,IndependentUniversityBangladesh(IUB),Business-and-Entrepreneurship-Studies,Other,Other,No,3,3,3,3,2,1,3,18,Severe-Anxiety,3,2,2,3,1,2,2,4,2,4,25,Moderate-Stress,1,3,1,3,1,3,1,2,1,16,Moderately-Severe-Depression
23-26,Male,IndependentUniversityBangladesh(IUB),Engineering---CS-/-CSE-/-CSC-/-Similar-to-CS,Third-Year-or-Equivalent,2.50---2.99,No,3,3,3,3,3,3,3,21,Severe-Anxiety,4,4,4,4,2,3,2,3,4,4,34,High-Perceived-Stress,0,3,3,3,3,3,1,3,1,20,Severe-Depression
27-30,Male,IndependentUniversityBangladesh(IUB),Engineering---CS-/-CSE-/-CSC-/-Similar-to-CS,Fourth-Year-or-Equivalent,2.50---2.99,No,3,3,3,3,3,2,3,20,Severe-Anxiety,4,3,3,4,2,3,2,2,4,4,31,High-Perceived-Stress,1,3,2,3,2,3,3,2,3,22,Severe-Depression
18-22,Male,IndependentUniversityBangladesh(IUB),Business-and-Entrepreneurship-Studies,Second-Year-or-Equivalent,2.50---2.99,No,0,1,1,1,1,1,1,6,Mild-Anxiety,2,1,1,2,1,1,1,2,2,1,14,Moderate-Stress,1,1,1,1,0,0,1,0,0,5,Mild-Depression
18-22,Male,BRACUniversity,Engineering---CS-/-CSE-/-CSC-/-Similar-to-CS,First-Year-or-Equivalent,Below-2.50,No,3,2,1,3,3,3,3,18,Severe-Anxiety,4,4,4,4,3,4,0,4,4,4,35,High-Perceived-Stress,1,1,1,1,0,3,3,1,3,14,Moderate-Depression
18-22,Male,IndependentUniversityBangladesh(IUB),Engineering---CS-/-CSE-/-CSC-/-Similar-to-CS,First-Year-or-Equivalent,2.50---2.99,Yes,2,2,2,2,2,2,2,14,Moderate-Anxiety,2,2,2,2,2,2,2,2,2,2,20,Moderate-Stress,2,2,2,2,2,2,2,2,2,18,Moderately-Severe-Depression
18-22,Female,IndependentUniversityBangladesh(IUB),Engineering---CS-/-CSE-/-CSC-/-Similar-to-CS,First-Year-or-Equivalent,Below-2.50,No,1,1,1,1,1,1,1,7,Mild-Anxiety,1,1,1,1,3,3,3,3,1,1,18,Moderate-Stress,1,1,1,1,1,1,1,1,1,9,Mild-Depression
18-22,Female,IndependentUniversityBangladesh(IUB),Engineering---CS-/-CSE-/-CSC-/-Similar-to-CS,Second-Year-or-Equivalent,3.80---4.00,Yes,3,3,3,3,3,3,3,21,Severe-Anxiety,4,4,4,3,4,4,2,4,4,4,37,High-Perceived-Stress,3,3,3,3,3,3,3,3,3,27,Severe-Depression
18-22,Female,IndependentUniversityBangladesh(IUB),Engineering---CS-/-CSE-/-CSC-/-Similar-to-CS,First-Year-or-Equivalent,3.40---3.79,Yes,1,1,1,1,1,1,1,7,Mild-Anxiety,1,2,1,2,1,2,2,0,2,2,15,Moderate-Stress,1,1,0,1,1,0,0,0,0,4,Minimal-Depression
18-22,Male,IndependentUniversityBangladesh(IUB),Engineering---CS-/-CSE-/-CSC-/-Similar-to-CS,First-Year-or-Equivalent,3.00---3.39,Yes,2,2,2,2,2,2,3,15,Severe-Anxiety,2,4,3,2,1,2,2,1,2,3,22,Moderate-Stress,2,2,3,2,0,2,2,2,0,15,Moderately-Severe-Depression
18-22,Male,IndependentUniversityBangladesh(IUB),Engineering---CS-/-CSE-/-CSC-/-Similar-to-CS,Second-Year-or-Equivalent,3.40---3.79,Yes,3,3,3,3,3,3,3,21,Severe-Anxiety,4,4,4,4,3,4,3,4,4,4,38,High-Perceived-Stress,1,3,3,3,3,3,3,3,3,25,Severe-Depression
23-26,Male,IndependentUniversityBangladesh(IUB),Engineering---CS-/-CSE-/-CSC-/-Similar-to-CS,Third-Year-or-Equivalent,2.50---2.99,No,2,2,3,2,3,3,3,18,Severe-Anxiety,3,1,3,3,3,4,2,3,1,1,24,Moderate-Stress,0,3,3,3,2,3,2,3,3,22,Severe-Depression
23-26,Male,IndependentUniversityBangladesh(IUB),Engineering---CS-/-CSE-/-CSC-/-Similar-to-CS,Third-Year-or-Equivalent,3.40---3.79,Yes,3,0,3,0,0,3,3,12,Moderate-Anxiety,4,2,2,2,0,3,2,2,0,0,17,Moderate-Stress,1,3,1,2,2,2,2,3,0,16,Moderately-Severe-Depression
18-22,Female,IndependentUniversityBangladesh(IUB),Engineering---CS-/-CSE-/-CSC-/-Similar-to-CS,First-Year-or-Equivalent,3.40---3.79,No,2,1,3,3,3,2,1,15,Severe-Anxiety,3,2,3,2,2,2,2,2,1,2,21,Moderate-Stress,2,2,2,2,2,2,2,2,1,17,Moderately-Severe-Depression
18-22,Female,IndependentUniversityBangladesh(IUB),Engineering---CS-/-CSE-/-CSC-/-Similar-to-CS,First-Year-or-Equivalent,3.40---3.79,Yes,1,1,1,1,2,2,1,9,Mild-Anxiety,2,2,3,3,1,2,1,2,4,2,22,Moderate-Stress,2,1,2,1,1,2,2,1,2,14,Moderate-Depression
18-22,Male,IndependentUniversityBangladesh(IUB),Engineering---CS-/-CSE-/-CSC-/-Similar-to-CS,Third-Year-or-Equivalent,3.80---4.00,Yes,1,1,3,1,1,1,3,11,Moderate-Anxiety,4,4,3,4,2,2,2,3,3,4,31,High-Perceived-Stress,3,3,2,3,0,3,2,2,1,19,Moderately-Severe-Depression
18-22,Female,IndependentUniversityBangladesh(IUB),Engineering---CS-/-CSE-/-CSC-/-Similar-to-CS,Third-Year-or-Equivalent,3.00---3.39,No,3,3,3,3,3,3,3,21,Severe-Anxiety,4,3,4,4,2,0,2,2,4,4,29,High-Perceived-Stress,2,3,3,3,3,3,3,3,3,26,Severe-Depression
23-26,Male,DhakaUniversity(DU),Business-and-Entrepreneurship-Studies,Fourth-Year-or-Equivalent,3.00---3.39,No,2,3,2,2,3,2,2,16,Severe-Anxiety,3,4,4,3,4,3,3,4,3,4,35,High-Perceived-Stress,1,2,2,1,2,3,1,0,2,14,Moderate-Depression
23-26,Male,DhakaUniversity(DU),Other,Fourth-Year-or-Equivalent,3.00---3.39,Yes,1,2,2,3,3,2,3,16,Severe-Anxiety,1,2,3,3,3,4,3,4,3,2,28,High-Perceived-Stress,3,3,3,2,1,3,2,2,3,22,Severe-Depression
18-22,Male,IndependentUniversityBangladesh(IUB),Engineering---CS-/-CSE-/-CSC-/-Similar-to-CS,Second-Year-or-Equivalent,2.50---2.99,No,2,1,3,2,2,3,2,15,Severe-Anxiety,3,4,4,2,2,3,2,3,1,3,27,High-Perceived-Stress,2,3,2,3,1,2,3,2,0,18,Moderately-Severe-Depression
23-26,Female,DhakaUniversity(DU),Other,Fourth-Year-or-Equivalent,3.40---3.79,No,1,1,1,1,1,1,1,7,Mild-Anxiety,2,2,2,1,1,1,1,0,2,2,14,Moderate-Stress,1,1,0,1,0,1,1,0,0,5,Mild-Depression
18-22,Female,IndependentUniversityBangladesh(IUB),Business-and-Entrepreneurship-Studies,Second-Year-or-Equivalent,3.40---3.79,Yes,1,3,3,2,3,2,3,17,Severe-Anxiety,2,1,4,3,2,1,2,2,3,3,23,Moderate-Stress,3,2,3,3,3,1,3,1,0,19,Moderately-Severe-Depression
18-22,Female,IndependentUniversityBangladesh(IUB),Engineering---CS-/-CSE-/-CSC-/-Similar-to-CS,Second-Year-or-Equivalent,2.50---2.99,No,2,2,2,2,2,1,1,12,Moderate-Anxiety,4,3,4,3,3,4,1,3,2,2,29,High-Perceived-Stress,1,1,1,1,2,2,1,3,0,12,Moderate-Depression
23-26,Male,DhakaUniversity(DU),Other,Fourth-Year-or-Equivalent,2.50---2.99,No,1,1,1,1,1,1,1,7,Mild-Anxiety,2,4,2,2,2,2,2,4,2,2,24,Moderate-Stress,0,0,0,0,0,0,0,0,0,0,No-Depression
23-26,Female,DhakaUniversity(DU),Business-and-Entrepreneurship-Studies,Fourth-Year-or-Equivalent,3.00---3.39,No,2,3,2,2,3,2,1,15,Severe-Anxiety,4,4,4,4,1,3,2,4,3,4,33,High-Perceived-Stress,2,3,2,3,3,3,3,2,0,21,Severe-Depression
18-22,Female,DhakaUniversity(DU),Other,Fourth-Year-or-Equivalent,3.00---3.39,Yes,1,2,3,3,3,3,3,18,Severe-Anxiety,4,3,4,2,2,2,2,3,2,2,26,Moderate-Stress,2,3,3,3,2,3,2,3,1,22,Severe-Depression
23-26,Male,IndependentUniversityBangladesh(IUB),Engineering---CS-/-CSE-/-CSC-/-Similar-to-CS,Fourth-Year-or-Equivalent,2.50---2.99,No,3,3,3,3,3,3,0,18,Severe-Anxiety,4,4,4,4,3,4,3,4,4,4,38,High-Perceived-Stress,3,3,3,3,3,1,3,3,0,22,Severe-Depression
23-26,Female,IndependentUniversityBangladesh(IUB),Engineering---CS-/-CSE-/-CSC-/-Similar-to-CS,Third-Year-or-Equivalent,3.00---3.39,No,3,2,3,3,3,3,3,20,Severe-Anxiety,4,4,4,4,3,3,3,3,4,4,36,High-Perceived-Stress,3,3,2,3,1,3,3,3,2,23,Severe-Depression
18-22,Male,IndependentUniversityBangladesh(IUB),Engineering---CS-/-CSE-/-CSC-/-Similar-to-CS,Third-Year-or-Equivalent,3.00---3.39,No,3,2,0,3,3,3,3,17,Severe-Anxiety,4,4,4,4,4,4,4,3,3,4,38,High-Perceived-Stress,2,3,3,3,3,3,3,3,2,25,Severe-Depression
18-22,Male,IndependentUniversityBangladesh(IUB),Engineering---CS-/-CSE-/-CSC-/-Similar-to-CS,First-Year-or-Equivalent,3.40---3.79,No,1,1,1,2,2,0,0,7,Mild-Anxiety,2,3,3,3,1,1,2,2,3,3,23,Moderate-Stress,0,1,0,2,0,0,0,0,0,3,Minimal-Depression
23-26,Male,IndependentUniversityBangladesh(IUB),Engineering---CS-/-CSE-/-CSC-/-Similar-to-CS,Fourth-Year-or-Equivalent,3.40---3.79,Yes,1,2,2,2,1,1,2,11,Moderate-Anxiety,2,2,2,2,2,2,2,2,2,2,20,Moderate-Stress,1,2,1,1,1,2,2,1,1,12,Moderate-Depression
18-22,Male,IndependentUniversityBangladesh(IUB),Engineering---CS-/-CSE-/-CSC-/-Similar-to-CS,Second-Year-or-Equivalent,3.80---4.00,Yes,2,1,3,3,2,3,3,17,Severe-Anxiety,2,2,3,4,2,2,0,1,3,4,23,Moderate-Stress,2,3,3,3,3,0,0,1,0,15,Moderately-Severe-Depression
18-22,Male,IndependentUniversityBangladesh(IUB),Engineering---CS-/-CSE-/-CSC-/-Similar-to-CS,Third-Year-or-Equivalent,3.40---3.79,Yes,3,3,3,3,3,3,3,21,Severe-Anxiety,4,4,4,4,4,4,4,4,2,4,38,High-Perceived-Stress,3,3,3,3,0,3,3,3,3,24,Severe-Depression
18-22,Male,IndependentUniversityBangladesh(IUB),Business-and-Entrepreneurship-Studies,Second-Year-or-Equivalent,2.50---2.99,No,2,2,3,2,3,3,3,18,Severe-Anxiety,3,3,3,3,1,3,2,3,2,4,27,High-Perceived-Stress,2,2,2,3,2,2,2,2,0,17,Moderately-Severe-Depression
18-22,Male,IndependentUniversityBangladesh(IUB),Engineering---CS-/-CSE-/-CSC-/-Similar-to-CS,Third-Year-or-Equivalent,2.50---2.99,No,2,2,2,2,2,1,3,14,Moderate-Anxiety,4,1,4,3,2,2,1,3,4,3,27,High-Perceived-Stress,1,3,2,2,3,3,2,1,3,20,Severe-Depression
18-22,Female,DhakaUniversity(DU),Other,Fourth-Year-or-Equivalent,3.00---3.39,No,2,2,3,0,2,1,0,10,Moderate-Anxiety,4,4,4,4,0,0,0,2,1,4,23,Moderate-Stress,3,3,2,2,1,0,1,0,2,14,Moderate-Depression
23-26,Male,IndependentUniversityBangladesh(IUB),Engineering---CS-/-CSE-/-CSC-/-Similar-to-CS,Third-Year-or-Equivalent,3.40---3.79,No,1,2,1,1,1,1,1,8,Mild-Anxiety,3,0,0,3,0,0,0,0,1,3,10,Low-Stress,1,1,0,0,0,0,1,1,0,4,Minimal-Depression
23-26,Male,IndependentUniversityBangladesh(IUB),Engineering---CS-/-CSE-/-CSC-/-Similar-to-CS,Fourth-Year-or-Equivalent,3.00---3.39,No,1,1,1,0,0,3,1,7,Mild-Anxiety,3,2,2,2,1,2,2,2,2,2,20,Moderate-Stress,1,1,1,3,0,1,1,0,1,9,Mild-Depression
18-22,Male,IndependentUniversityBangladesh(IUB),Engineering---CS-/-CSE-/-CSC-/-Similar-to-CS,Second-Year-or-Equivalent,3.40---3.79,No,1,3,2,2,2,2,3,15,Severe-Anxiety,2,2,2,2,2,2,2,2,2,2,20,Moderate-Stress,1,2,2,2,1,3,2,2,0,15,Moderately-Severe-Depression
23-26,Male,IndependentUniversityBangladesh(IUB),Engineering---CS-/-CSE-/-CSC-/-Similar-to-CS,Third-Year-or-Equivalent,2.50---2.99,No,3,3,3,3,3,0,1,16,Severe-Anxiety,4,3,4,4,2,4,3,4,4,4,36,High-Perceived-Stress,3,3,3,3,3,3,3,3,1,25,Severe-Depression
18-22,Male,IndependentUniversityBangladesh(IUB),Engineering---CS-/-CSE-/-CSC-/-Similar-to-CS,First-Year-or-Equivalent,Other,No,2,2,2,2,2,2,2,14,Moderate-Anxiety,2,2,2,2,2,2,2,2,2,2,20,Moderate-Stress,2,2,2,2,2,2,2,2,2,18,Moderately-Severe-Depression
23-26,Male,IndependentUniversityBangladesh(IUB),Engineering---CS-/-CSE-/-CSC-/-Similar-to-CS,Fourth-Year-or-Equivalent,2.50---2.99,No,1,2,3,2,1,1,1,11,Moderate-Anxiety,2,3,1,1,2,2,2,2,2,4,21,Moderate-Stress,3,3,0,3,0,3,1,1,0,14,Moderate-Depression
18-22,Female,IndependentUniversityBangladesh(IUB),Engineering---CS-/-CSE-/-CSC-/-Similar-to-CS,First-Year-or-Equivalent,3.00---3.39,Yes,3,0,0,3,3,2,3,14,Moderate-Anxiety,4,4,4,4,3,4,4,3,4,3,37,High-Perceived-Stress,0,3,3,3,3,3,3,2,3,23,Severe-Depression
18-22,Female,IndependentUniversityBangladesh(IUB),Engineering---CS-/-CSE-/-CSC-/-Similar-to-CS,Second-Year-or-Equivalent,3.40---3.79,Yes,3,0,3,3,3,3,3,18,Severe-Anxiety,4,4,4,3,1,2,2,1,4,4,29,High-Perceived-Stress,2,3,3,3,3,3,3,3,3,26,Severe-Depression
18-22,Male,IndependentUniversityBangladesh(IUB),Engineering---CS-/-CSE-/-CSC-/-Similar-to-CS,Third-Year-or-Equivalent,3.80---4.00,Yes,3,0,3,3,3,3,3,18,Severe-Anxiety,3,3,3,3,3,3,3,3,3,3,30,High-Perceived-Stress,3,3,3,3,2,3,3,0,1,21,Severe-Depression
27-30,Male,DhakaUniversity(DU),Business-and-Entrepreneurship-Studies,Other,3.00---3.39,No,2,3,3,3,3,3,3,20,Severe-Anxiety,2,2,2,2,2,2,2,2,2,2,20,Moderate-Stress,3,3,3,3,3,3,3,3,3,27,Severe-Depression
18-22,Male,IndependentUniversityBangladesh(IUB),Engineering---CS-/-CSE-/-CSC-/-Similar-to-CS,First-Year-or-Equivalent,3.80---4.00,Yes,1,1,1,1,0,1,0,5,Mild-Anxiety,2,2,2,2,1,2,2,2,2,2,19,Moderate-Stress,1,1,1,1,1,0,0,0,0,5,Mild-Depression
18-22,Male,IndependentUniversityBangladesh(IUB),Engineering---CS-/-CSE-/-CSC-/-Similar-to-CS,First-Year-or-Equivalent,3.40---3.79,Yes,1,1,1,1,1,0,0,5,Mild-Anxiety,2,0,2,0,0,4,4,0,2,1,15,Moderate-Stress,0,1,0,1,0,0,1,3,0,6,Mild-Depression
27-30,Male,DhakaUniversity(DU),Business-and-Entrepreneurship-Studies,Fourth-Year-or-Equivalent,3.40---3.79,No,1,0,1,1,0,0,0,3,Minimal-Anxiety,3,2,3,0,0,2,1,0,1,2,14,Moderate-Stress,1,0,0,0,0,0,0,0,0,1,Minimal-Depression
23-26,Male,DhakaUniversity(DU),Other,Other,3.00---3.39,No,2,1,2,2,1,1,1,10,Moderate-Anxiety,3,2,2,2,2,1,1,2,2,3,20,Moderate-Stress,1,1,2,2,1,2,1,1,0,11,Moderate-Depression
23-26,Male,DhakaUniversity(DU),Business-and-Entrepreneurship-Studies,Other,3.40---3.79,No,3,3,2,3,3,3,3,20,Severe-Anxiety,2,3,2,3,2,3,2,3,2,4,26,Moderate-Stress,0,0,2,3,3,3,1,0,0,12,Moderate-Depression
23-26,Male,DhakaUniversity(DU),Other,Other,2.50---2.99,No,3,3,3,2,3,3,3,20,Severe-Anxiety,4,4,4,4,3,4,2,3,4,2,34,High-Perceived-Stress,3,3,1,3,1,3,1,1,2,18,Moderately-Severe-Depression
27-30,Female,DhakaUniversity(DU),Business-and-Entrepreneurship-Studies,Other,3.00---3.39,No,1,3,3,1,2,1,2,13,Moderate-Anxiety,2,4,3,3,2,2,2,2,2,3,25,Moderate-Stress,1,2,1,3,3,3,2,2,3,20,Severe-Depression
18-22,Female,IndependentUniversityBangladesh(IUB),Engineering---CS-/-CSE-/-CSC-/-Similar-to-CS,Third-Year-or-Equivalent,3.00---3.39,Yes,3,3,3,3,3,3,3,21,Severe-Anxiety,3,2,4,3,1,1,1,3,4,4,26,Moderate-Stress,2,3,3,3,1,3,1,3,0,19,Moderately-Severe-Depression
18-22,Female,IndependentUniversityBangladesh(IUB),Engineering---CS-/-CSE-/-CSC-/-Similar-to-CS,Third-Year-or-Equivalent,3.40---3.79,Yes,3,2,3,3,3,3,3,20,Severe-Anxiety,3,2,4,4,1,3,4,2,4,4,31,High-Perceived-Stress,3,3,3,3,3,3,3,3,3,27,Severe-Depression
18-22,Male,IndependentUniversityBangladesh(IUB),Engineering---CS-/-CSE-/-CSC-/-Similar-to-CS,Second-Year-or-Equivalent,3.00---3.39,No,3,3,3,2,1,0,1,13,Moderate-Anxiety,3,4,4,3,2,3,3,2,3,3,30,High-Perceived-Stress,3,2,3,3,2,2,2,1,0,18,Moderately-Severe-Depression
23-26,Male,IndependentUniversityBangladesh(IUB),Engineering---CS-/-CSE-/-CSC-/-Similar-to-CS,Second-Year-or-Equivalent,3.00---3.39,Yes,3,3,3,3,3,3,3,21,Severe-Anxiety,4,3,4,3,1,2,1,2,4,4,28,High-Perceived-Stress,1,3,3,3,2,3,3,2,1,21,Severe-Depression
27-30,Male,DhakaUniversity(DU),Business-and-Entrepreneurship-Studies,Other,3.00---3.39,No,1,1,1,1,1,0,2,7,Mild-Anxiety,3,2,3,4,2,2,2,1,2,3,24,Moderate-Stress,1,2,2,2,1,1,3,1,2,15,Moderately-Severe-Depression
23-26,Male,DhakaUniversity(DU),Business-and-Entrepreneurship-Studies,Second-Year-or-Equivalent,2.50---2.99,No,2,0,3,3,3,3,3,17,Severe-Anxiety,4,4,4,4,2,4,4,4,2,4,36,High-Perceived-Stress,3,3,1,2,0,3,3,3,2,20,Severe-Depression
23-26,Male,IndependentUniversityBangladesh(IUB),Engineering---CS-/-CSE-/-CSC-/-Similar-to-CS,Fourth-Year-or-Equivalent,3.00---3.39,Yes,1,1,1,1,1,1,1,7,Mild-Anxiety,3,1,2,1,2,2,2,2,2,2,19,Moderate-Stress,2,2,2,2,2,2,2,2,2,18,Moderately-Severe-Depression
18-22,Prefer-not-to-say,IndependentUniversityBangladesh(IUB),Engineering---CS-/-CSE-/-CSC-/-Similar-to-CS,Second-Year-or-Equivalent,3.00---3.39,No,2,1,2,3,2,3,3,16,Severe-Anxiety,4,2,4,4,0,4,4,2,4,4,32,High-Perceived-Stress,2,3,3,3,3,3,1,2,3,23,Severe-Depression
23-26,Male,DhakaUniversity(DU),Business-and-Entrepreneurship-Studies,Other,2.50---2.99,No,3,0,2,3,3,3,3,17,Severe-Anxiety,3,4,4,4,2,2,2,3,4,4,32,High-Perceived-Stress,1,2,3,1,1,2,1,0,1,12,Moderate-Depression
23-26,Female,IndependentUniversityBangladesh(IUB),Engineering---CS-/-CSE-/-CSC-/-Similar-to-CS,Third-Year-or-Equivalent,3.00---3.39,Yes,2,3,3,2,3,3,3,19,Severe-Anxiety,4,4,4,4,2,4,3,3,4,4,36,High-Perceived-Stress,2,3,3,2,3,3,2,2,3,23,Severe-Depression
23-26,Male,IndependentUniversityBangladesh(IUB),Engineering---CS-/-CSE-/-CSC-/-Similar-to-CS,Fourth-Year-or-Equivalent,3.00---3.39,No,2,1,1,1,1,1,2,9,Mild-Anxiety,3,2,3,1,1,2,2,0,1,2,17,Moderate-Stress,1,1,0,1,0,1,1,0,0,5,Mild-Depression
23-26,Male,IndependentUniversityBangladesh(IUB),Engineering---CS-/-CSE-/-CSC-/-Similar-to-CS,Third-Year-or-Equivalent,3.80---4.00,Yes,1,2,1,0,2,1,1,8,Mild-Anxiety,2,2,2,2,1,3,2,2,3,1,20,Moderate-Stress,1,1,1,2,1,2,1,1,0,10,Moderate-Depression
23-26,Male,IndependentUniversityBangladesh(IUB),Engineering---CS-/-CSE-/-CSC-/-Similar-to-CS,Third-Year-or-Equivalent,3.80---4.00,Yes,2,3,3,2,3,2,0,15,Severe-Anxiety,1,2,4,3,0,1,1,0,2,2,16,Moderate-Stress,0,1,2,3,3,0,0,0,0,9,Mild-Depression
18-22,Male,IndependentUniversityBangladesh(IUB),Engineering---CS-/-CSE-/-CSC-/-Similar-to-CS,Third-Year-or-Equivalent,3.00---3.39,No,1,2,2,1,1,3,2,12,Moderate-Anxiety,3,3,4,2,1,2,2,2,2,3,24,Moderate-Stress,3,2,2,2,2,2,2,2,2,19,Moderately-Severe-Depression
18-22,Male,DaffodilUniversity,Business-and-Entrepreneurship-Studies,Third-Year-or-Equivalent,3.00---3.39,No,2,0,2,2,3,2,1,12,Moderate-Anxiety,3,2,4,3,2,1,2,2,3,4,26,Moderate-Stress,1,1,2,3,1,3,1,1,0,13,Moderate-Depression
23-26,Male,IndependentUniversityBangladesh(IUB),Engineering---CS-/-CSE-/-CSC-/-Similar-to-CS,Second-Year-or-Equivalent,3.00---3.39,No,1,3,3,2,2,3,2,16,Severe-Anxiety,2,3,2,2,2,2,1,3,3,3,23,Moderate-Stress,1,2,1,3,3,3,2,2,0,17,Moderately-Severe-Depression
18-22,Female,DhakaUniversity(DU),Other,Second-Year-or-Equivalent,3.40---3.79,No,1,1,1,2,2,1,1,9,Mild-Anxiety,2,2,3,0,2,2,1,4,0,1,17,Moderate-Stress,3,2,0,1,1,2,1,3,1,14,Moderate-Depression
23-26,Male,IndependentUniversityBangladesh(IUB),Engineering---CS-/-CSE-/-CSC-/-Similar-to-CS,Fourth-Year-or-Equivalent,3.40---3.79,Yes,1,1,1,1,1,1,1,7,Mild-Anxiety,2,2,2,2,2,2,2,2,2,2,20,Moderate-Stress,1,1,1,1,1,1,1,1,1,9,Mild-Depression
27-30,Male,DhakaUniversity(DU),Business-and-Entrepreneurship-Studies,Second-Year-or-Equivalent,3.40---3.79,No,0,1,1,1,1,0,1,5,Mild-Anxiety,2,2,2,2,0,1,1,1,1,2,14,Moderate-Stress,1,1,1,1,1,0,1,1,0,7,Mild-Depression
18-22,Male,IndependentUniversityBangladesh(IUB),Engineering---CS-/-CSE-/-CSC-/-Similar-to-CS,Third-Year-or-Equivalent,3.00---3.39,Yes,1,1,0,1,0,0,0,3,Minimal-Anxiety,2,1,3,3,2,2,0,2,2,3,20,Moderate-Stress,1,0,0,0,3,3,3,0,2,12,Moderate-Depression
18-22,Male,IndependentUniversityBangladesh(IUB),Engineering---CS-/-CSE-/-CSC-/-Similar-to-CS,First-Year-or-Equivalent,2.50---2.99,No,1,1,1,1,3,2,3,12,Moderate-Anxiety,3,2,4,4,0,2,2,1,4,2,24,Moderate-Stress,2,2,3,3,2,3,2,3,3,23,Severe-Depression
18-22,Female,IndependentUniversityBangladesh(IUB),Engineering---CS-/-CSE-/-CSC-/-Similar-to-CS,Second-Year-or-Equivalent,3.40---3.79,Yes,3,2,3,3,3,3,2,19,Severe-Anxiety,3,4,3,4,1,1,2,2,4,3,27,High-Perceived-Stress,1,2,1,3,2,2,3,1,0,15,Moderately-Severe-Depression
18-22,Female,IndependentUniversityBangladesh(IUB),Engineering---CS-/-CSE-/-CSC-/-Similar-to-CS,Second-Year-or-Equivalent,3.00---3.39,Yes,1,2,1,1,1,1,1,8,Mild-Anxiety,1,0,2,1,3,3,3,3,1,1,18,Moderate-Stress,1,1,0,1,0,1,2,1,1,8,Mild-Depression
18-22,Male,IndependentUniversityBangladesh(IUB),Engineering---CS-/-CSE-/-CSC-/-Similar-to-CS,First-Year-or-Equivalent,3.00---3.39,Yes,3,3,3,2,3,2,3,19,Severe-Anxiety,4,4,4,4,1,1,1,3,4,3,29,High-Perceived-Stress,2,3,2,3,3,3,3,3,2,24,Severe-Depression
18-22,Male,IndependentUniversityBangladesh(IUB),Engineering---CS-/-CSE-/-CSC-/-Similar-to-CS,Second-Year-or-Equivalent,3.40---3.79,No,1,1,1,1,1,1,2,8,Mild-Anxiety,2,1,2,2,1,2,1,2,2,2,17,Moderate-Stress,2,1,1,2,1,1,1,1,1,11,Moderate-Depression
18-22,Male,IndependentUniversityBangladesh(IUB),Engineering---CS-/-CSE-/-CSC-/-Similar-to-CS,Second-Year-or-Equivalent,3.00---3.39,No,2,3,2,3,2,3,2,17,Severe-Anxiety,2,3,4,2,1,2,4,2,4,4,28,High-Perceived-Stress,1,3,3,3,1,3,3,3,3,23,Severe-Depression
18-22,Male,IndependentUniversityBangladesh(IUB),Engineering---CS-/-CSE-/-CSC-/-Similar-to-CS,First-Year-or-Equivalent,3.40---3.79,No,3,3,3,3,3,3,3,21,Severe-Anxiety,2,2,3,3,0,2,1,1,3,3,20,Moderate-Stress,3,0,2,3,0,3,3,0,0,14,Moderate-Depression
23-26,Male,IndependentUniversityBangladesh(IUB),Engineering---CS-/-CSE-/-CSC-/-Similar-to-CS,Other,Below-2.50,No,3,2,3,3,3,3,3,20,Severe-Anxiety,3,3,4,4,0,0,0,0,4,4,22,Moderate-Stress,3,3,2,3,2,3,3,3,3,25,Severe-Depression
18-22,Male,IndependentUniversityBangladesh(IUB),Engineering---CS-/-CSE-/-CSC-/-Similar-to-CS,First-Year-or-Equivalent,3.00---3.39,No,2,2,1,2,2,1,1,11,Moderate-Anxiety,1,2,4,2,1,2,2,2,2,3,21,Moderate-Stress,0,3,2,2,2,3,2,1,2,17,Moderately-Severe-Depression
18-22,Female,IndependentUniversityBangladesh(IUB),Engineering---CS-/-CSE-/-CSC-/-Similar-to-CS,Second-Year-or-Equivalent,Below-2.50,No,3,3,3,3,3,3,3,21,Severe-Anxiety,4,4,4,4,4,3,3,4,4,4,38,High-Perceived-Stress,1,3,2,2,3,3,3,3,2,22,Severe-Depression
23-26,Male,IndependentUniversityBangladesh(IUB),Engineering---CS-/-CSE-/-CSC-/-Similar-to-CS,Third-Year-or-Equivalent,2.50---2.99,No,3,0,3,3,3,3,3,18,Severe-Anxiety,2,2,3,3,1,2,2,2,2,2,21,Moderate-Stress,3,3,3,3,0,1,1,1,1,16,Moderately-Severe-Depression
18-22,Male,IndependentUniversityBangladesh(IUB),Engineering---CS-/-CSE-/-CSC-/-Similar-to-CS,First-Year-or-Equivalent,3.40---3.79,Yes,2,3,3,3,2,2,2,17,Severe-Anxiety,3,4,4,4,2,2,2,3,3,3,30,High-Perceived-Stress,3,1,3,3,2,2,2,2,1,19,Moderately-Severe-Depression
18-22,Male,IndependentUniversityBangladesh(IUB),Engineering---CS-/-CSE-/-CSC-/-Similar-to-CS,Second-Year-or-Equivalent,3.40---3.79,No,3,3,3,3,3,3,3,21,Severe-Anxiety,3,3,4,3,2,3,1,2,2,4,27,High-Perceived-Stress,3,3,1,1,0,3,3,3,2,19,Moderately-Severe-Depression
18-22,Male,IndependentUniversityBangladesh(IUB),Engineering---CS-/-CSE-/-CSC-/-Similar-to-CS,Third-Year-or-Equivalent,2.50---2.99,No,3,3,3,3,3,3,3,21,Severe-Anxiety,2,2,2,2,2,2,2,2,2,2,20,Moderate-Stress,3,3,3,3,2,3,3,3,3,26,Severe-Depression
18-22,Female,IndependentUniversityBangladesh(IUB),Engineering---CS-/-CSE-/-CSC-/-Similar-to-CS,Third-Year-or-Equivalent,3.40---3.79,Yes,3,3,3,3,3,3,3,21,Severe-Anxiety,4,4,4,4,0,3,3,2,4,4,32,High-Perceived-Stress,3,3,3,3,3,3,3,3,3,27,Severe-Depression
23-26,Male,IndependentUniversityBangladesh(IUB),Engineering---CS-/-CSE-/-CSC-/-Similar-to-CS,Fourth-Year-or-Equivalent,2.50---2.99,Yes,2,2,2,2,3,2,1,14,Moderate-Anxiety,2,2,2,2,2,2,2,2,2,2,20,Moderate-Stress,2,2,2,2,0,2,2,1,0,13,Moderate-Depression
23-26,Male,IndependentUniversityBangladesh(IUB),Engineering---CS-/-CSE-/-CSC-/-Similar-to-CS,Third-Year-or-Equivalent,3.80---4.00,Yes,2,2,3,3,2,1,1,14,Moderate-Anxiety,3,3,3,4,3,3,2,2,3,4,30,High-Perceived-Stress,2,3,2,3,2,2,1,0,0,15,Moderately-Severe-Depression
23-26,Male,IndependentUniversityBangladesh(IUB),Engineering---CS-/-CSE-/-CSC-/-Similar-to-CS,Third-Year-or-Equivalent,2.50---2.99,No,1,1,2,2,2,2,1,11,Moderate-Anxiety,2,1,2,0,3,1,3,2,2,2,18,Moderate-Stress,1,3,0,2,1,2,1,0,2,12,Moderate-Depression
23-26,Male,IndependentUniversityBangladesh(IUB),Engineering---CS-/-CSE-/-CSC-/-Similar-to-CS,Fourth-Year-or-Equivalent,2.50---2.99,No,1,1,1,2,1,2,2,10,Moderate-Anxiety,3,3,3,2,2,1,1,2,3,2,22,Moderate-Stress,3,2,2,1,2,2,1,0,0,13,Moderate-Depression
23-26,Male,IndependentUniversityBangladesh(IUB),Engineering---CS-/-CSE-/-CSC-/-Similar-to-CS,Third-Year-or-Equivalent,2.50---2.99,Yes,2,3,2,2,2,2,2,15,Severe-Anxiety,3,3,4,4,2,3,2,1,3,4,29,High-Perceived-Stress,1,2,0,1,2,2,2,2,2,14,Moderate-Depression
23-26,Male,IndependentUniversityBangladesh(IUB),Engineering---EEE/-ECE-/-Similar-to-EEE,Third-Year-or-Equivalent,2.50---2.99,No,2,3,3,1,3,3,3,18,Severe-Anxiety,2,2,4,4,0,4,2,4,4,4,30,High-Perceived-Stress,3,3,3,3,3,3,2,3,0,23,Severe-Depression
23-26,Female,IndependentUniversityBangladesh(IUB),Engineering---CS-/-CSE-/-CSC-/-Similar-to-CS,Other,Below-2.50,No,3,3,3,3,3,3,3,21,Severe-Anxiety,4,2,4,4,2,0,3,0,4,3,26,Moderate-Stress,1,3,3,3,3,3,3,3,3,25,Severe-Depression
18-22,Female,IndependentUniversityBangladesh(IUB),Engineering---CS-/-CSE-/-CSC-/-Similar-to-CS,Third-Year-or-Equivalent,3.40---3.79,Yes,1,2,3,1,2,2,0,11,Moderate-Anxiety,2,1,2,2,1,1,2,1,1,2,15,Moderate-Stress,0,0,1,2,3,3,0,0,0,9,Mild-Depression
23-26,Male,IndependentUniversityBangladesh(IUB),Engineering---CS-/-CSE-/-CSC-/-Similar-to-CS,Fourth-Year-or-Equivalent,3.00---3.39,No,3,2,3,2,2,2,2,16,Severe-Anxiety,2,2,2,2,1,1,2,1,3,2,18,Moderate-Stress,3,1,2,1,1,1,1,1,1,12,Moderate-Depression
23-26,Male,IndependentUniversityBangladesh(IUB),Engineering---CS-/-CSE-/-CSC-/-Similar-to-CS,Fourth-Year-or-Equivalent,3.00---3.39,No,1,1,1,1,1,1,1,7,Mild-Anxiety,2,2,2,2,2,2,2,2,2,2,20,Moderate-Stress,1,1,1,1,1,1,1,1,1,9,Mild-Depression
18-22,Male,IndependentUniversityBangladesh(IUB),Engineering---CS-/-CSE-/-CSC-/-Similar-to-CS,Third-Year-or-Equivalent,3.00---3.39,Yes,1,1,2,2,1,1,1,9,Mild-Anxiety,2,2,2,3,2,3,2,3,2,3,24,Moderate-Stress,2,2,3,1,1,1,2,1,0,13,Moderate-Depression
18-22,Male,IndependentUniversityBangladesh(IUB),Engineering---CS-/-CSE-/-CSC-/-Similar-to-CS,Third-Year-or-Equivalent,3.40---3.79,No,2,2,2,2,3,3,3,17,Severe-Anxiety,3,4,4,3,2,2,2,1,4,3,28,High-Perceived-Stress,1,1,0,3,0,2,2,1,0,10,Moderate-Depression
18-22,Male,IndependentUniversityBangladesh(IUB),Engineering---CS-/-CSE-/-CSC-/-Similar-to-CS,Third-Year-or-Equivalent,2.50---2.99,No,3,1,2,1,0,2,1,10,Moderate-Anxiety,3,3,4,4,3,4,1,4,1,4,31,High-Perceived-Stress,2,1,3,2,3,3,3,0,0,17,Moderately-Severe-Depression
18-22,Female,IndependentUniversityBangladesh(IUB),Engineering---CS-/-CSE-/-CSC-/-Similar-to-CS,Third-Year-or-Equivalent,3.00---3.39,No,3,2,2,2,2,3,2,16,Severe-Anxiety,2,3,4,2,3,2,2,2,2,2,24,Moderate-Stress,2,2,2,2,2,2,2,2,2,18,Moderately-Severe-Depression
18-22,Male,IndependentUniversityBangladesh(IUB),Engineering---CS-/-CSE-/-CSC-/-Similar-to-CS,Second-Year-or-Equivalent,3.80---4.00,Yes,2,2,1,2,1,0,1,9,Mild-Anxiety,3,2,3,3,1,2,1,2,3,3,23,Moderate-Stress,1,0,2,2,1,0,0,0,0,6,Mild-Depression
18-22,Female,IndependentUniversityBangladesh(IUB),Engineering---CS-/-CSE-/-CSC-/-Similar-to-CS,Second-Year-or-Equivalent,2.50---2.99,No,2,1,2,1,1,2,2,11,Moderate-Anxiety,2,3,4,3,2,3,1,0,3,3,24,Moderate-Stress,2,3,1,2,1,1,2,2,2,16,Moderately-Severe-Depression
18-22,Female,IndependentUniversityBangladesh(IUB),Engineering---CS-/-CSE-/-CSC-/-Similar-to-CS,Second-Year-or-Equivalent,3.00---3.39,No,2,2,2,3,2,1,2,14,Moderate-Anxiety,3,4,4,3,2,3,2,3,2,3,29,High-Perceived-Stress,0,1,3,3,2,2,2,0,0,13,Moderate-Depression
18-22,Female,IndependentUniversityBangladesh(IUB),Engineering---CS-/-CSE-/-CSC-/-Similar-to-CS,Second-Year-or-Equivalent,3.80---4.00,Yes,2,3,3,3,3,3,3,20,Severe-Anxiety,2,2,4,4,3,2,2,1,3,4,27,High-Perceived-Stress,2,2,3,3,1,3,3,1,1,19,Moderately-Severe-Depression
18-22,Male,IndependentUniversityBangladesh(IUB),Engineering---CS-/-CSE-/-CSC-/-Similar-to-CS,Second-Year-or-Equivalent,3.40---3.79,Yes,2,2,2,1,2,2,2,13,Moderate-Anxiety,3,3,4,2,2,3,2,3,2,2,26,Moderate-Stress,1,3,3,3,2,1,1,1,0,15,Moderately-Severe-Depression
23-26,Male,IndependentUniversityBangladesh(IUB),Engineering---CS-/-CSE-/-CSC-/-Similar-to-CS,Third-Year-or-Equivalent,3.00---3.39,No,1,1,1,1,2,2,0,8,Mild-Anxiety,0,2,1,2,2,2,2,2,2,2,17,Moderate-Stress,0,1,3,1,1,1,1,1,1,10,Moderate-Depression
18-22,Male,IndependentUniversityBangladesh(IUB),Engineering---CS-/-CSE-/-CSC-/-Similar-to-CS,Second-Year-or-Equivalent,3.40---3.79,No,3,1,0,3,3,1,1,12,Moderate-Anxiety,2,3,4,3,3,3,2,4,0,2,26,Moderate-Stress,1,3,1,1,1,1,1,1,1,11,Moderate-Depression
18-22,Female,IndependentUniversityBangladesh(IUB),Engineering---CS-/-CSE-/-CSC-/-Similar-to-CS,Third-Year-or-Equivalent,2.50---2.99,Yes,2,2,2,2,2,2,2,14,Moderate-Anxiety,3,3,3,3,1,1,1,1,3,3,22,Moderate-Stress,3,3,0,3,1,3,3,2,3,21,Severe-Depression
23-26,Female,IndependentUniversityBangladesh(IUB),Engineering---CS-/-CSE-/-CSC-/-Similar-to-CS,Third-Year-or-Equivalent,Below-2.50,No,2,2,2,2,3,2,2,15,Severe-Anxiety,2,3,3,1,2,3,2,2,2,2,22,Moderate-Stress,1,2,1,3,1,1,3,3,1,16,Moderately-Severe-Depression
18-22,Male,IndependentUniversityBangladesh(IUB),Engineering---CS-/-CSE-/-CSC-/-Similar-to-CS,Second-Year-or-Equivalent,3.40---3.79,Yes,2,2,1,1,1,1,0,8,Mild-Anxiety,3,3,3,4,2,2,2,2,2,3,26,Moderate-Stress,2,1,1,2,1,0,0,0,0,7,Mild-Depression
23-26,Male,IndependentUniversityBangladesh(IUB),Engineering---CS-/-CSE-/-CSC-/-Similar-to-CS,Other,2.50---2.99,No,2,2,3,3,3,2,1,16,Severe-Anxiety,4,4,4,4,1,3,1,3,4,4,32,High-Perceived-Stress,3,3,3,3,3,3,3,2,1,24,Severe-Depression
18-22,Male,IndependentUniversityBangladesh(IUB),Engineering---CS-/-CSE-/-CSC-/-Similar-to-CS,Second-Year-or-Equivalent,2.50---2.99,No,3,3,3,3,3,3,2,20,Severe-Anxiety,3,2,4,2,2,2,0,2,2,4,23,Moderate-Stress,2,2,3,3,0,1,1,1,2,15,Moderately-Severe-Depression
18-22,Male,IndependentUniversityBangladesh(IUB),Other,Third-Year-or-Equivalent,2.50---2.99,No,0,0,1,1,1,1,1,5,Mild-Anxiety,0,2,2,0,2,2,2,2,2,2,16,Moderate-Stress,1,1,1,1,1,1,1,1,1,9,Mild-Depression
18-22,Male,IndependentUniversityBangladesh(IUB),Engineering---CS-/-CSE-/-CSC-/-Similar-to-CS,Other,3.00---3.39,Yes,1,1,1,1,2,0,1,7,Mild-Anxiety,2,2,2,2,1,1,1,2,1,1,15,Moderate-Stress,1,1,1,1,0,1,1,1,0,7,Mild-Depression
23-26,Male,IndependentUniversityBangladesh(IUB),Engineering---CS-/-CSE-/-CSC-/-Similar-to-CS,Fourth-Year-or-Equivalent,3.00---3.39,No,1,1,1,1,2,2,2,10,Moderate-Anxiety,2,2,4,2,1,2,2,1,2,2,20,Moderate-Stress,0,1,1,2,1,2,1,1,1,10,Moderate-Depression
18-22,Male,NorthSouthUniversity(NSU),Engineering---CS-/-CSE-/-CSC-/-Similar-to-CS,Fourth-Year-or-Equivalent,Below-2.50,No,0,0,2,2,2,2,2,10,Moderate-Anxiety,2,0,0,2,4,3,2,2,2,2,19,Moderate-Stress,3,3,1,2,1,2,2,2,2,18,Moderately-Severe-Depression
18-22,Female,NorthSouthUniversity(NSU),Engineering---CS-/-CSE-/-CSC-/-Similar-to-CS,Third-Year-or-Equivalent,3.00---3.39,No,2,3,3,3,1,2,2,16,Severe-Anxiety,2,2,2,4,3,0,0,3,4,4,24,Moderate-Stress,2,3,3,3,2,2,3,3,3,24,Severe-Depression
23-26,Male,NorthSouthUniversity(NSU),Engineering---CS-/-CSE-/-CSC-/-Similar-to-CS,Fourth-Year-or-Equivalent,2.50---2.99,No,2,2,1,1,1,1,2,10,Moderate-Anxiety,2,2,4,2,2,2,2,3,2,3,24,Moderate-Stress,2,2,2,2,2,2,2,2,2,18,Moderately-Severe-Depression
23-26,Male,NorthSouthUniversity(NSU),Engineering---CS-/-CSE-/-CSC-/-Similar-to-CS,Fourth-Year-or-Equivalent,2.50---2.99,No,2,1,1,2,2,2,2,12,Moderate-Anxiety,3,2,3,1,2,1,2,1,3,2,20,Moderate-Stress,1,1,1,2,1,1,2,2,1,12,Moderate-Depression
18-22,Male,NorthSouthUniversity(NSU),Engineering---CS-/-CSE-/-CSC-/-Similar-to-CS,First-Year-or-Equivalent,2.50---2.99,No,2,2,2,2,2,2,3,15,Severe-Anxiety,2,2,3,2,2,2,2,2,2,3,22,Moderate-Stress,2,2,1,2,2,3,2,2,0,16,Moderately-Severe-Depression
18-22,Male,NorthSouthUniversity(NSU),Engineering---CS-/-CSE-/-CSC-/-Similar-to-CS,First-Year-or-Equivalent,Below-2.50,No,0,2,2,2,2,2,2,12,Moderate-Anxiety,1,0,2,0,1,2,4,2,0,1,13,Low-Stress,3,2,2,2,2,2,2,2,2,19,Moderately-Severe-Depression
18-22,Male,NorthSouthUniversity(NSU),Engineering---CS-/-CSE-/-CSC-/-Similar-to-CS,Fourth-Year-or-Equivalent,3.40---3.79,No,3,3,3,3,2,2,2,18,Severe-Anxiety,3,3,4,4,2,3,2,2,3,3,29,High-Perceived-Stress,0,3,1,2,2,2,2,1,0,13,Moderate-Depression
23-26,Female,IndependentUniversityBangladesh(IUB),Engineering---CS-/-CSE-/-CSC-/-Similar-to-CS,Third-Year-or-Equivalent,2.50---2.99,No,2,2,1,2,1,0,0,8,Mild-Anxiety,1,2,3,3,3,1,2,1,1,4,21,Moderate-Stress,2,2,0,1,3,3,3,3,0,17,Moderately-Severe-Depression
23-26,Male,NorthSouthUniversity(NSU),Engineering---CS-/-CSE-/-CSC-/-Similar-to-CS,Fourth-Year-or-Equivalent,Below-2.50,No,1,1,1,1,2,1,2,9,Mild-Anxiety,3,2,2,2,2,2,2,4,2,2,23,Moderate-Stress,1,1,0,1,1,1,2,1,0,8,Mild-Depression
18-22,Male,NorthSouthUniversity(NSU),Engineering---CS-/-CSE-/-CSC-/-Similar-to-CS,First-Year-or-Equivalent,3.80---4.00,No,2,2,1,2,2,3,1,13,Moderate-Anxiety,4,3,4,4,3,3,3,3,0,4,31,High-Perceived-Stress,1,2,0,0,1,2,2,1,0,9,Mild-Depression
18-22,Female,NorthSouthUniversity(NSU),Engineering---CS-/-CSE-/-CSC-/-Similar-to-CS,First-Year-or-Equivalent,2.50---2.99,No,1,2,1,1,2,1,1,9,Mild-Anxiety,0,2,2,2,1,1,2,2,2,1,15,Moderate-Stress,0,1,0,0,0,0,1,1,0,3,Minimal-Depression
18-22,Female,NorthSouthUniversity(NSU),Engineering---CS-/-CSE-/-CSC-/-Similar-to-CS,First-Year-or-Equivalent,3.40---3.79,No,2,1,1,3,3,3,3,16,Severe-Anxiety,1,4,4,3,4,3,4,3,4,4,34,High-Perceived-Stress,1,2,1,2,1,1,1,2,1,12,Moderate-Depression
18-22,Male,IndependentUniversityBangladesh(IUB),Engineering---CS-/-CSE-/-CSC-/-Similar-to-CS,First-Year-or-Equivalent,Below-2.50,No,2,2,3,3,3,2,3,18,Severe-Anxiety,4,3,4,2,2,3,3,4,4,4,33,High-Perceived-Stress,0,2,1,0,3,3,0,1,3,13,Moderate-Depression
18-22,Male,NorthSouthUniversity(NSU),Engineering---CS-/-CSE-/-CSC-/-Similar-to-CS,Third-Year-or-Equivalent,2.50---2.99,No,1,0,1,1,1,1,2,7,Mild-Anxiety,2,2,3,3,1,2,2,3,2,2,22,Moderate-Stress,1,0,1,0,1,3,1,0,0,7,Mild-Depression
18-22,Male,NorthSouthUniversity(NSU),Engineering---CS-/-CSE-/-CSC-/-Similar-to-CS,First-Year-or-Equivalent,2.50---2.99,Yes,2,3,1,2,2,1,1,12,Moderate-Anxiety,2,3,2,2,1,2,3,0,1,2,18,Moderate-Stress,1,1,1,2,3,2,2,1,0,13,Moderate-Depression
18-22,Female,IndependentUniversityBangladesh(IUB),Engineering---CS-/-CSE-/-CSC-/-Similar-to-CS,Third-Year-or-Equivalent,3.40---3.79,Yes,3,3,3,3,3,3,3,21,Severe-Anxiety,4,4,4,3,2,3,3,1,4,4,32,High-Perceived-Stress,3,3,3,3,3,3,3,1,0,22,Severe-Depression
18-22,Female,NorthSouthUniversity(NSU),Engineering---CS-/-CSE-/-CSC-/-Similar-to-CS,Third-Year-or-Equivalent,3.00---3.39,No,1,2,2,2,2,2,2,13,Moderate-Anxiety,2,2,2,2,2,2,2,3,1,2,20,Moderate-Stress,1,3,2,2,1,2,3,2,3,19,Moderately-Severe-Depression
23-26,Male,NorthSouthUniversity(NSU),Engineering---CS-/-CSE-/-CSC-/-Similar-to-CS,Third-Year-or-Equivalent,3.00---3.39,No,1,2,1,3,2,3,2,14,Moderate-Anxiety,3,2,4,3,2,3,1,3,3,2,26,Moderate-Stress,1,2,1,2,0,3,2,1,0,12,Moderate-Depression
23-26,Male,NorthSouthUniversity(NSU),Engineering---CS-/-CSE-/-CSC-/-Similar-to-CS,Fourth-Year-or-Equivalent,2.50---2.99,Yes,1,2,0,2,3,3,3,14,Moderate-Anxiety,2,2,2,2,2,2,2,2,3,2,21,Moderate-Stress,3,2,0,3,3,3,3,3,0,20,Severe-Depression
18-22,Male,NorthSouthUniversity(NSU),Engineering---CS-/-CSE-/-CSC-/-Similar-to-CS,Fourth-Year-or-Equivalent,3.00---3.39,No,1,1,1,1,2,1,2,9,Mild-Anxiety,2,2,2,2,1,2,1,2,2,3,19,Moderate-Stress,2,1,0,1,1,2,2,1,1,11,Moderate-Depression
18-22,Male,NorthSouthUniversity(NSU),Engineering---CS-/-CSE-/-CSC-/-Similar-to-CS,First-Year-or-Equivalent,2.50---2.99,No,2,3,3,3,3,3,1,18,Severe-Anxiety,2,2,4,4,2,3,2,2,1,3,25,Moderate-Stress,0,3,3,3,3,3,1,0,0,16,Moderately-Severe-Depression
23-26,Male,IndependentUniversityBangladesh(IUB),Engineering---CS-/-CSE-/-CSC-/-Similar-to-CS,Third-Year-or-Equivalent,Below-2.50,Yes,3,3,3,3,3,3,3,21,Severe-Anxiety,4,2,2,2,2,2,2,2,2,2,22,Moderate-Stress,3,3,3,3,3,3,3,3,3,27,Severe-Depression
18-22,Female,IndependentUniversityBangladesh(IUB),Engineering---CS-/-CSE-/-CSC-/-Similar-to-CS,Third-Year-or-Equivalent,3.00---3.39,No,1,1,1,1,1,1,1,7,Mild-Anxiety,1,1,1,1,3,3,3,3,1,1,18,Moderate-Stress,1,1,1,1,1,1,1,1,1,9,Mild-Depression
23-26,Female,IndependentUniversityBangladesh(IUB),Engineering---CS-/-CSE-/-CSC-/-Similar-to-CS,Fourth-Year-or-Equivalent,3.00---3.39,Yes,1,1,2,2,2,2,2,12,Moderate-Anxiety,2,2,2,2,2,2,2,2,2,2,20,Moderate-Stress,2,2,2,1,2,2,2,1,2,16,Moderately-Severe-Depression
18-22,Male,IndependentUniversityBangladesh(IUB),Engineering---CS-/-CSE-/-CSC-/-Similar-to-CS,Third-Year-or-Equivalent,2.50---2.99,No,1,1,1,1,1,1,1,7,Mild-Anxiety,2,3,2,2,3,1,1,1,3,3,21,Moderate-Stress,1,2,1,2,1,1,1,1,2,12,Moderate-Depression
23-26,Male,IndependentUniversityBangladesh(IUB),Engineering---CS-/-CSE-/-CSC-/-Similar-to-CS,Third-Year-or-Equivalent,3.00---3.39,No,2,2,2,2,2,2,2,14,Moderate-Anxiety,4,4,2,2,2,2,2,2,2,2,24,Moderate-Stress,2,2,2,2,2,2,2,2,2,18,Moderately-Severe-Depression
18-22,Male,IndependentUniversityBangladesh(IUB),Engineering---CS-/-CSE-/-CSC-/-Similar-to-CS,Third-Year-or-Equivalent,3.40---3.79,Yes,1,2,3,2,2,1,1,12,Moderate-Anxiety,0,1,2,1,2,2,3,4,2,2,19,Moderate-Stress,3,1,1,2,2,3,1,3,2,18,Moderately-Severe-Depression
18-22,Male,IndependentUniversityBangladesh(IUB),Engineering---CS-/-CSE-/-CSC-/-Similar-to-CS,Third-Year-or-Equivalent,3.00---3.39,No,1,3,3,1,2,1,3,14,Moderate-Anxiety,1,2,2,0,2,2,3,2,2,1,17,Moderate-Stress,1,3,2,3,2,2,3,1,3,20,Severe-Depression
18-22,Male,NorthSouthUniversity(NSU),Engineering---CS-/-CSE-/-CSC-/-Similar-to-CS,Third-Year-or-Equivalent,Below-2.50,No,2,0,3,2,3,2,1,13,Moderate-Anxiety,4,2,3,4,3,3,3,3,2,4,31,High-Perceived-Stress,1,3,3,3,3,3,3,2,2,23,Severe-Depression
23-26,Male,IndependentUniversityBangladesh(IUB),Engineering---CS-/-CSE-/-CSC-/-Similar-to-CS,Third-Year-or-Equivalent,2.50---2.99,No,2,1,1,1,1,1,1,8,Mild-Anxiety,2,2,3,3,3,2,2,2,2,2,23,Moderate-Stress,1,1,1,1,1,1,1,1,1,9,Mild-Depression
23-26,Male,DhakaUniversity(DU),Biological-Sciences,Fourth-Year-or-Equivalent,3.00---3.39,No,1,2,1,2,1,1,1,9,Mild-Anxiety,2,2,3,2,2,2,2,3,2,2,22,Moderate-Stress,1,1,0,3,0,0,0,1,0,6,Mild-Depression
18-22,Male,IndependentUniversityBangladesh(IUB),Engineering---CS-/-CSE-/-CSC-/-Similar-to-CS,First-Year-or-Equivalent,2.50---2.99,No,1,2,1,1,2,2,1,10,Moderate-Anxiety,3,3,3,3,2,2,1,2,2,2,23,Moderate-Stress,2,1,2,2,1,3,1,2,1,15,Moderately-Severe-Depression
18-22,Female,DhakaUniversity(DU),Biological-Sciences,Third-Year-or-Equivalent,3.00---3.39,Yes,2,3,2,2,2,3,3,17,Severe-Anxiety,2,2,2,2,2,2,2,4,2,2,22,Moderate-Stress,3,3,1,2,1,3,2,2,3,20,Severe-Depression
18-22,Female,IndependentUniversityBangladesh(IUB),Engineering---CS-/-CSE-/-CSC-/-Similar-to-CS,First-Year-or-Equivalent,Other,No,3,3,3,2,3,3,1,18,Severe-Anxiety,0,0,0,2,2,2,0,2,0,4,12,Low-Stress,2,3,3,3,0,3,2,1,0,17,Moderately-Severe-Depression
23-26,Female,DhakaUniversity(DU),Biological-Sciences,Third-Year-or-Equivalent,3.00---3.39,No,2,1,2,1,2,1,0,9,Mild-Anxiety,2,2,2,1,2,4,2,4,0,1,20,Moderate-Stress,1,2,2,2,2,0,1,1,0,11,Moderate-Depression
23-26,Male,DhakaUniversity(DU),Biological-Sciences,Third-Year-or-Equivalent,3.00---3.39,No,2,1,1,1,1,1,1,8,Mild-Anxiety,2,2,2,2,1,1,1,1,1,2,15,Moderate-Stress,1,1,1,2,2,1,1,1,1,11,Moderate-Depression
18-22,Female,IndependentUniversityBangladesh(IUB),Engineering---CS-/-CSE-/-CSC-/-Similar-to-CS,First-Year-or-Equivalent,Other,No,3,3,3,0,0,0,1,10,Moderate-Anxiety,0,0,0,0,4,4,4,4,0,0,16,Moderate-Stress,1,3,0,0,2,0,1,0,0,7,Mild-Depression
18-22,Female,IndependentUniversityBangladesh(IUB),Engineering---CS-/-CSE-/-CSC-/-Similar-to-CS,First-Year-or-Equivalent,Other,No,3,3,2,3,3,3,1,18,Severe-Anxiety,2,2,2,0,2,4,2,3,2,2,21,Moderate-Stress,0,1,1,3,3,3,0,0,1,12,Moderate-Depression
18-22,Male,IndependentUniversityBangladesh(IUB),Engineering---CS-/-CSE-/-CSC-/-Similar-to-CS,First-Year-or-Equivalent,Other,No,2,1,1,2,2,2,3,13,Moderate-Anxiety,2,2,4,3,2,1,2,2,3,2,23,Moderate-Stress,2,3,2,3,1,3,2,1,3,20,Severe-Depression
18-22,Female,NorthSouthUniversity(NSU),Engineering---CS-/-CSE-/-CSC-/-Similar-to-CS,First-Year-or-Equivalent,Below-2.50,No,1,2,1,1,1,2,2,10,Moderate-Anxiety,2,3,3,3,2,3,2,4,2,1,25,Moderate-Stress,1,1,2,3,1,2,3,1,0,14,Moderate-Depression
18-22,Male,IndependentUniversityBangladesh(IUB),Engineering---CS-/-CSE-/-CSC-/-Similar-to-CS,First-Year-or-Equivalent,3.40---3.79,No,1,2,2,2,2,2,2,13,Moderate-Anxiety,3,1,3,2,1,1,1,1,3,3,19,Moderate-Stress,1,1,0,0,0,2,1,1,0,6,Mild-Depression
18-22,Female,IndependentUniversityBangladesh(IUB),Engineering---CS-/-CSE-/-CSC-/-Similar-to-CS,First-Year-or-Equivalent,Other,Yes,1,1,2,1,2,2,0,9,Mild-Anxiety,1,2,2,2,1,2,1,2,1,1,15,Moderate-Stress,0,1,2,3,2,2,2,1,0,13,Moderate-Depression
23-26,Female,DhakaUniversity(DU),Environmental-and-Life-Sciences,Third-Year-or-Equivalent,3.00---3.39,No,3,1,1,1,1,1,1,9,Mild-Anxiety,4,2,4,2,2,0,0,2,2,4,22,Moderate-Stress,1,1,1,1,1,1,1,1,0,8,Mild-Depression
18-22,Female,IndependentUniversityBangladesh(IUB),Engineering---CS-/-CSE-/-CSC-/-Similar-to-CS,First-Year-or-Equivalent,Other,No,1,3,0,2,2,2,3,13,Moderate-Anxiety,2,2,3,1,1,1,1,1,3,2,17,Moderate-Stress,1,0,1,2,2,1,1,0,0,8,Mild-Depression
23-26,Female,DhakaUniversity(DU),Other,Third-Year-or-Equivalent,2.50---2.99,No,1,1,2,1,3,1,1,10,Moderate-Anxiety,2,3,4,1,0,0,2,4,2,2,20,Moderate-Stress,1,1,1,1,0,3,1,1,0,9,Mild-Depression
23-26,Male,IndependentUniversityBangladesh(IUB),Engineering---CS-/-CSE-/-CSC-/-Similar-to-CS,Fourth-Year-or-Equivalent,2.50---2.99,Yes,3,3,1,2,3,2,3,17,Severe-Anxiety,4,4,4,4,1,2,2,1,3,4,29,High-Perceived-Stress,2,3,1,3,3,3,3,3,3,24,Severe-Depression
23-26,Female,DhakaUniversity(DU),Biological-Sciences,Third-Year-or-Equivalent,3.00---3.39,No,3,1,1,2,2,2,2,13,Moderate-Anxiety,4,3,3,2,2,4,1,2,3,3,27,High-Perceived-Stress,1,2,0,1,1,2,1,0,0,8,Mild-Depression
27-30,Male,DhakaUniversity(DU),Other,Third-Year-or-Equivalent,2.50---2.99,No,2,2,3,2,3,2,0,14,Moderate-Anxiety,2,2,2,0,4,4,2,2,2,2,22,Moderate-Stress,0,0,0,0,0,0,0,0,0,0,No-Depression
18-22,Male,NorthSouthUniversity(NSU),Engineering---CS-/-CSE-/-CSC-/-Similar-to-CS,Third-Year-or-Equivalent,2.50---2.99,Yes,1,1,1,1,1,1,1,7,Mild-Anxiety,3,2,2,2,0,0,0,1,3,2,15,Moderate-Stress,3,1,1,1,0,1,1,1,0,9,Mild-Depression
18-22,Male,IndependentUniversityBangladesh(IUB),Engineering---CS-/-CSE-/-CSC-/-Similar-to-CS,Third-Year-or-Equivalent,3.00---3.39,No,3,3,3,3,3,3,3,21,Severe-Anxiety,4,3,4,4,3,4,0,4,4,4,34,High-Perceived-Stress,3,3,3,3,3,3,3,3,3,27,Severe-Depression
18-22,Female,NorthSouthUniversity(NSU),Engineering---CS-/-CSE-/-CSC-/-Similar-to-CS,First-Year-or-Equivalent,2.50---2.99,Yes,2,3,1,1,1,2,3,13,Moderate-Anxiety,2,3,3,3,1,3,2,2,3,3,25,Moderate-Stress,1,2,3,2,3,3,1,1,2,18,Moderately-Severe-Depression
23-26,Male,DhakaUniversity(DU),Environmental-and-Life-Sciences,Third-Year-or-Equivalent,3.00---3.39,No,0,1,0,0,0,0,0,1,Minimal-Anxiety,0,0,0,0,3,4,2,2,0,1,12,Low-Stress,0,0,0,0,0,0,0,0,0,0,No-Depression
18-22,Male,NorthSouthUniversity(NSU),Engineering---CS-/-CSE-/-CSC-/-Similar-to-CS,First-Year-or-Equivalent,3.80---4.00,Yes,1,1,1,1,1,1,1,7,Mild-Anxiety,2,2,3,3,1,2,2,2,2,2,21,Moderate-Stress,0,1,0,2,0,1,1,1,1,7,Mild-Depression
23-26,Female,IndependentUniversityBangladesh(IUB),Engineering---CS-/-CSE-/-CSC-/-Similar-to-CS,Third-Year-or-Equivalent,3.00---3.39,No,3,2,1,3,3,3,3,18,Severe-Anxiety,3,3,3,4,3,3,2,4,3,3,31,High-Perceived-Stress,3,3,3,3,3,3,3,3,3,27,Severe-Depression
23-26,Male,DhakaUniversity(DU),Biological-Sciences,Fourth-Year-or-Equivalent,3.00---3.39,No,2,1,1,1,1,1,1,8,Mild-Anxiety,0,2,1,2,3,2,2,2,2,2,18,Moderate-Stress,1,1,1,1,1,1,1,1,1,9,Mild-Depression
18-22,Male,IndependentUniversityBangladesh(IUB),Engineering---CS-/-CSE-/-CSC-/-Similar-to-CS,Third-Year-or-Equivalent,3.40---3.79,Yes,3,1,1,2,3,3,2,15,Severe-Anxiety,2,2,4,1,1,3,2,2,2,2,21,Moderate-Stress,1,3,0,1,3,1,0,3,0,12,Moderate-Depression
18-22,Female,DhakaUniversity(DU),Other,Third-Year-or-Equivalent,3.40---3.79,No,3,3,3,3,1,1,1,15,Severe-Anxiety,4,4,4,4,0,3,4,2,4,4,33,High-Perceived-Stress,1,3,3,3,1,3,3,3,3,23,Severe-Depression
23-26,Male,DhakaUniversity(DU),Biological-Sciences,Third-Year-or-Equivalent,3.80---4.00,No,2,1,2,2,2,2,3,14,Moderate-Anxiety,2,2,4,4,1,2,2,0,2,2,21,Moderate-Stress,1,2,0,1,0,0,1,1,0,6,Mild-Depression
23-26,Female,IndependentUniversityBangladesh(IUB),Engineering---CS-/-CSE-/-CSC-/-Similar-to-CS,Fourth-Year-or-Equivalent,3.00---3.39,No,2,3,3,2,3,3,3,19,Severe-Anxiety,2,1,2,2,3,2,3,2,2,1,20,Moderate-Stress,0,3,2,3,1,3,3,3,3,21,Severe-Depression
23-26,Male,NorthSouthUniversity(NSU),Engineering---CS-/-CSE-/-CSC-/-Similar-to-CS,First-Year-or-Equivalent,2.50---2.99,No,3,3,3,3,3,3,3,21,Severe-Anxiety,3,2,3,3,0,0,1,0,4,3,19,Moderate-Stress,1,3,3,3,3,3,2,1,0,19,Moderately-Severe-Depression
23-26,Female,DhakaUniversity(DU),Other,Third-Year-or-Equivalent,3.40---3.79,No,2,2,1,1,2,1,2,11,Moderate-Anxiety,1,1,3,2,2,2,2,2,2,3,20,Moderate-Stress,3,1,0,1,0,1,1,1,0,8,Mild-Depression
18-22,Male,DhakaUniversity(DU),Environmental-and-Life-Sciences,Third-Year-or-Equivalent,2.50---2.99,No,2,1,1,1,3,1,3,12,Moderate-Anxiety,2,3,4,2,2,2,2,3,2,2,24,Moderate-Stress,1,1,2,2,0,3,3,1,0,13,Moderate-Depression
23-26,Male,NorthSouthUniversity(NSU),Engineering---CS-/-CSE-/-CSC-/-Similar-to-CS,Third-Year-or-Equivalent,3.00---3.39,No,2,3,2,2,2,2,2,15,Severe-Anxiety,3,3,3,3,2,2,2,3,3,3,27,High-Perceived-Stress,2,3,3,3,2,2,2,2,1,20,Severe-Depression
18-22,Male,IndependentUniversityBangladesh(IUB),Engineering---CS-/-CSE-/-CSC-/-Similar-to-CS,Third-Year-or-Equivalent,3.80---4.00,Yes,2,2,2,2,2,1,2,13,Moderate-Anxiety,3,4,4,4,1,2,2,1,3,3,27,High-Perceived-Stress,1,1,0,1,3,2,1,3,2,14,Moderate-Depression
18-22,Male,IndependentUniversityBangladesh(IUB),Engineering---CS-/-CSE-/-CSC-/-Similar-to-CS,Third-Year-or-Equivalent,3.40---3.79,Yes,3,3,3,3,3,3,3,21,Severe-Anxiety,4,4,4,4,0,0,0,0,4,4,24,Moderate-Stress,3,3,3,3,3,3,3,3,3,27,Severe-Depression
18-22,Male,NorthSouthUniversity(NSU),Engineering---CS-/-CSE-/-CSC-/-Similar-to-CS,Third-Year-or-Equivalent,3.00---3.39,No,3,3,3,3,3,3,3,21,Severe-Anxiety,4,4,4,4,0,4,4,4,4,4,36,High-Perceived-Stress,3,3,3,3,3,3,3,3,3,27,Severe-Depression
18-22,Male,IndependentUniversityBangladesh(IUB),Engineering---CS-/-CSE-/-CSC-/-Similar-to-CS,Third-Year-or-Equivalent,2.50---2.99,Yes,1,1,1,1,1,3,2,10,Moderate-Anxiety,2,2,2,2,1,2,2,1,3,3,20,Moderate-Stress,1,1,2,3,2,1,1,1,1,13,Moderate-Depression
23-26,Male,NorthSouthUniversity(NSU),Engineering---CS-/-CSE-/-CSC-/-Similar-to-CS,Third-Year-or-Equivalent,3.00---3.39,No,3,3,3,1,2,2,2,16,Severe-Anxiety,3,2,2,2,1,1,1,1,3,2,18,Moderate-Stress,1,1,2,3,1,1,1,1,1,12,Moderate-Depression
23-26,Male,NorthSouthUniversity(NSU),Engineering---CS-/-CSE-/-CSC-/-Similar-to-CS,Fourth-Year-or-Equivalent,Other,No,3,0,3,3,3,3,3,18,Severe-Anxiety,4,3,4,3,2,2,2,4,3,2,29,High-Perceived-Stress,1,3,3,3,0,3,2,1,1,17,Moderately-Severe-Depression
18-22,Female,DhakaUniversity(DU),Business-and-Entrepreneurship-Studies,Third-Year-or-Equivalent,3.80---4.00,No,3,3,3,2,3,3,3,20,Severe-Anxiety,4,3,4,3,2,3,3,2,4,4,32,High-Perceived-Stress,3,3,2,2,2,3,2,2,3,22,Severe-Depression
18-22,Female,DhakaUniversity(DU),Other,Third-Year-or-Equivalent,3.40---3.79,No,3,3,3,3,3,3,3,21,Severe-Anxiety,4,4,4,4,3,4,4,4,4,4,39,High-Perceived-Stress,3,3,3,3,3,3,3,3,3,27,Severe-Depression
18-22,Female,DhakaUniversity(DU),Biological-Sciences,Fourth-Year-or-Equivalent,3.40---3.79,No,3,3,3,3,3,3,3,21,Severe-Anxiety,2,2,4,4,0,0,0,1,3,3,19,Moderate-Stress,0,2,3,2,3,2,3,0,0,15,Moderately-Severe-Depression
18-22,Male,DhakaUniversity(DU),Other,Second-Year-or-Equivalent,3.00---3.39,No,3,3,3,3,3,3,3,21,Severe-Anxiety,4,4,4,4,2,3,2,4,4,2,33,High-Perceived-Stress,1,1,3,3,0,3,2,2,3,18,Moderately-Severe-Depression
18-22,Female,DhakaUniversity(DU),Business-and-Entrepreneurship-Studies,Second-Year-or-Equivalent,3.40---3.79,No,2,3,3,3,3,3,3,20,Severe-Anxiety,4,4,4,3,3,4,3,4,4,4,37,High-Perceived-Stress,3,3,3,3,2,3,3,0,3,23,Severe-Depression
18-22,Female,DhakaUniversity(DU),Business-and-Entrepreneurship-Studies,Second-Year-or-Equivalent,2.50---2.99,No,2,2,1,1,1,1,1,9,Mild-Anxiety,4,4,4,4,2,4,1,4,4,3,34,High-Perceived-Stress,2,3,3,2,2,3,2,1,3,21,Severe-Depression
18-22,Male,DhakaUniversity(DU),Business-and-Entrepreneurship-Studies,Second-Year-or-Equivalent,3.00---3.39,No,2,1,1,1,2,0,1,8,Mild-Anxiety,3,1,3,2,1,2,1,3,3,2,21,Moderate-Stress,3,3,1,3,3,3,3,1,2,22,Severe-Depression
18-22,Male,DhakaUniversity(DU),Business-and-Entrepreneurship-Studies,Second-Year-or-Equivalent,3.00---3.39,No,3,3,3,3,2,3,2,19,Severe-Anxiety,4,4,4,4,4,4,4,4,0,0,32,High-Perceived-Stress,3,3,3,3,2,2,3,0,1,20,Severe-Depression
18-22,Male,DhakaUniversity(DU),Business-and-Entrepreneurship-Studies,Third-Year-or-Equivalent,3.00---3.39,No,3,3,2,3,3,2,3,19,Severe-Anxiety,4,4,4,4,4,4,3,3,4,4,38,High-Perceived-Stress,3,2,2,3,3,3,3,1,3,23,Severe-Depression
18-22,Male,DhakaUniversity(DU),Business-and-Entrepreneurship-Studies,Second-Year-or-Equivalent,2.50---2.99,No,3,3,3,3,3,2,3,20,Severe-Anxiety,4,4,4,4,4,1,3,4,3,4,35,High-Perceived-Stress,1,3,3,3,3,3,3,2,3,24,Severe-Depression
18-22,Female,DhakaUniversity(DU),Business-and-Entrepreneurship-Studies,Second-Year-or-Equivalent,2.50---2.99,No,2,2,2,2,2,2,3,15,Severe-Anxiety,3,3,3,3,3,4,4,4,2,3,32,High-Perceived-Stress,2,3,3,3,3,3,3,3,3,26,Severe-Depression
18-22,Female,DhakaUniversity(DU),Biological-Sciences,Third-Year-or-Equivalent,3.40---3.79,No,1,1,1,1,1,2,1,8,Mild-Anxiety,2,2,2,2,2,2,2,2,3,2,21,Moderate-Stress,1,1,1,1,1,1,1,1,0,8,Mild-Depression
18-22,Male,DhakaUniversity(DU),Business-and-Entrepreneurship-Studies,Second-Year-or-Equivalent,3.40---3.79,No,1,1,1,1,1,1,1,7,Mild-Anxiety,2,1,2,2,1,2,2,3,2,2,19,Moderate-Stress,1,0,1,0,1,1,0,0,0,4,Minimal-Depression
18-22,Male,DhakaUniversity(DU),Other,Second-Year-or-Equivalent,3.40---3.79,No,1,1,1,2,1,1,2,9,Mild-Anxiety,3,3,4,1,0,1,3,2,4,2,23,Moderate-Stress,2,2,2,3,3,1,1,2,3,19,Moderately-Severe-Depression
18-22,Female,DhakaUniversity(DU),Business-and-Entrepreneurship-Studies,Second-Year-or-Equivalent,3.00---3.39,No,2,2,3,1,2,3,3,16,Severe-Anxiety,3,4,3,4,0,3,2,3,4,4,30,High-Perceived-Stress,2,3,2,2,2,3,3,0,0,17,Moderately-Severe-Depression
18-22,Female,DhakaUniversity(DU),Biological-Sciences,Third-Year-or-Equivalent,3.40---3.79,No,3,3,3,3,3,3,3,21,Severe-Anxiety,2,2,2,4,0,2,2,2,4,4,24,Moderate-Stress,3,3,3,3,2,3,3,3,3,26,Severe-Depression
18-22,Male,DhakaUniversity(DU),Business-and-Entrepreneurship-Studies,Third-Year-or-Equivalent,3.00---3.39,No,1,1,1,0,1,1,1,6,Mild-Anxiety,2,2,3,1,0,2,2,4,2,1,19,Moderate-Stress,1,2,1,1,1,1,1,0,0,8,Mild-Depression
23-26,Male,DhakaUniversity(DU),Other,Fourth-Year-or-Equivalent,3.00---3.39,No,2,2,2,3,2,1,2,14,Moderate-Anxiety,3,3,4,3,2,2,1,1,2,2,23,Moderate-Stress,2,2,3,2,2,2,2,2,3,20,Severe-Depression
18-22,Female,DhakaUniversity(DU),Other,Second-Year-or-Equivalent,2.50---2.99,No,3,3,1,2,2,1,2,14,Moderate-Anxiety,3,4,4,4,3,4,4,4,1,4,35,High-Perceived-Stress,1,1,0,1,2,3,2,1,2,13,Moderate-Depression
18-22,Male,DhakaUniversity(DU),Other,Second-Year-or-Equivalent,3.00---3.39,No,2,2,2,3,1,1,1,12,Moderate-Anxiety,4,4,4,4,2,3,2,2,2,3,30,High-Perceived-Stress,2,3,1,3,0,1,2,1,0,13,Moderate-Depression
23-26,Male,DhakaUniversity(DU),Other,Third-Year-or-Equivalent,3.00---3.39,No,0,1,1,1,1,1,1,6,Mild-Anxiety,0,1,1,1,4,2,2,2,0,0,13,Low-Stress,1,1,1,1,1,1,1,1,1,9,Mild-Depression
23-26,Male,DhakaUniversity(DU),Business-and-Entrepreneurship-Studies,Second-Year-or-Equivalent,3.00---3.39,No,3,2,2,3,3,3,3,19,Severe-Anxiety,2,3,3,2,1,2,1,3,2,4,23,Moderate-Stress,2,2,3,3,2,3,3,2,0,20,Severe-Depression
23-26,Male,NorthSouthUniversity(NSU),Engineering---EEE/-ECE-/-Similar-to-EEE,Fourth-Year-or-Equivalent,3.00---3.39,No,3,0,3,3,3,2,2,16,Severe-Anxiety,4,4,4,4,3,4,2,2,4,4,35,High-Perceived-Stress,1,2,2,3,3,3,2,3,2,21,Severe-Depression
23-26,Male,DhakaUniversity(DU),Biological-Sciences,Third-Year-or-Equivalent,3.00---3.39,No,3,0,3,2,3,3,2,16,Severe-Anxiety,4,4,4,4,3,3,4,4,4,4,38,High-Perceived-Stress,0,3,3,3,3,3,3,1,2,21,Severe-Depression
18-22,Female,DhakaUniversity(DU),Business-and-Entrepreneurship-Studies,Second-Year-or-Equivalent,3.80---4.00,No,1,1,1,1,1,1,2,8,Mild-Anxiety,2,3,4,3,1,1,1,1,4,4,24,Moderate-Stress,2,0,0,1,0,0,0,0,0,3,Minimal-Depression
18-22,Female,DhakaUniversity(DU),Other,Second-Year-or-Equivalent,3.80---4.00,No,1,1,1,2,2,0,1,8,Mild-Anxiety,4,3,3,3,2,2,1,3,2,3,26,Moderate-Stress,1,1,2,1,1,3,2,1,2,14,Moderate-Depression
18-22,Male,DhakaUniversity(DU),Biological-Sciences,Third-Year-or-Equivalent,3.00---3.39,No,1,1,2,2,2,2,2,12,Moderate-Anxiety,2,2,2,2,2,2,2,2,2,2,20,Moderate-Stress,2,2,3,2,2,2,2,2,2,19,Moderately-Severe-Depression
18-22,Male,AmericanInternationalUniversityBangladesh(AIUB),Engineering---CS-/-CSE-/-CSC-/-Similar-to-CS,Fourth-Year-or-Equivalent,3.40---3.79,No,1,1,1,1,1,1,1,7,Mild-Anxiety,3,2,2,0,0,0,1,2,2,1,13,Low-Stress,2,0,0,2,0,0,0,1,0,5,Mild-Depression
23-26,Male,AmericanInternationalUniversityBangladesh(AIUB),Engineering---CS-/-CSE-/-CSC-/-Similar-to-CS,Other,3.00---3.39,No,2,1,2,2,2,1,1,11,Moderate-Anxiety,3,3,2,3,2,3,1,2,2,1,22,Moderate-Stress,2,2,1,3,1,1,2,2,2,16,Moderately-Severe-Depression
18-22,Female,DhakaUniversity(DU),Business-and-Entrepreneurship-Studies,Third-Year-or-Equivalent,3.00---3.39,No,2,2,2,2,2,2,2,14,Moderate-Anxiety,4,4,4,3,4,4,4,4,4,4,39,High-Perceived-Stress,0,2,2,3,2,1,0,2,0,12,Moderate-Depression
23-26,Male,AmericanInternationalUniversityBangladesh(AIUB),Engineering---CS-/-CSE-/-CSC-/-Similar-to-CS,Fourth-Year-or-Equivalent,3.40---3.79,No,1,1,1,1,1,1,1,7,Mild-Anxiety,3,2,2,2,2,2,2,2,2,2,21,Moderate-Stress,2,1,1,1,1,1,1,1,0,9,Mild-Depression
18-22,Male,DhakaUniversity(DU),Other,Second-Year-or-Equivalent,2.50---2.99,No,3,3,3,3,3,3,3,21,Severe-Anxiety,3,4,3,4,1,0,1,4,3,4,27,High-Perceived-Stress,0,3,3,3,2,3,3,3,0,20,Severe-Depression
18-22,Female,AmericanInternationalUniversityBangladesh(AIUB),Engineering---CS-/-CSE-/-CSC-/-Similar-to-CS,Fourth-Year-or-Equivalent,3.00---3.39,No,1,3,3,3,3,2,1,16,Severe-Anxiety,2,2,4,2,2,2,2,2,2,2,22,Moderate-Stress,3,3,1,3,1,3,3,3,0,20,Severe-Depression
18-22,Male,AmericanInternationalUniversityBangladesh(AIUB),Engineering---CS-/-CSE-/-CSC-/-Similar-to-CS,Third-Year-or-Equivalent,3.40---3.79,No,1,1,3,0,1,0,1,7,Mild-Anxiety,1,0,0,0,4,4,4,4,0,0,17,Moderate-Stress,1,1,2,2,0,2,2,1,1,12,Moderate-Depression
23-26,Male,AmericanInternationalUniversityBangladesh(AIUB),Engineering---CS-/-CSE-/-CSC-/-Similar-to-CS,Fourth-Year-or-Equivalent,3.00---3.39,No,1,0,2,3,0,1,0,7,Mild-Anxiety,1,3,1,3,1,0,2,3,0,4,18,Moderate-Stress,1,1,1,1,0,0,1,0,0,5,Mild-Depression
18-22,Male,AmericanInternationalUniversityBangladesh(AIUB),Engineering---CS-/-CSE-/-CSC-/-Similar-to-CS,Second-Year-or-Equivalent,3.80---4.00,No,3,1,3,3,2,2,1,15,Severe-Anxiety,2,3,3,3,1,2,2,2,2,2,22,Moderate-Stress,3,2,3,3,1,2,2,2,2,20,Severe-Depression
23-26,Female,AmericanInternationalUniversityBangladesh(AIUB),Engineering---CS-/-CSE-/-CSC-/-Similar-to-CS,Other,3.00---3.39,No,1,1,1,1,1,1,1,7,Mild-Anxiety,2,2,3,2,2,2,2,2,2,2,21,Moderate-Stress,1,1,1,2,1,2,1,1,0,10,Moderate-Depression
18-22,Male,AmericanInternationalUniversityBangladesh(AIUB),Engineering---CS-/-CSE-/-CSC-/-Similar-to-CS,Fourth-Year-or-Equivalent,3.40---3.79,No,1,1,1,1,1,1,1,7,Mild-Anxiety,1,1,1,1,3,3,3,3,1,1,18,Moderate-Stress,1,1,1,1,1,1,1,1,1,9,Mild-Depression
18-22,Male,AmericanInternationalUniversityBangladesh(AIUB),Engineering---CS-/-CSE-/-CSC-/-Similar-to-CS,First-Year-or-Equivalent,3.80---4.00,No,1,1,1,2,2,2,2,11,Moderate-Anxiety,4,2,1,1,2,4,2,2,3,2,23,Moderate-Stress,1,2,2,2,2,1,2,2,0,14,Moderate-Depression
23-26,Male,Dhaka-University-of-Engineering-and-Technology-(DUET),Engineering---CS-/-CSE-/-CSC-/-Similar-to-CS,Fourth-Year-or-Equivalent,3.40---3.79,No,1,1,1,1,0,1,0,5,Mild-Anxiety,2,3,2,2,3,2,0,3,4,2,23,Moderate-Stress,3,3,2,2,1,3,2,2,1,19,Moderately-Severe-Depression
18-22,Female,AmericanInternationalUniversityBangladesh(AIUB),Engineering---CS-/-CSE-/-CSC-/-Similar-to-CS,Fourth-Year-or-Equivalent,3.00---3.39,No,1,1,1,1,1,1,1,7,Mild-Anxiety,1,1,1,1,3,3,3,3,1,1,18,Moderate-Stress,1,1,1,1,1,1,1,1,1,9,Mild-Depression
18-22,Male,AmericanInternationalUniversityBangladesh(AIUB),Engineering---CS-/-CSE-/-CSC-/-Similar-to-CS,Third-Year-or-Equivalent,3.80---4.00,No,1,1,1,1,2,1,2,9,Mild-Anxiety,3,2,2,1,0,1,2,0,2,1,14,Moderate-Stress,2,1,1,1,0,1,0,1,0,7,Mild-Depression
18-22,Female,AmericanInternationalUniversityBangladesh(AIUB),Engineering---CS-/-CSE-/-CSC-/-Similar-to-CS,Third-Year-or-Equivalent,3.00---3.39,No,2,2,1,1,3,3,1,13,Moderate-Anxiety,2,2,2,2,2,2,2,3,3,2,22,Moderate-Stress,1,2,1,1,1,2,1,1,1,11,Moderate-Depression
18-22,Male,AmericanInternationalUniversityBangladesh(AIUB),Engineering---CS-/-CSE-/-CSC-/-Similar-to-CS,Third-Year-or-Equivalent,3.40---3.79,Yes,2,1,1,1,1,3,1,10,Moderate-Anxiety,2,2,3,2,0,0,2,1,2,2,16,Moderate-Stress,1,1,2,2,1,1,1,2,2,13,Moderate-Depression
23-26,Male,AmericanInternationalUniversityBangladesh(AIUB),Engineering---CS-/-CSE-/-CSC-/-Similar-to-CS,Third-Year-or-Equivalent,3.40---3.79,No,1,1,1,1,1,1,1,7,Mild-Anxiety,2,1,2,2,3,4,3,3,2,2,24,Moderate-Stress,1,1,0,1,1,0,1,1,1,7,Mild-Depression
18-22,Male,AmericanInternationalUniversityBangladesh(AIUB),Engineering---CS-/-CSE-/-CSC-/-Similar-to-CS,First-Year-or-Equivalent,3.40---3.79,No,3,3,2,1,2,3,3,17,Severe-Anxiety,3,4,3,4,2,3,1,3,2,3,28,High-Perceived-Stress,1,2,3,3,3,2,2,2,1,19,Moderately-Severe-Depression
23-26,Male,AmericanInternationalUniversityBangladesh(AIUB),Engineering---CS-/-CSE-/-CSC-/-Similar-to-CS,Third-Year-or-Equivalent,3.40---3.79,No,3,3,2,2,2,1,1,14,Moderate-Anxiety,2,2,3,3,2,2,1,2,2,3,22,Moderate-Stress,1,1,1,1,1,1,1,1,1,9,Mild-Depression
18-22,Male,AmericanInternationalUniversityBangladesh(AIUB),Engineering---CS-/-CSE-/-CSC-/-Similar-to-CS,Second-Year-or-Equivalent,3.40---3.79,No,3,0,1,1,3,1,1,10,Moderate-Anxiety,1,1,1,2,1,2,2,2,1,2,15,Moderate-Stress,1,0,0,1,1,1,1,1,1,7,Mild-Depression
23-26,Male,AmericanInternationalUniversityBangladesh(AIUB),Engineering---CS-/-CSE-/-CSC-/-Similar-to-CS,Fourth-Year-or-Equivalent,3.00---3.39,No,2,2,2,2,2,2,2,14,Moderate-Anxiety,2,2,2,2,2,2,2,2,2,2,20,Moderate-Stress,2,2,3,3,3,1,3,3,3,23,Severe-Depression
23-26,Male,AmericanInternationalUniversityBangladesh(AIUB),Engineering---CS-/-CSE-/-CSC-/-Similar-to-CS,Other,Below-2.50,No,3,3,3,3,3,3,3,21,Severe-Anxiety,4,3,4,4,3,4,4,4,4,4,38,High-Perceived-Stress,0,3,3,3,3,3,3,3,3,24,Severe-Depression
23-26,Male,BangladeshUniversityofEngineeringandTechnology(BUET),Engineering---EEE/-ECE-/-Similar-to-EEE,Fourth-Year-or-Equivalent,3.00---3.39,No,2,1,2,1,1,1,1,9,Mild-Anxiety,2,2,2,2,1,1,2,4,2,2,20,Moderate-Stress,1,1,1,2,1,1,1,1,0,9,Mild-Depression
18-22,Male,IndependentUniversityBangladesh(IUB),Engineering---CS-/-CSE-/-CSC-/-Similar-to-CS,First-Year-or-Equivalent,3.40---3.79,Yes,1,0,0,1,2,1,1,6,Mild-Anxiety,0,0,3,2,1,2,4,2,2,2,18,Moderate-Stress,2,1,0,1,1,1,1,0,0,7,Mild-Depression
23-26,Male,AmericanInternationalUniversityBangladesh(AIUB),Engineering---CS-/-CSE-/-CSC-/-Similar-to-CS,Third-Year-or-Equivalent,3.40---3.79,No,2,2,3,2,2,3,2,16,Severe-Anxiety,2,3,3,4,0,2,1,2,4,3,24,Moderate-Stress,2,2,2,3,3,3,1,2,0,18,Moderately-Severe-Depression
18-22,Male,AmericanInternationalUniversityBangladesh(AIUB),Engineering---CS-/-CSE-/-CSC-/-Similar-to-CS,Third-Year-or-Equivalent,2.50---2.99,No,0,0,0,0,1,0,1,2,Minimal-Anxiety,0,1,2,0,3,1,1,2,1,1,12,Low-Stress,2,1,0,1,2,0,1,0,0,7,Mild-Depression
18-22,Female,AmericanInternationalUniversityBangladesh(AIUB),Engineering---CS-/-CSE-/-CSC-/-Similar-to-CS,First-Year-or-Equivalent,3.80---4.00,No,1,1,1,1,1,1,3,9,Mild-Anxiety,2,2,3,3,2,0,2,2,4,3,23,Moderate-Stress,1,1,2,2,2,2,2,2,2,16,Moderately-Severe-Depression
23-26,Male,BangladeshUniversityofEngineeringandTechnology(BUET),Engineering---EEE/-ECE-/-Similar-to-EEE,Fourth-Year-or-Equivalent,3.00---3.39,Yes,3,2,2,2,2,2,2,15,Severe-Anxiety,2,0,4,4,4,4,4,4,4,4,34,High-Perceived-Stress,2,2,2,2,2,2,2,2,2,18,Moderately-Severe-Depression
23-26,Male,BangladeshUniversityofEngineeringandTechnology(BUET),Engineering---EEE/-ECE-/-Similar-to-EEE,Fourth-Year-or-Equivalent,3.00---3.39,No,0,2,1,2,1,1,1,8,Mild-Anxiety,1,2,1,3,3,3,2,2,1,1,19,Moderate-Stress,0,1,1,0,1,1,0,1,1,6,Mild-Depression
18-22,Male,Dhaka-University-of-Engineering-and-Technology-(DUET),Engineering---CS-/-CSE-/-CSC-/-Similar-to-CS,Third-Year-or-Equivalent,2.50---2.99,No,3,2,3,2,3,2,2,17,Severe-Anxiety,4,3,4,4,2,2,2,2,4,4,31,High-Perceived-Stress,2,2,3,2,2,2,2,3,2,20,Severe-Depression
23-26,Male,AmericanInternationalUniversityBangladesh(AIUB),Engineering---CS-/-CSE-/-CSC-/-Similar-to-CS,Fourth-Year-or-Equivalent,3.40---3.79,No,1,2,1,0,1,2,1,8,Mild-Anxiety,1,1,4,2,0,1,1,1,1,2,14,Moderate-Stress,1,0,2,0,0,0,0,1,0,4,Minimal-Depression
18-22,Male,AmericanInternationalUniversityBangladesh(AIUB),Engineering---CS-/-CSE-/-CSC-/-Similar-to-CS,Second-Year-or-Equivalent,3.40---3.79,No,3,3,3,3,3,3,3,21,Severe-Anxiety,4,4,2,4,1,4,4,1,3,4,31,High-Perceived-Stress,3,3,3,3,3,3,3,3,3,27,Severe-Depression
18-22,Male,DhakaUniversity(DU),Biological-Sciences,Third-Year-or-Equivalent,3.40---3.79,No,2,1,1,2,1,2,1,10,Moderate-Anxiety,2,1,2,3,2,2,2,2,3,1,20,Moderate-Stress,1,1,1,3,2,1,1,1,1,12,Moderate-Depression
23-26,Male,Dhaka-University-of-Engineering-and-Technology-(DUET),Engineering---CS-/-CSE-/-CSC-/-Similar-to-CS,Fourth-Year-or-Equivalent,3.00---3.39,No,1,1,1,1,1,1,1,7,Mild-Anxiety,1,2,2,1,3,2,2,2,2,2,19,Moderate-Stress,1,1,1,1,1,1,1,1,1,9,Mild-Depression
18-22,Male,AmericanInternationalUniversityBangladesh(AIUB),Engineering---CS-/-CSE-/-CSC-/-Similar-to-CS,Second-Year-or-Equivalent,3.40---3.79,No,1,0,3,3,2,2,2,13,Moderate-Anxiety,2,2,2,2,1,0,1,3,4,4,21,Moderate-Stress,0,0,0,0,1,1,1,0,0,3,Minimal-Depression
23-26,Male,DhakaUniversity(DU),Business-and-Entrepreneurship-Studies,Other,3.40---3.79,No,1,2,2,3,2,1,2,13,Moderate-Anxiety,3,2,4,4,1,1,1,0,2,3,21,Moderate-Stress,1,1,1,2,0,1,3,1,1,11,Moderate-Depression
23-26,Male,BangladeshUniversityofEngineeringandTechnology(BUET),Engineering---EEE/-ECE-/-Similar-to-EEE,Other,3.00---3.39,No,3,3,3,3,3,3,3,21,Severe-Anxiety,3,3,3,3,1,3,1,3,3,3,26,Moderate-Stress,2,3,3,3,2,2,2,3,2,22,Severe-Depression
23-26,Male,Dhaka-University-of-Engineering-and-Technology-(DUET),Engineering---CS-/-CSE-/-CSC-/-Similar-to-CS,Third-Year-or-Equivalent,3.40---3.79,No,3,3,3,3,3,2,2,19,Severe-Anxiety,0,0,4,4,0,0,0,1,3,3,15,Moderate-Stress,0,3,1,3,1,2,1,2,1,14,Moderate-Depression
27-30,Male,DhakaUniversity(DU),Business-and-Entrepreneurship-Studies,Other,3.00---3.39,No,2,2,2,3,2,1,2,14,Moderate-Anxiety,3,4,4,3,1,3,3,2,3,3,29,High-Perceived-Stress,2,2,0,3,3,2,1,1,1,15,Moderately-Severe-Depression
18-22,Male,AmericanInternationalUniversityBangladesh(AIUB),Engineering---CS-/-CSE-/-CSC-/-Similar-to-CS,Third-Year-or-Equivalent,3.40---3.79,Yes,1,3,1,2,3,1,3,14,Moderate-Anxiety,2,2,2,2,2,2,2,2,2,2,20,Moderate-Stress,1,3,2,3,0,3,2,3,0,17,Moderately-Severe-Depression
18-22,Female,DhakaUniversity(DU),Business-and-Entrepreneurship-Studies,Second-Year-or-Equivalent,3.40---3.79,No,2,3,2,3,2,2,2,16,Severe-Anxiety,4,4,4,2,2,3,3,3,4,4,33,High-Perceived-Stress,3,3,3,3,3,3,3,3,1,25,Severe-Depression
23-26,Male,Dhaka-University-of-Engineering-and-Technology-(DUET),Engineering---CS-/-CSE-/-CSC-/-Similar-to-CS,Third-Year-or-Equivalent,3.00---3.39,No,2,3,3,2,3,3,2,18,Severe-Anxiety,1,3,2,1,1,3,1,1,1,2,16,Moderate-Stress,3,2,2,2,2,1,3,2,1,18,Moderately-Severe-Depression
18-22,Male,AmericanInternationalUniversityBangladesh(AIUB),Engineering---CS-/-CSE-/-CSC-/-Similar-to-CS,First-Year-or-Equivalent,3.40---3.79,Yes,0,1,0,0,0,0,0,1,Minimal-Anxiety,0,2,0,0,4,4,4,2,1,1,18,Moderate-Stress,1,0,0,1,0,0,0,0,0,2,Minimal-Depression
23-26,Male,AmericanInternationalUniversityBangladesh(AIUB),Engineering---CS-/-CSE-/-CSC-/-Similar-to-CS,Fourth-Year-or-Equivalent,3.80---4.00,No,1,1,1,1,2,1,1,8,Mild-Anxiety,1,1,1,1,0,1,2,1,3,3,14,Moderate-Stress,1,1,1,3,3,2,2,2,2,17,Moderately-Severe-Depression
18-22,Male,AmericanInternationalUniversityBangladesh(AIUB),Engineering---CS-/-CSE-/-CSC-/-Similar-to-CS,Second-Year-or-Equivalent,3.00---3.39,No,0,1,1,1,1,1,0,5,Mild-Anxiety,2,2,2,1,1,1,2,2,1,2,16,Moderate-Stress,1,0,1,1,1,3,0,0,0,7,Mild-Depression
23-26,Male,Dhaka-University-of-Engineering-and-Technology-(DUET),Engineering---CS-/-CSE-/-CSC-/-Similar-to-CS,Third-Year-or-Equivalent,3.00---3.39,Yes,2,2,2,2,2,2,2,14,Moderate-Anxiety,3,1,1,1,3,3,3,3,1,1,20,Moderate-Stress,2,1,1,1,1,1,1,1,1,10,Moderate-Depression
23-26,Male,AmericanInternationalUniversityBangladesh(AIUB),Engineering---CS-/-CSE-/-CSC-/-Similar-to-CS,Second-Year-or-Equivalent,3.40---3.79,Yes,2,1,2,2,2,2,1,12,Moderate-Anxiety,2,2,2,2,0,2,1,2,2,2,17,Moderate-Stress,1,1,1,2,1,1,1,0,0,8,Mild-Depression
18-22,Male,DhakaUniversity(DU),Business-and-Entrepreneurship-Studies,Second-Year-or-Equivalent,2.50---2.99,No,3,3,3,3,3,3,3,21,Severe-Anxiety,4,4,4,4,4,4,4,4,4,4,40,High-Perceived-Stress,3,3,3,3,3,3,3,3,3,27,Severe-Depression
23-26,Male,AmericanInternationalUniversityBangladesh(AIUB),Engineering---CS-/-CSE-/-CSC-/-Similar-to-CS,Other,3.40---3.79,Yes,1,1,1,0,0,0,0,3,Minimal-Anxiety,0,0,0,1,1,1,1,2,1,1,8,Low-Stress,2,1,2,2,0,2,1,0,0,10,Moderate-Depression
18-22,Male,BangladeshUniversityofEngineeringandTechnology(BUET),Engineering---EEE/-ECE-/-Similar-to-EEE,Fourth-Year-or-Equivalent,3.40---3.79,No,2,1,1,1,1,1,2,9,Mild-Anxiety,2,2,2,2,2,2,2,4,2,1,21,Moderate-Stress,2,2,2,2,2,2,0,0,0,12,Moderate-Depression
18-22,Male,AmericanInternationalUniversityBangladesh(AIUB),Engineering---CS-/-CSE-/-CSC-/-Similar-to-CS,First-Year-or-Equivalent,3.00---3.39,No,2,1,1,1,2,1,1,9,Mild-Anxiety,2,1,2,2,1,2,2,2,3,2,19,Moderate-Stress,2,1,1,1,1,2,1,1,2,12,Moderate-Depression
18-22,Female,AmericanInternationalUniversityBangladesh(AIUB),Engineering---CS-/-CSE-/-CSC-/-Similar-to-CS,Third-Year-or-Equivalent,3.40---3.79,No,3,3,3,2,2,3,0,16,Severe-Anxiety,4,3,4,4,1,2,1,1,4,2,26,Moderate-Stress,2,3,3,3,3,3,2,2,2,23,Severe-Depression
18-22,Prefer-not-to-say,AmericanInternationalUniversityBangladesh(AIUB),Engineering---CS-/-CSE-/-CSC-/-Similar-to-CS,Second-Year-or-Equivalent,3.40---3.79,No,2,3,1,1,2,2,1,12,Moderate-Anxiety,2,1,1,3,2,3,4,1,1,1,19,Moderate-Stress,1,1,2,1,1,2,2,1,2,13,Moderate-Depression
18-22,Male,DhakaUniversity(DU),Other,Second-Year-or-Equivalent,2.50---2.99,No,2,3,2,2,2,2,2,15,Severe-Anxiety,1,3,3,3,2,3,3,4,4,4,30,High-Perceived-Stress,0,1,1,3,3,3,3,2,0,16,Moderately-Severe-Depression
23-26,Male,Dhaka-University-of-Engineering-and-Technology-(DUET),Engineering---CS-/-CSE-/-CSC-/-Similar-to-CS,Third-Year-or-Equivalent,3.40---3.79,No,1,2,2,2,2,2,2,13,Moderate-Anxiety,2,2,1,1,2,2,2,2,0,1,15,Moderate-Stress,2,1,1,1,1,1,1,1,1,10,Moderate-Depression
18-22,Female,IndependentUniversityBangladesh(IUB),Engineering---CS-/-CSE-/-CSC-/-Similar-to-CS,Fourth-Year-or-Equivalent,3.00---3.39,No,3,3,3,3,3,2,3,20,Severe-Anxiety,4,4,4,3,1,3,3,2,1,4,29,High-Perceived-Stress,2,3,2,3,3,3,3,2,3,24,Severe-Depression
18-22,Male,DhakaUniversity(DU),Biological-Sciences,Third-Year-or-Equivalent,3.00---3.39,No,2,2,2,1,3,1,0,11,Moderate-Anxiety,1,2,2,2,1,2,1,1,2,2,16,Moderate-Stress,2,1,1,2,1,1,1,1,1,11,Moderate-Depression
23-26,Male,BangladeshUniversityofEngineeringandTechnology(BUET),Engineering---EEE/-ECE-/-Similar-to-EEE,Fourth-Year-or-Equivalent,3.40---3.79,No,1,1,1,1,1,1,1,7,Mild-Anxiety,0,0,0,0,1,1,1,2,1,1,7,Low-Stress,0,0,1,1,0,0,0,0,0,2,Minimal-Depression
18-22,Male,AmericanInternationalUniversityBangladesh(AIUB),Engineering---CS-/-CSE-/-CSC-/-Similar-to-CS,Second-Year-or-Equivalent,3.80---4.00,Yes,0,3,1,3,3,1,3,14,Moderate-Anxiety,4,3,4,4,0,2,2,0,3,3,25,Moderate-Stress,3,3,3,3,1,3,3,3,3,25,Severe-Depression
18-22,Male,AmericanInternationalUniversityBangladesh(AIUB),Engineering---CS-/-CSE-/-CSC-/-Similar-to-CS,Fourth-Year-or-Equivalent,3.00---3.39,Yes,2,1,1,1,1,3,0,9,Mild-Anxiety,2,4,3,2,2,1,2,1,2,3,22,Moderate-Stress,1,1,1,3,1,1,1,1,1,11,Moderate-Depression
18-22,Female,IndependentUniversityBangladesh(IUB),Engineering---CS-/-CSE-/-CSC-/-Similar-to-CS,Second-Year-or-Equivalent,3.00---3.39,Yes,3,3,2,3,3,1,3,18,Severe-Anxiety,4,4,4,3,3,4,1,4,3,3,33,High-Perceived-Stress,3,3,3,3,3,3,2,3,3,26,Severe-Depression
23-26,Male,Dhaka-University-of-Engineering-and-Technology-(DUET),Engineering---CS-/-CSE-/-CSC-/-Similar-to-CS,Fourth-Year-or-Equivalent,2.50---2.99,No,2,2,2,2,3,2,3,16,Severe-Anxiety,2,1,3,2,2,1,2,2,2,3,20,Moderate-Stress,1,3,2,3,2,3,2,2,3,21,Severe-Depression
18-22,Male,DhakaUniversity(DU),Business-and-Entrepreneurship-Studies,Second-Year-or-Equivalent,3.40---3.79,No,1,0,1,1,1,1,1,6,Mild-Anxiety,2,2,2,3,1,1,3,2,1,1,18,Moderate-Stress,1,1,2,2,1,0,1,0,0,8,Mild-Depression
23-26,Male,IndependentUniversityBangladesh(IUB),Engineering---CS-/-CSE-/-CSC-/-Similar-to-CS,Fourth-Year-or-Equivalent,2.50---2.99,No,2,1,2,1,1,2,2,11,Moderate-Anxiety,1,2,1,2,2,1,2,2,2,1,16,Moderate-Stress,1,2,2,2,1,1,2,1,1,13,Moderate-Depression
18-22,Female,DhakaUniversity(DU),Other,Second-Year-or-Equivalent,3.40---3.79,No,2,2,1,1,2,2,1,11,Moderate-Anxiety,4,1,1,1,2,4,2,4,2,2,23,Moderate-Stress,2,2,2,1,2,2,2,1,1,15,Moderately-Severe-Depression
18-22,Female,NorthSouthUniversity(NSU),Engineering---CS-/-CSE-/-CSC-/-Similar-to-CS,Fourth-Year-or-Equivalent,3.40---3.79,Yes,2,1,1,1,1,0,0,6,Mild-Anxiety,2,1,3,3,1,1,1,1,2,3,18,Moderate-Stress,0,1,2,2,2,2,2,1,0,12,Moderate-Depression
23-26,Male,Dhaka-University-of-Engineering-and-Technology-(DUET),Engineering---CS-/-CSE-/-CSC-/-Similar-to-CS,Fourth-Year-or-Equivalent,3.40---3.79,No,0,0,0,0,0,0,0,0,Minimal-Anxiety,0,0,0,0,4,4,4,4,0,0,16,Moderate-Stress,0,0,0,0,0,0,0,0,0,0,No-Depression
23-26,Female,NorthSouthUniversity(NSU),Engineering---CS-/-CSE-/-CSC-/-Similar-to-CS,Fourth-Year-or-Equivalent,2.50---2.99,Yes,3,2,2,2,2,1,1,13,Moderate-Anxiety,3,3,3,3,2,2,2,2,4,4,28,High-Perceived-Stress,0,2,0,1,0,2,2,0,0,7,Mild-Depression
23-26,Male,AmericanInternationalUniversityBangladesh(AIUB),Engineering---CS-/-CSE-/-CSC-/-Similar-to-CS,Fourth-Year-or-Equivalent,3.00---3.39,No,1,2,1,2,1,2,2,11,Moderate-Anxiety,2,1,2,1,2,2,2,3,2,2,19,Moderate-Stress,2,3,1,2,1,2,2,2,2,17,Moderately-Severe-Depression
23-26,Male,Dhaka-University-of-Engineering-and-Technology-(DUET),Engineering---CS-/-CSE-/-CSC-/-Similar-to-CS,Third-Year-or-Equivalent,3.00---3.39,No,2,1,1,1,1,3,2,11,Moderate-Anxiety,1,1,2,1,3,2,2,1,3,2,18,Moderate-Stress,1,1,3,3,1,3,1,3,1,17,Moderately-Severe-Depression
23-26,Male,AmericanInternationalUniversityBangladesh(AIUB),Engineering---CS-/-CSE-/-CSC-/-Similar-to-CS,Fourth-Year-or-Equivalent,3.00---3.39,No,1,2,0,1,1,0,0,5,Mild-Anxiety,1,0,1,1,0,1,0,1,1,1,7,Low-Stress,3,0,0,0,0,0,0,0,0,3,Minimal-Depression
23-26,Female,AmericanInternationalUniversityBangladesh(AIUB),Engineering---CS-/-CSE-/-CSC-/-Similar-to-CS,Second-Year-or-Equivalent,3.40---3.79,No,0,0,0,0,0,0,0,0,Minimal-Anxiety,0,0,0,1,4,4,3,3,0,0,15,Moderate-Stress,0,0,0,0,1,0,0,0,0,1,Minimal-Depression
18-22,Female,AmericanInternationalUniversityBangladesh(AIUB),Engineering---CS-/-CSE-/-CSC-/-Similar-to-CS,Second-Year-or-Equivalent,3.00---3.39,No,2,1,0,1,1,3,1,9,Mild-Anxiety,1,1,2,0,2,0,1,1,2,1,11,Low-Stress,3,1,2,3,0,1,1,1,0,12,Moderate-Depression
18-22,Male,AmericanInternationalUniversityBangladesh(AIUB),Engineering---CS-/-CSE-/-CSC-/-Similar-to-CS,Third-Year-or-Equivalent,3.40---3.79,No,2,2,2,2,2,2,2,14,Moderate-Anxiety,2,2,2,2,0,1,2,1,2,3,17,Moderate-Stress,2,1,1,1,1,1,1,1,1,10,Moderate-Depression
18-22,Female,DhakaUniversity(DU),Business-and-Entrepreneurship-Studies,Second-Year-or-Equivalent,3.00---3.39,No,3,0,3,3,3,2,2,16,Severe-Anxiety,3,4,4,4,1,0,3,4,4,4,31,High-Perceived-Stress,2,3,1,3,1,3,3,1,2,19,Moderately-Severe-Depression
23-26,Female,DhakaUniversity(DU),Business-and-Entrepreneurship-Studies,Second-Year-or-Equivalent,3.00---3.39,No,2,1,2,1,1,1,0,8,Mild-Anxiety,1,3,2,2,2,2,2,2,2,3,21,Moderate-Stress,1,1,2,2,1,2,2,1,1,13,Moderate-Depression
23-26,Female,DhakaUniversity(DU),Other,Third-Year-or-Equivalent,3.00---3.39,No,1,2,1,1,1,2,2,10,Moderate-Anxiety,2,2,2,2,2,2,2,4,2,2,22,Moderate-Stress,1,2,0,2,0,0,1,0,0,6,Mild-Depression
18-22,Female,NorthSouthUniversity(NSU),Engineering---CS-/-CSE-/-CSC-/-Similar-to-CS,Third-Year-or-Equivalent,3.00---3.39,No,3,2,2,2,3,2,3,17,Severe-Anxiety,3,3,4,2,2,1,2,2,3,3,25,Moderate-Stress,1,2,1,2,1,2,1,1,1,12,Moderate-Depression
18-22,Male,NorthSouthUniversity(NSU),Engineering---CS-/-CSE-/-CSC-/-Similar-to-CS,Third-Year-or-Equivalent,3.40---3.79,No,1,3,3,2,2,3,2,16,Severe-Anxiety,2,2,2,1,0,0,1,1,3,2,14,Moderate-Stress,2,1,1,2,1,2,1,1,0,11,Moderate-Depression
23-26,Male,AmericanInternationalUniversityBangladesh(AIUB),Engineering---CS-/-CSE-/-CSC-/-Similar-to-CS,Third-Year-or-Equivalent,2.50---2.99,No,1,2,2,2,2,2,2,13,Moderate-Anxiety,2,2,2,1,2,1,2,2,2,2,18,Moderate-Stress,2,1,2,2,1,2,2,2,0,14,Moderate-Depression
23-26,Female,DhakaUniversity(DU),Business-and-Entrepreneurship-Studies,Fourth-Year-or-Equivalent,3.00---3.39,No,2,3,2,2,2,1,1,13,Moderate-Anxiety,1,1,2,1,3,2,1,2,2,2,17,Moderate-Stress,0,1,0,1,1,0,1,0,0,4,Minimal-Depression
18-22,Female,DhakaUniversity(DU),Business-and-Entrepreneurship-Studies,Second-Year-or-Equivalent,3.80---4.00,Yes,2,1,2,2,1,0,0,8,Mild-Anxiety,2,4,3,2,1,3,4,1,2,2,24,Moderate-Stress,1,1,2,2,0,1,1,1,0,9,Mild-Depression
23-26,Male,BangladeshUniversityofEngineeringandTechnology(BUET),Engineering---EEE/-ECE-/-Similar-to-EEE,Third-Year-or-Equivalent,2.50---2.99,Yes,2,2,2,1,1,2,2,12,Moderate-Anxiety,2,3,4,2,1,1,1,2,2,2,20,Moderate-Stress,1,1,1,2,1,2,1,1,2,12,Moderate-Depression
23-26,Female,IndependentUniversityBangladesh(IUB),Engineering---CS-/-CSE-/-CSC-/-Similar-to-CS,Third-Year-or-Equivalent,3.40---3.79,Yes,2,3,1,3,3,3,3,18,Severe-Anxiety,4,4,4,3,0,2,2,2,2,3,26,Moderate-Stress,3,3,1,3,0,3,3,3,0,19,Moderately-Severe-Depression
18-22,Male,IndependentUniversityBangladesh(IUB),Other,Second-Year-or-Equivalent,3.40---3.79,No,2,2,2,3,2,1,1,13,Moderate-Anxiety,2,3,4,2,2,1,2,1,3,3,23,Moderate-Stress,1,1,1,1,2,1,1,1,0,9,Mild-Depression
23-26,Male,BangladeshUniversityofEngineeringandTechnology(BUET),Engineering---EEE/-ECE-/-Similar-to-EEE,Fourth-Year-or-Equivalent,3.00---3.39,No,1,2,2,1,2,2,3,13,Moderate-Anxiety,2,1,2,1,1,3,3,3,2,2,20,Moderate-Stress,1,3,3,2,1,2,2,0,1,15,Moderately-Severe-Depression
23-26,Male,BangladeshUniversityofEngineeringandTechnology(BUET),Engineering---CS-/-CSE-/-CSC-/-Similar-to-CS,Fourth-Year-or-Equivalent,3.40---3.79,Yes,0,3,1,1,1,0,0,6,Mild-Anxiety,0,0,0,0,0,2,0,4,1,1,8,Low-Stress,1,0,1,1,1,0,0,0,0,4,Minimal-Depression
18-22,Male,AmericanInternationalUniversityBangladesh(AIUB),Engineering---CS-/-CSE-/-CSC-/-Similar-to-CS,Fourth-Year-or-Equivalent,3.40---3.79,No,2,2,1,1,2,2,1,11,Moderate-Anxiety,2,2,3,3,1,1,2,1,3,3,21,Moderate-Stress,1,1,1,1,1,1,1,1,0,8,Mild-Depression
18-22,Female,AmericanInternationalUniversityBangladesh(AIUB),Engineering---CS-/-CSE-/-CSC-/-Similar-to-CS,Second-Year-or-Equivalent,3.40---3.79,No,2,1,1,1,1,1,1,8,Mild-Anxiety,1,2,4,3,2,4,1,1,1,2,21,Moderate-Stress,2,1,1,2,1,3,1,1,0,12,Moderate-Depression
18-22,Male,IndependentUniversityBangladesh(IUB),Engineering---CS-/-CSE-/-CSC-/-Similar-to-CS,First-Year-or-Equivalent,3.80---4.00,Yes,3,0,2,2,1,2,2,12,Moderate-Anxiety,3,4,4,3,1,2,2,1,4,3,27,High-Perceived-Stress,1,2,3,2,3,2,0,0,0,13,Moderate-Depression
18-22,Female,IndependentUniversityBangladesh(IUB),Engineering---CS-/-CSE-/-CSC-/-Similar-to-CS,First-Year-or-Equivalent,3.80---4.00,Yes,1,3,3,3,3,3,3,19,Severe-Anxiety,2,2,4,2,1,2,1,1,2,2,19,Moderate-Stress,1,2,1,2,1,3,2,2,0,14,Moderate-Depression
23-26,Male,AmericanInternationalUniversityBangladesh(AIUB),Engineering---CS-/-CSE-/-CSC-/-Similar-to-CS,Second-Year-or-Equivalent,3.40---3.79,No,2,3,3,2,1,1,1,13,Moderate-Anxiety,3,2,4,3,2,2,2,2,1,3,24,Moderate-Stress,2,2,1,3,3,2,3,3,3,22,Severe-Depression
18-22,Female,AmericanInternationalUniversityBangladesh(AIUB),Engineering---CS-/-CSE-/-CSC-/-Similar-to-CS,Second-Year-or-Equivalent,3.40---3.79,No,3,3,3,3,3,3,3,21,Severe-Anxiety,1,2,2,2,2,2,2,4,2,2,21,Moderate-Stress,0,3,3,3,3,3,3,3,1,22,Severe-Depression
23-26,Male,IndependentUniversityBangladesh(IUB),Engineering---CS-/-CSE-/-CSC-/-Similar-to-CS,Second-Year-or-Equivalent,Below-2.50,No,2,3,2,2,3,2,3,17,Severe-Anxiety,2,3,4,1,3,3,3,3,3,4,29,High-Perceived-Stress,1,2,3,3,3,3,2,1,1,19,Moderately-Severe-Depression
18-22,Male,AmericanInternationalUniversityBangladesh(AIUB),Engineering---CS-/-CSE-/-CSC-/-Similar-to-CS,Third-Year-or-Equivalent,3.40---3.79,No,2,1,3,2,1,1,1,11,Moderate-Anxiety,1,1,3,3,1,2,2,2,2,2,19,Moderate-Stress,1,3,3,3,0,1,0,0,0,11,Moderate-Depression
18-22,Male,AmericanInternationalUniversityBangladesh(AIUB),Engineering---CS-/-CSE-/-CSC-/-Similar-to-CS,Third-Year-or-Equivalent,3.40---3.79,No,1,1,0,1,1,1,0,5,Mild-Anxiety,2,2,2,1,1,2,1,1,2,2,16,Moderate-Stress,2,1,0,1,0,3,2,2,2,13,Moderate-Depression
18-22,Male,NorthSouthUniversity(NSU),Engineering---CS-/-CSE-/-CSC-/-Similar-to-CS,First-Year-or-Equivalent,3.00---3.39,No,3,3,3,3,3,3,3,21,Severe-Anxiety,3,3,2,3,1,3,2,2,3,2,24,Moderate-Stress,3,3,3,3,3,3,3,3,3,27,Severe-Depression
18-22,Male,AmericanInternationalUniversityBangladesh(AIUB),Engineering---CS-/-CSE-/-CSC-/-Similar-to-CS,Second-Year-or-Equivalent,3.40---3.79,No,0,0,1,1,2,1,0,5,Mild-Anxiety,1,1,2,0,3,3,2,4,1,2,19,Moderate-Stress,1,1,1,1,1,1,1,1,1,9,Mild-Depression
23-26,Male,Dhaka-University-of-Engineering-and-Technology-(DUET),Engineering---CS-/-CSE-/-CSC-/-Similar-to-CS,Fourth-Year-or-Equivalent,3.00---3.39,No,1,1,2,2,2,1,0,9,Mild-Anxiety,1,2,3,2,2,4,3,2,4,2,25,Moderate-Stress,0,1,2,2,1,1,2,2,0,11,Moderate-Depression
18-22,Male,AmericanInternationalUniversityBangladesh(AIUB),Engineering---CS-/-CSE-/-CSC-/-Similar-to-CS,First-Year-or-Equivalent,3.40---3.79,No,2,1,2,1,3,2,3,14,Moderate-Anxiety,2,2,3,3,1,0,2,1,3,3,20,Moderate-Stress,2,2,0,0,1,3,2,3,0,13,Moderate-Depression
23-26,Female,AmericanInternationalUniversityBangladesh(AIUB),Engineering---CS-/-CSE-/-CSC-/-Similar-to-CS,Fourth-Year-or-Equivalent,3.00---3.39,No,2,2,2,2,2,2,2,14,Moderate-Anxiety,3,3,3,3,1,1,2,2,2,2,22,Moderate-Stress,2,2,2,2,2,2,2,2,2,18,Moderately-Severe-Depression
23-26,Male,AmericanInternationalUniversityBangladesh(AIUB),Engineering---CS-/-CSE-/-CSC-/-Similar-to-CS,Third-Year-or-Equivalent,3.00---3.39,No,3,1,3,3,1,3,1,15,Severe-Anxiety,3,4,2,0,0,1,0,1,4,4,19,Moderate-Stress,0,1,0,3,0,0,1,1,1,7,Mild-Depression
23-26,Male,NorthSouthUniversity(NSU),Engineering---EEE/-ECE-/-Similar-to-EEE,Third-Year-or-Equivalent,3.00---3.39,No,3,3,3,1,3,3,3,19,Severe-Anxiety,4,4,4,2,0,2,2,3,4,4,29,High-Perceived-Stress,1,3,3,3,2,3,2,3,3,23,Severe-Depression
18-22,Male,IndependentUniversityBangladesh(IUB),Engineering---CS-/-CSE-/-CSC-/-Similar-to-CS,First-Year-or-Equivalent,3.00---3.39,No,1,1,1,1,1,1,1,7,Mild-Anxiety,2,2,2,2,1,2,1,1,2,2,17,Moderate-Stress,1,0,0,0,0,1,0,0,0,2,Minimal-Depression
18-22,Female,AmericanInternationalUniversityBangladesh(AIUB),Engineering---CS-/-CSE-/-CSC-/-Similar-to-CS,First-Year-or-Equivalent,3.80---4.00,No,1,0,3,1,2,3,3,13,Moderate-Anxiety,1,1,0,0,3,1,1,0,2,0,9,Low-Stress,3,3,1,2,1,3,1,2,3,19,Moderately-Severe-Depression
18-22,Female,AmericanInternationalUniversityBangladesh(AIUB),Engineering---CS-/-CSE-/-CSC-/-Similar-to-CS,Second-Year-or-Equivalent,3.80---4.00,Yes,1,1,1,1,1,0,0,5,Mild-Anxiety,2,2,2,2,1,1,1,2,1,1,15,Moderate-Stress,1,0,0,0,0,0,0,0,0,1,Minimal-Depression
18-22,Female,NorthSouthUniversity(NSU),Engineering---CS-/-CSE-/-CSC-/-Similar-to-CS,Third-Year-or-Equivalent,3.00---3.39,Yes,2,3,1,3,3,3,3,18,Severe-Anxiety,3,2,4,0,3,3,2,2,4,4,27,High-Perceived-Stress,0,3,3,3,2,1,2,2,0,16,Moderately-Severe-Depression
23-26,Male,Dhaka-University-of-Engineering-and-Technology-(DUET),Engineering---CS-/-CSE-/-CSC-/-Similar-to-CS,Fourth-Year-or-Equivalent,3.00---3.39,No,3,3,2,1,1,1,1,12,Moderate-Anxiety,1,2,2,3,3,2,3,3,1,1,21,Moderate-Stress,0,2,3,2,1,2,1,2,0,13,Moderate-Depression
18-22,Female,NorthSouthUniversity(NSU),Engineering---CS-/-CSE-/-CSC-/-Similar-to-CS,First-Year-or-Equivalent,2.50---2.99,No,2,1,2,1,1,2,3,12,Moderate-Anxiety,3,2,4,1,2,1,2,2,2,3,22,Moderate-Stress,0,1,1,1,1,2,3,1,1,11,Moderate-Depression
18-22,Male,AmericanInternationalUniversityBangladesh(AIUB),Engineering---CS-/-CSE-/-CSC-/-Similar-to-CS,Second-Year-or-Equivalent,3.00---3.39,No,1,0,1,0,1,1,0,4,Minimal-Anxiety,0,0,2,0,1,2,1,2,4,2,14,Moderate-Stress,3,1,1,3,0,1,1,1,1,12,Moderate-Depression
18-22,Male,IndependentUniversityBangladesh(IUB),Engineering---CS-/-CSE-/-CSC-/-Similar-to-CS,Third-Year-or-Equivalent,Below-2.50,No,1,2,2,2,3,2,3,15,Severe-Anxiety,2,3,4,3,2,4,2,3,1,2,26,Moderate-Stress,1,1,2,2,1,1,1,1,1,11,Moderate-Depression
18-22,Male,AmericanInternationalUniversityBangladesh(AIUB),Engineering---CS-/-CSE-/-CSC-/-Similar-to-CS,First-Year-or-Equivalent,3.40---3.79,No,2,1,1,1,2,3,3,13,Moderate-Anxiety,2,3,2,1,4,1,4,2,3,2,24,Moderate-Stress,3,3,2,1,2,3,2,1,2,19,Moderately-Severe-Depression
18-22,Female,DhakaUniversity(DU),Other,Second-Year-or-Equivalent,3.40---3.79,No,1,1,2,2,3,2,2,13,Moderate-Anxiety,2,3,3,2,0,1,1,2,3,3,20,Moderate-Stress,1,2,2,3,2,1,3,3,1,18,Moderately-Severe-Depression
23-26,Male,BangladeshUniversityofEngineeringandTechnology(BUET),Engineering---Civil-Engineering-/-Similar-to-CE,Other,3.40---3.79,No,2,3,2,2,2,2,1,14,Moderate-Anxiety,3,3,3,2,2,1,0,1,2,3,20,Moderate-Stress,1,1,0,3,0,0,1,0,0,6,Mild-Depression
18-22,Male,NorthSouthUniversity(NSU),Engineering---CS-/-CSE-/-CSC-/-Similar-to-CS,Third-Year-or-Equivalent,3.40---3.79,Yes,1,0,0,3,3,2,2,11,Moderate-Anxiety,2,3,4,3,1,2,1,1,4,4,25,Moderate-Stress,2,1,2,3,2,1,2,2,0,15,Moderately-Severe-Depression
Below-18,Male,BangladeshUniversityofEngineeringandTechnology(BUET),Engineering---CS-/-CSE-/-CSC-/-Similar-to-CS,First-Year-or-Equivalent,3.40---3.79,No,1,2,0,0,1,3,1,8,Mild-Anxiety,0,1,2,2,0,0,0,0,4,3,12,Low-Stress,0,0,0,2,0,0,0,2,0,4,Minimal-Depression
23-26,Female,IndependentUniversityBangladesh(IUB),Engineering---CS-/-CSE-/-CSC-/-Similar-to-CS,Third-Year-or-Equivalent,3.00---3.39,Yes,2,3,1,1,3,3,3,16,Severe-Anxiety,2,3,4,3,2,0,2,2,4,4,26,Moderate-Stress,2,1,2,3,2,3,2,2,1,18,Moderately-Severe-Depression
18-22,Female,NorthSouthUniversity(NSU),Engineering---CS-/-CSE-/-CSC-/-Similar-to-CS,Third-Year-or-Equivalent,3.40---3.79,No,2,0,2,1,3,2,3,13,Moderate-Anxiety,3,3,2,3,1,2,2,2,3,2,23,Moderate-Stress,1,2,2,3,3,3,3,1,3,21,Severe-Depression
18-22,Male,AmericanInternationalUniversityBangladesh(AIUB),Engineering---CS-/-CSE-/-CSC-/-Similar-to-CS,Third-Year-or-Equivalent,3.00---3.39,No,3,3,3,3,3,3,3,21,Severe-Anxiety,3,3,4,4,1,3,2,2,3,4,29,High-Perceived-Stress,0,3,3,3,3,3,3,1,1,20,Severe-Depression
23-26,Male,AmericanInternationalUniversityBangladesh(AIUB),Engineering---CS-/-CSE-/-CSC-/-Similar-to-CS,Fourth-Year-or-Equivalent,2.50---2.99,No,3,0,3,3,0,3,3,15,Severe-Anxiety,3,3,3,1,3,2,2,2,2,1,22,Moderate-Stress,3,3,0,1,3,3,3,3,3,22,Severe-Depression
18-22,Male,AmericanInternationalUniversityBangladesh(AIUB),Engineering---CS-/-CSE-/-CSC-/-Similar-to-CS,Third-Year-or-Equivalent,3.00---3.39,No,3,3,3,3,3,3,3,21,Severe-Anxiety,3,4,4,4,0,3,3,3,4,4,32,High-Perceived-Stress,3,3,3,3,1,3,3,3,3,25,Severe-Depression
23-26,Female,DhakaUniversity(DU),Biological-Sciences,Third-Year-or-Equivalent,3.40---3.79,No,1,2,2,3,3,3,3,17,Severe-Anxiety,4,3,3,2,3,2,1,2,4,3,27,High-Perceived-Stress,2,3,2,3,3,3,2,3,3,24,Severe-Depression
18-22,Female,IndependentUniversityBangladesh(IUB),Engineering---CS-/-CSE-/-CSC-/-Similar-to-CS,Third-Year-or-Equivalent,3.80---4.00,Yes,3,3,3,3,3,3,3,21,Severe-Anxiety,2,2,4,2,0,1,0,0,4,4,19,Moderate-Stress,3,3,3,3,3,3,3,3,2,26,Severe-Depression
18-22,Male,DhakaUniversity(DU),Environmental-and-Life-Sciences,Third-Year-or-Equivalent,3.00---3.39,No,2,2,2,2,2,2,1,13,Moderate-Anxiety,3,4,4,3,1,2,1,1,3,3,25,Moderate-Stress,1,1,2,3,1,2,2,0,1,13,Moderate-Depression
18-22,Male,AmericanInternationalUniversityBangladesh(AIUB),Engineering---CS-/-CSE-/-CSC-/-Similar-to-CS,Second-Year-or-Equivalent,3.40---3.79,No,2,1,1,2,2,1,1,10,Moderate-Anxiety,2,3,2,4,1,1,2,2,2,2,21,Moderate-Stress,2,2,2,2,2,1,2,1,2,16,Moderately-Severe-Depression
23-26,Female,DhakaUniversity(DU),Biological-Sciences,Third-Year-or-Equivalent,3.00---3.39,No,2,2,2,1,1,2,2,12,Moderate-Anxiety,3,3,4,2,3,2,1,2,1,3,24,Moderate-Stress,1,3,2,2,2,3,3,1,1,18,Moderately-Severe-Depression
23-26,Female,DhakaUniversity(DU),Environmental-and-Life-Sciences,Third-Year-or-Equivalent,3.40---3.79,No,3,0,2,3,3,1,2,14,Moderate-Anxiety,4,4,4,4,3,4,3,4,4,4,38,High-Perceived-Stress,1,3,1,3,2,3,3,1,2,19,Moderately-Severe-Depression
18-22,Female,Dhaka-University-of-Engineering-and-Technology-(DUET),Engineering---CS-/-CSE-/-CSC-/-Similar-to-CS,Third-Year-or-Equivalent,2.50---2.99,No,3,0,0,1,1,3,3,11,Moderate-Anxiety,2,2,3,0,2,2,2,1,2,0,16,Moderate-Stress,3,0,0,3,0,0,0,0,0,6,Mild-Depression
23-26,Male,IndependentUniversityBangladesh(IUB),Engineering---CS-/-CSE-/-CSC-/-Similar-to-CS,Fourth-Year-or-Equivalent,3.00---3.39,No,3,2,2,3,3,2,3,18,Severe-Anxiety,4,3,4,3,2,3,3,1,4,3,30,High-Perceived-Stress,2,3,2,3,2,3,2,1,3,21,Severe-Depression
23-26,Female,DhakaUniversity(DU),Environmental-and-Life-Sciences,Third-Year-or-Equivalent,3.40---3.79,No,3,3,3,3,3,3,2,20,Severe-Anxiety,4,4,4,4,3,3,3,2,3,4,34,High-Perceived-Stress,1,3,2,3,2,3,2,1,1,18,Moderately-Severe-Depression
18-22,Female,DhakaUniversity(DU),Environmental-and-Life-Sciences,Fourth-Year-or-Equivalent,3.00---3.39,No,3,3,3,2,2,2,2,17,Severe-Anxiety,4,3,4,4,1,0,2,4,4,1,27,High-Perceived-Stress,0,2,2,2,1,2,0,1,1,11,Moderate-Depression
23-26,Male,DhakaUniversity(DU),Biological-Sciences,Third-Year-or-Equivalent,2.50---2.99,No,1,1,1,2,2,1,1,9,Mild-Anxiety,3,1,2,2,1,1,1,2,2,2,17,Moderate-Stress,1,2,2,2,1,2,1,1,1,13,Moderate-Depression
23-26,Male,DhakaUniversity(DU),Biological-Sciences,Third-Year-or-Equivalent,2.50---2.99,No,2,1,1,1,1,1,0,7,Mild-Anxiety,2,2,4,0,1,0,1,2,2,1,15,Moderate-Stress,1,1,1,1,0,3,3,2,1,13,Moderate-Depression
23-26,Prefer-not-to-say,DhakaUniversity(DU),Environmental-and-Life-Sciences,Third-Year-or-Equivalent,3.40---3.79,No,2,1,2,2,2,2,2,13,Moderate-Anxiety,4,3,3,3,2,2,2,2,2,3,26,Moderate-Stress,2,2,2,2,1,3,2,1,2,17,Moderately-Severe-Depression
23-26,Male,Dhaka-University-of-Engineering-and-Technology-(DUET),Engineering---CS-/-CSE-/-CSC-/-Similar-to-CS,Fourth-Year-or-Equivalent,3.00---3.39,No,0,1,2,2,1,0,1,7,Mild-Anxiety,0,1,0,0,4,4,3,4,1,1,18,Moderate-Stress,1,1,1,0,0,0,0,1,0,4,Minimal-Depression
23-26,Female,DhakaUniversity(DU),Biological-Sciences,Third-Year-or-Equivalent,3.40---3.79,No,2,2,3,2,3,2,3,17,Severe-Anxiety,3,3,3,2,3,3,3,2,3,3,28,High-Perceived-Stress,2,3,2,3,3,3,3,3,3,25,Severe-Depression
23-26,Female,DhakaUniversity(DU),Other,Third-Year-or-Equivalent,3.00---3.39,No,2,2,2,2,1,1,2,12,Moderate-Anxiety,2,2,2,3,1,2,1,3,3,3,22,Moderate-Stress,3,2,2,2,3,1,1,1,1,16,Moderately-Severe-Depression
18-22,Male,DhakaUniversity(DU),Environmental-and-Life-Sciences,Fourth-Year-or-Equivalent,3.80---4.00,No,1,1,1,1,1,1,3,9,Mild-Anxiety,4,4,4,4,2,2,0,2,2,4,28,High-Perceived-Stress,1,1,1,2,1,0,1,1,0,8,Mild-Depression
18-22,Female,DhakaUniversity(DU),Biological-Sciences,Third-Year-or-Equivalent,3.80---4.00,No,3,1,2,3,1,2,2,14,Moderate-Anxiety,4,4,4,4,1,1,3,3,1,2,27,High-Perceived-Stress,2,2,0,3,0,3,1,3,2,16,Moderately-Severe-Depression
18-22,Male,DhakaUniversity(DU),Biological-Sciences,Third-Year-or-Equivalent,3.40---3.79,No,1,0,0,1,1,0,1,4,Minimal-Anxiety,1,1,2,0,3,3,4,3,1,0,18,Moderate-Stress,1,0,0,1,2,2,1,0,1,8,Mild-Depression
18-22,Female,DhakaUniversity(DU),Other,Third-Year-or-Equivalent,2.50---2.99,Yes,1,1,1,1,1,1,1,7,Mild-Anxiety,0,2,2,2,2,2,2,2,2,2,18,Moderate-Stress,1,1,1,1,1,1,1,1,1,9,Mild-Depression
23-26,Male,DhakaUniversity(DU),Biological-Sciences,Third-Year-or-Equivalent,3.00---3.39,Yes,3,1,2,2,2,2,2,14,Moderate-Anxiety,1,1,1,1,3,2,3,3,1,2,18,Moderate-Stress,2,2,2,2,2,2,2,2,2,18,Moderately-Severe-Depression
23-26,Male,DhakaUniversity(DU),Business-and-Entrepreneurship-Studies,First-Year-or-Equivalent,3.00---3.39,No,2,2,2,2,2,2,2,14,Moderate-Anxiety,2,3,2,3,1,2,3,2,1,2,21,Moderate-Stress,1,1,3,3,1,1,1,0,1,12,Moderate-Depression
18-22,Male,AmericanInternationalUniversityBangladesh(AIUB),Engineering---CS-/-CSE-/-CSC-/-Similar-to-CS,Fourth-Year-or-Equivalent,2.50---2.99,No,3,3,3,3,3,3,3,21,Severe-Anxiety,2,2,2,0,2,3,3,3,1,1,19,Moderate-Stress,3,3,3,3,3,3,3,3,3,27,Severe-Depression
18-22,Female,DhakaUniversity(DU),Biological-Sciences,Third-Year-or-Equivalent,3.40---3.79,No,3,2,2,2,3,3,3,18,Severe-Anxiety,4,2,4,2,3,2,2,3,2,2,26,Moderate-Stress,2,1,1,3,1,1,0,0,1,10,Moderate-Depression
18-22,Female,DhakaUniversity(DU),Other,Third-Year-or-Equivalent,3.40---3.79,No,1,1,1,1,1,1,3,9,Mild-Anxiety,2,2,3,2,0,1,1,2,2,2,17,Moderate-Stress,2,1,2,2,1,1,1,1,1,12,Moderate-Depression
18-22,Male,NorthSouthUniversity(NSU),Engineering---CS-/-CSE-/-CSC-/-Similar-to-CS,Third-Year-or-Equivalent,3.00---3.39,No,2,2,2,1,2,1,1,11,Moderate-Anxiety,3,3,3,2,2,3,2,3,1,3,25,Moderate-Stress,1,2,2,2,2,1,2,1,0,13,Moderate-Depression
18-22,Female,AmericanInternationalUniversityBangladesh(AIUB),Engineering---CS-/-CSE-/-CSC-/-Similar-to-CS,Third-Year-or-Equivalent,3.40---3.79,No,2,1,3,1,2,2,3,14,Moderate-Anxiety,3,2,4,3,2,3,1,3,3,3,27,High-Perceived-Stress,1,2,3,1,1,1,1,0,3,13,Moderate-Depression
23-26,Male,BangladeshUniversityofEngineeringandTechnology(BUET),Engineering---EEE/-ECE-/-Similar-to-EEE,Other,3.40---3.79,No,2,3,2,1,2,3,0,13,Moderate-Anxiety,2,3,3,2,2,3,2,2,4,4,27,High-Perceived-Stress,2,2,0,3,2,2,3,2,2,18,Moderately-Severe-Depression
18-22,Female,AmericanInternationalUniversityBangladesh(AIUB),Engineering---CS-/-CSE-/-CSC-/-Similar-to-CS,Third-Year-or-Equivalent,3.40---3.79,No,3,2,3,3,3,1,2,17,Severe-Anxiety,4,3,3,2,3,1,2,2,2,4,26,Moderate-Stress,0,2,1,3,3,1,3,3,0,16,Moderately-Severe-Depression
18-22,Male,DhakaUniversity(DU),Business-and-Entrepreneurship-Studies,Second-Year-or-Equivalent,3.00---3.39,No,1,3,2,3,2,2,1,14,Moderate-Anxiety,2,2,2,3,2,3,2,4,3,2,25,Moderate-Stress,3,1,1,2,1,2,3,0,1,14,Moderate-Depression
18-22,Male,AmericanInternationalUniversityBangladesh(AIUB),Engineering---CS-/-CSE-/-CSC-/-Similar-to-CS,First-Year-or-Equivalent,3.80---4.00,Yes,1,1,1,1,3,1,1,9,Mild-Anxiety,1,0,2,1,3,1,2,0,2,4,16,Moderate-Stress,3,3,0,3,0,0,0,0,0,9,Mild-Depression
18-22,Male,IndependentUniversityBangladesh(IUB),Engineering---CS-/-CSE-/-CSC-/-Similar-to-CS,Third-Year-or-Equivalent,3.00---3.39,Yes,2,2,3,1,1,2,2,13,Moderate-Anxiety,4,3,4,4,3,3,2,3,4,4,34,High-Perceived-Stress,1,3,2,3,2,2,1,1,3,18,Moderately-Severe-Depression
23-26,Male,AmericanInternationalUniversityBangladesh(AIUB),Engineering---CS-/-CSE-/-CSC-/-Similar-to-CS,First-Year-or-Equivalent,3.00---3.39,No,2,2,1,1,3,2,2,13,Moderate-Anxiety,2,3,3,2,1,2,2,2,3,3,23,Moderate-Stress,1,3,1,2,3,3,1,3,1,18,Moderately-Severe-Depression
23-26,Male,BangladeshUniversityofEngineeringandTechnology(BUET),Engineering---EEE/-ECE-/-Similar-to-EEE,Fourth-Year-or-Equivalent,3.40---3.79,Yes,1,2,1,2,2,0,1,9,Mild-Anxiety,2,2,2,2,2,2,2,2,2,2,20,Moderate-Stress,1,1,1,1,2,1,0,2,0,9,Mild-Depression
23-26,Male,BangladeshUniversityofEngineeringandTechnology(BUET),Engineering---EEE/-ECE-/-Similar-to-EEE,Other,3.00---3.39,No,0,0,3,1,1,1,1,7,Mild-Anxiety,0,0,0,0,0,1,1,2,2,2,8,Low-Stress,1,1,1,1,1,1,1,1,0,8,Mild-Depression
18-22,Male,IndependentUniversityBangladesh(IUB),Engineering---CS-/-CSE-/-CSC-/-Similar-to-CS,Second-Year-or-Equivalent,3.40---3.79,Yes,3,3,3,3,3,3,3,21,Severe-Anxiety,4,4,4,4,3,4,4,2,4,4,37,High-Perceived-Stress,3,3,3,3,3,3,3,3,3,27,Severe-Depression
18-22,Male,IndependentUniversityBangladesh(IUB),Engineering---CS-/-CSE-/-CSC-/-Similar-to-CS,First-Year-or-Equivalent,2.50---2.99,Yes,1,1,1,1,1,1,1,7,Mild-Anxiety,2,2,2,2,2,2,2,2,2,2,20,Moderate-Stress,1,1,1,1,1,1,1,1,1,9,Mild-Depression
23-26,Male,AmericanInternationalUniversityBangladesh(AIUB),Engineering---CS-/-CSE-/-CSC-/-Similar-to-CS,Fourth-Year-or-Equivalent,3.40---3.79,No,1,2,1,1,1,1,1,8,Mild-Anxiety,3,3,3,3,1,1,2,3,1,2,22,Moderate-Stress,2,1,1,2,1,1,1,1,1,11,Moderate-Depression
27-30,Male,AmericanInternationalUniversityBangladesh(AIUB),Engineering---CS-/-CSE-/-CSC-/-Similar-to-CS,Fourth-Year-or-Equivalent,3.80---4.00,Yes,0,0,0,0,1,0,0,1,Minimal-Anxiety,0,0,0,0,0,0,0,0,0,0,0,Low-Stress,0,0,0,0,0,0,0,0,0,0,No-Depression
18-22,Male,AmericanInternationalUniversityBangladesh(AIUB),Engineering---CS-/-CSE-/-CSC-/-Similar-to-CS,Fourth-Year-or-Equivalent,3.00---3.39,No,2,2,3,2,2,3,1,15,Severe-Anxiety,3,2,3,3,1,2,3,1,3,2,23,Moderate-Stress,2,2,3,3,3,2,2,2,0,19,Moderately-Severe-Depression
18-22,Male,AmericanInternationalUniversityBangladesh(AIUB),Engineering---CS-/-CSE-/-CSC-/-Similar-to-CS,Fourth-Year-or-Equivalent,3.00---3.39,No,3,2,3,3,2,3,3,19,Severe-Anxiety,1,4,4,4,3,0,3,0,1,4,24,Moderate-Stress,3,3,3,2,1,1,1,2,2,18,Moderately-Severe-Depression
18-22,Male,AmericanInternationalUniversityBangladesh(AIUB),Engineering---CS-/-CSE-/-CSC-/-Similar-to-CS,Fourth-Year-or-Equivalent,3.40---3.79,No,0,1,2,1,1,1,0,6,Mild-Anxiety,1,2,2,2,0,1,1,0,1,0,10,Low-Stress,2,1,0,2,0,0,2,2,0,9,Mild-Depression
18-22,Male,AmericanInternationalUniversityBangladesh(AIUB),Engineering---CS-/-CSE-/-CSC-/-Similar-to-CS,Third-Year-or-Equivalent,2.50---2.99,No,2,2,2,2,2,2,2,14,Moderate-Anxiety,2,2,2,2,1,2,1,1,3,3,19,Moderate-Stress,3,2,2,2,3,3,3,2,2,22,Severe-Depression
23-26,Male,AmericanInternationalUniversityBangladesh(AIUB),Engineering---CS-/-CSE-/-CSC-/-Similar-to-CS,Fourth-Year-or-Equivalent,3.00---3.39,No,0,1,1,0,1,1,0,4,Minimal-Anxiety,0,1,1,0,3,3,2,2,0,0,12,Low-Stress,3,0,0,3,0,1,0,0,3,10,Moderate-Depression
23-26,Male,BangladeshUniversityofEngineeringandTechnology(BUET),Engineering---EEE/-ECE-/-Similar-to-EEE,Other,3.00---3.39,No,1,1,1,1,1,1,1,7,Mild-Anxiety,2,2,2,2,2,2,2,2,2,2,20,Moderate-Stress,1,1,1,1,1,1,1,1,1,9,Mild-Depression
23-26,Male,NorthSouthUniversity(NSU),Engineering---CS-/-CSE-/-CSC-/-Similar-to-CS,Fourth-Year-or-Equivalent,2.50---2.99,No,2,3,3,1,2,3,3,17,Severe-Anxiety,2,1,3,2,0,2,0,2,2,0,14,Moderate-Stress,0,3,3,3,3,3,3,3,2,23,Severe-Depression
18-22,Female,BangladeshUniversityofEngineeringandTechnology(BUET),Engineering---EEE/-ECE-/-Similar-to-EEE,Second-Year-or-Equivalent,3.80---4.00,No,0,1,1,1,1,1,1,6,Mild-Anxiety,2,2,3,2,2,2,2,3,2,2,22,Moderate-Stress,2,1,1,1,1,1,1,1,1,10,Moderate-Depression
18-22,Male,BangladeshUniversityofEngineeringandTechnology(BUET),Engineering---Civil-Engineering-/-Similar-to-CE,Third-Year-or-Equivalent,3.40---3.79,No,1,1,1,1,1,1,1,7,Mild-Anxiety,1,2,1,1,2,2,2,2,2,2,17,Moderate-Stress,1,1,1,1,1,1,1,1,1,9,Mild-Depression
23-26,Male,AmericanInternationalUniversityBangladesh(AIUB),Engineering---CS-/-CSE-/-CSC-/-Similar-to-CS,Fourth-Year-or-Equivalent,3.80---4.00,No,1,1,1,1,1,1,1,7,Mild-Anxiety,2,2,2,2,1,2,2,2,2,2,19,Moderate-Stress,1,1,1,1,0,1,1,1,0,7,Mild-Depression
18-22,Female,IndependentUniversityBangladesh(IUB),Engineering---CS-/-CSE-/-CSC-/-Similar-to-CS,Third-Year-or-Equivalent,2.50---2.99,Yes,3,3,3,3,3,3,3,21,Severe-Anxiety,4,3,4,4,3,4,3,3,4,4,36,High-Perceived-Stress,3,3,3,3,3,3,3,3,2,26,Severe-Depression
23-26,Male,BangladeshUniversityofEngineeringandTechnology(BUET),Engineering---EEE/-ECE-/-Similar-to-EEE,Fourth-Year-or-Equivalent,3.00---3.39,Yes,0,0,0,0,0,0,0,0,Minimal-Anxiety,1,1,1,1,1,1,1,1,1,1,10,Low-Stress,3,0,0,1,0,0,0,0,0,4,Minimal-Depression
18-22,Male,AmericanInternationalUniversityBangladesh(AIUB),Engineering---CS-/-CSE-/-CSC-/-Similar-to-CS,Fourth-Year-or-Equivalent,3.40---3.79,No,2,1,1,2,2,2,2,12,Moderate-Anxiety,3,2,3,3,1,2,1,2,3,3,23,Moderate-Stress,1,2,2,3,3,2,2,3,0,18,Moderately-Severe-Depression
23-26,Female,AmericanInternationalUniversityBangladesh(AIUB),Engineering---CS-/-CSE-/-CSC-/-Similar-to-CS,Fourth-Year-or-Equivalent,3.00---3.39,No,3,1,3,3,3,3,3,19,Severe-Anxiety,2,1,4,1,1,2,2,4,4,4,25,Moderate-Stress,3,3,3,3,3,3,3,3,3,27,Severe-Depression
18-22,Female,NorthSouthUniversity(NSU),Engineering---CS-/-CSE-/-CSC-/-Similar-to-CS,Fourth-Year-or-Equivalent,3.00---3.39,Yes,3,1,3,2,3,2,3,17,Severe-Anxiety,2,2,2,2,1,2,0,1,2,2,16,Moderate-Stress,0,3,3,3,3,3,3,2,3,23,Severe-Depression
23-26,Male,AmericanInternationalUniversityBangladesh(AIUB),Engineering---CS-/-CSE-/-CSC-/-Similar-to-CS,Fourth-Year-or-Equivalent,3.80---4.00,No,1,1,2,3,1,1,1,10,Moderate-Anxiety,1,1,2,1,3,2,2,1,3,3,19,Moderate-Stress,0,3,3,3,1,2,2,1,1,16,Moderately-Severe-Depression
18-22,Male,IndependentUniversityBangladesh(IUB),Engineering---CS-/-CSE-/-CSC-/-Similar-to-CS,First-Year-or-Equivalent,3.00---3.39,No,2,2,1,2,3,2,1,13,Moderate-Anxiety,0,0,2,3,2,3,2,3,1,1,17,Moderate-Stress,2,1,1,1,1,1,2,3,1,13,Moderate-Depression
23-26,Male,IndependentUniversityBangladesh(IUB),Business-and-Entrepreneurship-Studies,Other,Other,No,1,0,3,3,3,2,3,15,Severe-Anxiety,2,2,2,2,0,2,2,2,4,4,22,Moderate-Stress,1,3,3,3,3,3,3,1,3,23,Severe-Depression
18-22,Male,IndependentUniversityBangladesh(IUB),Engineering---CS-/-CSE-/-CSC-/-Similar-to-CS,Third-Year-or-Equivalent,2.50---2.99,Yes,0,0,0,0,0,0,0,0,Minimal-Anxiety,2,2,2,2,2,2,2,2,2,2,20,Moderate-Stress,0,0,0,0,0,0,0,0,0,0,No-Depression
23-26,Male,IndependentUniversityBangladesh(IUB),Engineering---CS-/-CSE-/-CSC-/-Similar-to-CS,Fourth-Year-or-Equivalent,Below-2.50,Yes,2,3,3,3,3,3,3,20,Severe-Anxiety,2,3,3,3,3,3,2,3,4,4,30,High-Perceived-Stress,3,3,0,3,1,3,3,0,0,16,Moderately-Severe-Depression
23-26,Male,BangladeshUniversityofEngineeringandTechnology(BUET),Engineering---EEE/-ECE-/-Similar-to-EEE,Fourth-Year-or-Equivalent,3.00---3.39,No,0,0,0,0,0,0,0,0,Minimal-Anxiety,2,3,3,2,2,2,4,4,0,0,22,Moderate-Stress,0,0,0,0,0,0,0,0,0,0,No-Depression
23-26,Male,AmericanInternationalUniversityBangladesh(AIUB),Engineering---CS-/-CSE-/-CSC-/-Similar-to-CS,Fourth-Year-or-Equivalent,3.00---3.39,No,2,1,1,1,1,1,1,8,Mild-Anxiety,1,2,2,1,1,2,2,2,2,2,17,Moderate-Stress,1,1,2,2,1,1,1,1,1,11,Moderate-Depression
23-26,Male,IndependentUniversityBangladesh(IUB),Engineering---CS-/-CSE-/-CSC-/-Similar-to-CS,Third-Year-or-Equivalent,2.50---2.99,No,1,1,1,1,1,1,1,7,Mild-Anxiety,2,2,2,2,2,2,2,2,2,2,20,Moderate-Stress,1,1,1,1,1,1,1,1,1,9,Mild-Depression
23-26,Male,BangladeshUniversityofEngineeringandTechnology(BUET),Engineering---Mechanical-Engineering-/-Similar-to-ME,Fourth-Year-or-Equivalent,3.40---3.79,Yes,1,1,2,1,1,1,1,8,Mild-Anxiety,2,3,3,2,1,2,1,2,2,2,20,Moderate-Stress,1,2,1,2,1,2,2,2,1,14,Moderate-Depression
18-22,Male,AmericanInternationalUniversityBangladesh(AIUB),Engineering---CS-/-CSE-/-CSC-/-Similar-to-CS,Second-Year-or-Equivalent,3.40---3.79,No,0,0,0,0,0,0,0,0,Minimal-Anxiety,2,2,2,2,2,2,2,2,2,2,20,Moderate-Stress,1,1,1,1,1,1,1,1,1,9,Mild-Depression
18-22,Female,IndependentUniversityBangladesh(IUB),Engineering---CS-/-CSE-/-CSC-/-Similar-to-CS,Third-Year-or-Equivalent,2.50---2.99,No,1,1,3,1,2,1,1,10,Moderate-Anxiety,2,2,3,2,2,3,2,4,2,2,24,Moderate-Stress,1,3,3,3,0,3,3,1,0,17,Moderately-Severe-Depression
18-22,Male,DhakaUniversity(DU),Other,Second-Year-or-Equivalent,2.50---2.99,No,3,3,3,3,3,0,3,18,Severe-Anxiety,4,4,4,4,4,4,4,4,4,4,40,High-Perceived-Stress,3,3,3,3,3,3,3,3,3,27,Severe-Depression
23-26,Male,AmericanInternationalUniversityBangladesh(AIUB),Engineering---EEE/-ECE-/-Similar-to-EEE,Fourth-Year-or-Equivalent,3.00---3.39,No,3,2,2,3,3,2,2,17,Severe-Anxiety,4,3,4,4,1,1,0,3,4,4,28,High-Perceived-Stress,2,2,3,3,3,3,2,2,3,23,Severe-Depression
18-22,Male,AmericanInternationalUniversityBangladesh(AIUB),Engineering---CS-/-CSE-/-CSC-/-Similar-to-CS,Third-Year-or-Equivalent,3.40---3.79,No,2,1,1,1,1,1,1,8,Mild-Anxiety,2,1,1,1,2,2,2,2,2,1,16,Moderate-Stress,2,0,0,3,1,2,2,1,1,12,Moderate-Depression
18-22,Male,IndependentUniversityBangladesh(IUB),Business-and-Entrepreneurship-Studies,First-Year-or-Equivalent,3.40---3.79,Yes,3,1,2,2,2,2,3,15,Severe-Anxiety,4,4,3,4,2,3,2,2,2,3,29,High-Perceived-Stress,1,3,0,3,3,3,3,1,3,20,Severe-Depression
23-26,Male,IndependentUniversityBangladesh(IUB),Engineering---CS-/-CSE-/-CSC-/-Similar-to-CS,Second-Year-or-Equivalent,3.00---3.39,Yes,1,1,1,1,1,1,1,7,Mild-Anxiety,3,2,4,2,2,2,2,2,2,2,23,Moderate-Stress,1,1,1,1,1,1,1,1,0,8,Mild-Depression
18-22,Male,DhakaUniversity(DU),Business-and-Entrepreneurship-Studies,Second-Year-or-Equivalent,3.00---3.39,No,1,1,0,1,1,1,2,7,Mild-Anxiety,3,3,3,2,0,1,1,1,2,3,19,Moderate-Stress,2,1,3,3,1,3,2,2,1,18,Moderately-Severe-Depression
23-26,Male,BangladeshUniversityofEngineeringandTechnology(BUET),Engineering---EEE/-ECE-/-Similar-to-EEE,Fourth-Year-or-Equivalent,3.00---3.39,No,2,2,2,1,1,1,1,10,Moderate-Anxiety,2,2,2,2,2,2,2,2,2,2,20,Moderate-Stress,1,0,0,0,0,2,2,0,2,7,Mild-Depression
23-26,Male,AmericanInternationalUniversityBangladesh(AIUB),Engineering---CS-/-CSE-/-CSC-/-Similar-to-CS,Third-Year-or-Equivalent,2.50---2.99,No,2,3,3,2,2,3,3,18,Severe-Anxiety,3,2,1,0,1,2,2,2,1,2,16,Moderate-Stress,1,2,3,3,3,3,2,3,2,22,Severe-Depression
18-22,Female,IndependentUniversityBangladesh(IUB),Engineering---CS-/-CSE-/-CSC-/-Similar-to-CS,Second-Year-or-Equivalent,Below-2.50,No,2,2,2,3,2,2,1,14,Moderate-Anxiety,2,1,3,2,1,3,2,4,3,2,23,Moderate-Stress,2,2,2,2,3,2,1,1,0,15,Moderately-Severe-Depression
18-22,Male,AmericanInternationalUniversityBangladesh(AIUB),Engineering---CS-/-CSE-/-CSC-/-Similar-to-CS,Fourth-Year-or-Equivalent,3.00---3.39,No,0,0,1,1,1,1,1,5,Mild-Anxiety,3,3,1,0,3,0,3,1,2,2,18,Moderate-Stress,1,0,1,1,0,0,0,1,0,4,Minimal-Depression
23-26,Male,IndependentUniversityBangladesh(IUB),Engineering---CS-/-CSE-/-CSC-/-Similar-to-CS,Third-Year-or-Equivalent,2.50---2.99,No,3,3,3,3,2,1,3,18,Severe-Anxiety,4,4,4,3,3,2,4,3,4,4,35,High-Perceived-Stress,3,3,3,3,3,3,0,3,2,23,Severe-Depression
18-22,Male,DhakaUniversity(DU),Other,Second-Year-or-Equivalent,3.40---3.79,No,1,1,2,2,2,2,2,12,Moderate-Anxiety,3,3,3,4,1,2,2,3,3,3,27,High-Perceived-Stress,1,1,3,3,3,0,2,1,0,14,Moderate-Depression
18-22,Male,AmericanInternationalUniversityBangladesh(AIUB),Engineering---CS-/-CSE-/-CSC-/-Similar-to-CS,Third-Year-or-Equivalent,3.00---3.39,No,1,1,1,1,1,1,1,7,Mild-Anxiety,1,1,1,1,3,3,3,3,1,1,18,Moderate-Stress,1,1,1,1,1,1,1,1,1,9,Mild-Depression
23-26,Male,AmericanInternationalUniversityBangladesh(AIUB),Engineering---CS-/-CSE-/-CSC-/-Similar-to-CS,Third-Year-or-Equivalent,3.00---3.39,No,1,1,1,1,1,1,1,7,Mild-Anxiety,2,2,2,2,2,2,2,2,2,2,20,Moderate-Stress,1,1,1,1,1,1,1,1,1,9,Mild-Depression
23-26,Male,AmericanInternationalUniversityBangladesh(AIUB),Engineering---CS-/-CSE-/-CSC-/-Similar-to-CS,Third-Year-or-Equivalent,3.80---4.00,No,3,2,0,3,3,3,3,17,Severe-Anxiety,4,4,3,4,0,2,2,2,4,4,29,High-Perceived-Stress,1,1,3,3,3,3,3,3,3,23,Severe-Depression
18-22,Female,AmericanInternationalUniversityBangladesh(AIUB),Engineering---CS-/-CSE-/-CSC-/-Similar-to-CS,Third-Year-or-Equivalent,3.80---4.00,Yes,2,1,0,1,1,1,0,6,Mild-Anxiety,3,2,3,2,2,2,2,1,2,2,21,Moderate-Stress,1,1,3,3,0,0,0,1,0,9,Mild-Depression
18-22,Male,AmericanInternationalUniversityBangladesh(AIUB),Engineering---CS-/-CSE-/-CSC-/-Similar-to-CS,First-Year-or-Equivalent,3.80---4.00,No,1,1,1,1,1,1,1,7,Mild-Anxiety,1,1,2,1,2,2,3,3,1,1,17,Moderate-Stress,1,1,1,0,2,1,2,1,1,10,Moderate-Depression
23-26,Male,AmericanInternationalUniversityBangladesh(AIUB),Engineering---CS-/-CSE-/-CSC-/-Similar-to-CS,Third-Year-or-Equivalent,3.00---3.39,No,0,0,0,0,0,0,0,0,Minimal-Anxiety,0,0,0,0,4,4,4,4,0,0,16,Moderate-Stress,0,0,0,0,0,0,0,0,0,0,No-Depression
18-22,Female,AmericanInternationalUniversityBangladesh(AIUB),Engineering---CS-/-CSE-/-CSC-/-Similar-to-CS,Third-Year-or-Equivalent,3.40---3.79,No,1,0,1,0,1,1,0,4,Minimal-Anxiety,1,1,2,0,4,4,4,3,2,2,23,Moderate-Stress,0,1,0,0,0,0,0,0,0,1,Minimal-Depression
23-26,Male,AmericanInternationalUniversityBangladesh(AIUB),Engineering---CS-/-CSE-/-CSC-/-Similar-to-CS,Other,3.00---3.39,No,1,1,1,1,2,0,3,9,Mild-Anxiety,2,1,2,1,1,2,2,3,3,1,18,Moderate-Stress,2,3,2,2,2,3,2,1,0,17,Moderately-Severe-Depression
23-26,Male,Dhaka-University-of-Engineering-and-Technology-(DUET),Engineering---Mechanical-Engineering-/-Similar-to-ME,Third-Year-or-Equivalent,3.00---3.39,No,3,3,3,3,3,3,3,21,Severe-Anxiety,0,3,3,3,2,4,2,4,2,2,25,Moderate-Stress,1,3,3,3,3,3,3,3,0,22,Severe-Depression
18-22,Male,AmericanInternationalUniversityBangladesh(AIUB),Engineering---CS-/-CSE-/-CSC-/-Similar-to-CS,Second-Year-or-Equivalent,3.80---4.00,Yes,2,3,0,2,2,1,1,11,Moderate-Anxiety,1,2,2,3,1,1,1,2,4,4,21,Moderate-Stress,2,1,3,2,1,3,3,2,0,17,Moderately-Severe-Depression
18-22,Male,AmericanInternationalUniversityBangladesh(AIUB),Engineering---CS-/-CSE-/-CSC-/-Similar-to-CS,Third-Year-or-Equivalent,3.40---3.79,No,1,1,1,1,1,1,1,7,Mild-Anxiety,1,2,3,2,1,2,2,1,2,1,17,Moderate-Stress,2,2,2,3,1,1,0,1,0,12,Moderate-Depression
23-26,Male,AmericanInternationalUniversityBangladesh(AIUB),Engineering---CS-/-CSE-/-CSC-/-Similar-to-CS,Third-Year-or-Equivalent,3.40---3.79,Yes,1,0,1,0,0,0,0,2,Minimal-Anxiety,2,2,1,3,1,1,2,2,2,3,19,Moderate-Stress,2,0,2,2,1,0,1,1,0,9,Mild-Depression
23-26,Male,AmericanInternationalUniversityBangladesh(AIUB),Engineering---CS-/-CSE-/-CSC-/-Similar-to-CS,Third-Year-or-Equivalent,3.40---3.79,No,1,1,1,1,1,1,1,7,Mild-Anxiety,1,1,2,2,2,2,1,2,2,2,17,Moderate-Stress,1,1,1,1,1,1,1,1,1,9,Mild-Depression
23-26,Male,AmericanInternationalUniversityBangladesh(AIUB),Engineering---CS-/-CSE-/-CSC-/-Similar-to-CS,Third-Year-or-Equivalent,3.40---3.79,No,1,2,2,3,3,3,2,16,Severe-Anxiety,2,3,2,3,0,0,2,3,2,2,19,Moderate-Stress,1,3,0,3,3,2,3,2,2,19,Moderately-Severe-Depression
18-22,Male,AmericanInternationalUniversityBangladesh(AIUB),Engineering---CS-/-CSE-/-CSC-/-Similar-to-CS,Third-Year-or-Equivalent,3.00---3.39,No,3,3,3,3,3,3,3,21,Severe-Anxiety,4,4,4,4,4,4,4,4,4,4,40,High-Perceived-Stress,0,3,3,3,3,3,3,3,3,24,Severe-Depression
18-22,Female,AmericanInternationalUniversityBangladesh(AIUB),Engineering---CS-/-CSE-/-CSC-/-Similar-to-CS,Third-Year-or-Equivalent,3.40---3.79,No,0,0,1,1,1,1,1,5,Mild-Anxiety,2,2,2,2,2,2,2,2,2,2,20,Moderate-Stress,1,1,1,1,1,1,1,1,0,8,Mild-Depression
23-26,Male,AmericanInternationalUniversityBangladesh(AIUB),Engineering---CS-/-CSE-/-CSC-/-Similar-to-CS,Third-Year-or-Equivalent,3.40---3.79,No,3,3,3,3,3,3,3,21,Severe-Anxiety,0,0,1,1,3,3,3,2,3,3,19,Moderate-Stress,3,3,3,3,3,3,3,3,3,27,Severe-Depression
18-22,Female,AmericanInternationalUniversityBangladesh(AIUB),Engineering---CS-/-CSE-/-CSC-/-Similar-to-CS,Fourth-Year-or-Equivalent,3.40---3.79,No,3,1,1,2,3,3,3,16,Severe-Anxiety,4,4,3,4,2,2,2,2,3,4,30,High-Perceived-Stress,3,2,1,1,1,3,0,3,1,15,Moderately-Severe-Depression
18-22,Male,AmericanInternationalUniversityBangladesh(AIUB),Engineering---CS-/-CSE-/-CSC-/-Similar-to-CS,Third-Year-or-Equivalent,3.80---4.00,No,0,0,1,0,1,1,0,3,Minimal-Anxiety,1,1,2,2,4,0,1,1,2,1,15,Moderate-Stress,1,0,0,2,1,2,0,0,0,6,Mild-Depression
18-22,Male,AmericanInternationalUniversityBangladesh(AIUB),Engineering---CS-/-CSE-/-CSC-/-Similar-to-CS,Third-Year-or-Equivalent,3.40---3.79,No,2,2,1,1,2,3,2,13,Moderate-Anxiety,3,3,2,3,2,2,1,3,2,2,23,Moderate-Stress,2,2,2,2,2,2,1,1,2,16,Moderately-Severe-Depression
23-26,Female,IndependentUniversityBangladesh(IUB),Engineering---CS-/-CSE-/-CSC-/-Similar-to-CS,Third-Year-or-Equivalent,2.50---2.99,Yes,3,3,2,2,3,3,3,19,Severe-Anxiety,3,3,4,4,2,3,2,4,4,4,33,High-Perceived-Stress,1,2,2,2,3,3,3,3,2,21,Severe-Depression
23-26,Male,AmericanInternationalUniversityBangladesh(AIUB),Engineering---CS-/-CSE-/-CSC-/-Similar-to-CS,Fourth-Year-or-Equivalent,3.00---3.39,No,1,0,1,0,0,0,0,2,Minimal-Anxiety,2,1,2,2,2,4,2,3,1,1,20,Moderate-Stress,0,0,0,0,0,0,0,0,0,0,No-Depression
18-22,Male,AmericanInternationalUniversityBangladesh(AIUB),Engineering---CS-/-CSE-/-CSC-/-Similar-to-CS,Third-Year-or-Equivalent,3.40---3.79,No,1,1,1,2,1,1,1,8,Mild-Anxiety,2,1,2,0,0,2,1,0,2,1,11,Low-Stress,2,1,1,1,1,1,1,1,1,10,Moderate-Depression
23-26,Male,AmericanInternationalUniversityBangladesh(AIUB),Engineering---CS-/-CSE-/-CSC-/-Similar-to-CS,Fourth-Year-or-Equivalent,3.00---3.39,No,0,0,0,0,1,0,0,1,Minimal-Anxiety,0,0,1,0,4,3,4,3,1,0,16,Moderate-Stress,0,1,0,0,0,0,0,0,0,1,Minimal-Depression
23-26,Female,AmericanInternationalUniversityBangladesh(AIUB),Engineering---CS-/-CSE-/-CSC-/-Similar-to-CS,Third-Year-or-Equivalent,3.80---4.00,No,1,2,2,2,2,2,2,13,Moderate-Anxiety,2,2,2,2,2,2,2,2,2,2,20,Moderate-Stress,2,2,2,2,2,2,2,2,0,16,Moderately-Severe-Depression
18-22,Male,AmericanInternationalUniversityBangladesh(AIUB),Engineering---CS-/-CSE-/-CSC-/-Similar-to-CS,Third-Year-or-Equivalent,3.00---3.39,No,2,2,2,2,2,2,2,14,Moderate-Anxiety,2,2,2,2,2,2,2,2,2,2,20,Moderate-Stress,0,1,1,1,1,1,1,1,1,8,Mild-Depression
18-22,Female,AmericanInternationalUniversityBangladesh(AIUB),Engineering---CS-/-CSE-/-CSC-/-Similar-to-CS,Second-Year-or-Equivalent,3.40---3.79,No,1,0,1,2,2,1,0,7,Mild-Anxiety,2,3,4,2,1,2,2,3,3,3,25,Moderate-Stress,1,1,1,1,0,2,2,0,1,9,Mild-Depression
23-26,Male,Dhaka-University-of-Engineering-and-Technology-(DUET),Engineering---EEE/-ECE-/-Similar-to-EEE,Third-Year-or-Equivalent,3.40---3.79,No,0,0,1,1,1,1,0,4,Minimal-Anxiety,1,0,1,1,0,1,3,2,2,2,13,Low-Stress,2,1,1,1,0,0,1,1,0,7,Mild-Depression
23-26,Male,AmericanInternationalUniversityBangladesh(AIUB),Engineering---CS-/-CSE-/-CSC-/-Similar-to-CS,Fourth-Year-or-Equivalent,3.40---3.79,No,3,1,1,1,1,1,1,9,Mild-Anxiety,2,0,4,2,0,2,2,1,0,4,17,Moderate-Stress,1,1,1,1,1,1,1,1,1,9,Mild-Depression
18-22,Male,AmericanInternationalUniversityBangladesh(AIUB),Engineering---CS-/-CSE-/-CSC-/-Similar-to-CS,Third-Year-or-Equivalent,3.40---3.79,No,2,2,2,1,1,3,1,12,Moderate-Anxiety,0,1,3,3,1,0,1,2,2,3,16,Moderate-Stress,1,2,3,1,1,2,1,1,1,13,Moderate-Depression
23-26,Male,BangladeshUniversityofEngineeringandTechnology(BUET),Environmental-and-Life-Sciences,Fourth-Year-or-Equivalent,Below-2.50,No,1,1,0,2,3,3,3,13,Moderate-Anxiety,1,1,1,2,1,0,0,0,3,3,12,Low-Stress,3,3,1,1,3,1,0,3,1,16,Moderately-Severe-Depression
18-22,Male,IndependentUniversityBangladesh(IUB),Engineering---CS-/-CSE-/-CSC-/-Similar-to-CS,Second-Year-or-Equivalent,2.50---2.99,No,3,0,3,3,3,3,3,18,Severe-Anxiety,2,3,3,3,1,1,2,2,4,4,25,Moderate-Stress,2,3,3,3,3,3,3,3,3,26,Severe-Depression
18-22,Male,AmericanInternationalUniversityBangladesh(AIUB),Engineering---CS-/-CSE-/-CSC-/-Similar-to-CS,Third-Year-or-Equivalent,3.80---4.00,No,0,0,1,0,1,0,2,4,Minimal-Anxiety,3,2,2,2,0,2,1,2,1,1,16,Moderate-Stress,1,0,0,2,3,0,0,0,0,6,Mild-Depression
23-26,Male,Dhaka-University-of-Engineering-and-Technology-(DUET),Engineering---Mechanical-Engineering-/-Similar-to-ME,Fourth-Year-or-Equivalent,3.00---3.39,No,1,1,2,1,0,2,0,7,Mild-Anxiety,0,0,4,2,0,0,0,1,2,3,12,Low-Stress,2,1,3,1,0,0,1,1,0,9,Mild-Depression
23-26,Female,IndependentUniversityBangladesh(IUB),Engineering---CS-/-CSE-/-CSC-/-Similar-to-CS,Third-Year-or-Equivalent,3.00---3.39,Yes,2,2,2,2,2,2,2,14,Moderate-Anxiety,2,3,3,2,2,2,2,2,2,2,22,Moderate-Stress,2,2,2,2,3,2,2,2,2,19,Moderately-Severe-Depression
23-26,Male,Dhaka-University-of-Engineering-and-Technology-(DUET),Engineering---Mechanical-Engineering-/-Similar-to-ME,Third-Year-or-Equivalent,3.80---4.00,No,1,1,1,0,1,0,2,6,Mild-Anxiety,1,1,1,0,4,4,4,4,0,0,19,Moderate-Stress,1,0,0,0,0,1,0,0,0,2,Minimal-Depression
18-22,Male,AmericanInternationalUniversityBangladesh(AIUB),Engineering---CS-/-CSE-/-CSC-/-Similar-to-CS,Fourth-Year-or-Equivalent,3.00---3.39,No,3,1,2,1,1,1,2,11,Moderate-Anxiety,2,2,4,2,0,0,1,1,4,3,19,Moderate-Stress,1,3,1,3,1,2,2,1,1,15,Moderately-Severe-Depression
18-22,Male,IndependentUniversityBangladesh(IUB),Engineering---CS-/-CSE-/-CSC-/-Similar-to-CS,Second-Year-or-Equivalent,3.40---3.79,No,2,2,1,1,2,3,1,12,Moderate-Anxiety,1,2,2,0,2,3,3,2,1,1,17,Moderate-Stress,1,2,2,2,1,2,2,1,1,14,Moderate-Depression
23-26,Male,DhakaUniversity(DU),Biological-Sciences,Fourth-Year-or-Equivalent,Other,No,0,1,1,2,3,0,0,7,Mild-Anxiety,3,4,0,4,4,2,2,2,2,2,25,Moderate-Stress,1,3,2,2,2,3,1,1,0,15,Moderately-Severe-Depression
18-22,Female,IndependentUniversityBangladesh(IUB),Engineering---CS-/-CSE-/-CSC-/-Similar-to-CS,Third-Year-or-Equivalent,2.50---2.99,No,2,2,3,3,2,2,2,16,Severe-Anxiety,2,1,0,1,3,2,2,4,0,2,17,Moderate-Stress,2,2,0,3,3,2,2,3,3,20,Severe-Depression
23-26,Female,AmericanInternationalUniversityBangladesh(AIUB),Engineering---CS-/-CSE-/-CSC-/-Similar-to-CS,Fourth-Year-or-Equivalent,2.50---2.99,No,3,3,1,3,3,2,2,17,Severe-Anxiety,2,2,4,2,0,0,4,3,0,4,21,Moderate-Stress,2,2,0,2,3,3,0,1,1,14,Moderate-Depression
27-30,Male,Dhaka-University-of-Engineering-and-Technology-(DUET),Engineering---Mechanical-Engineering-/-Similar-to-ME,Fourth-Year-or-Equivalent,3.00---3.39,Yes,2,3,1,2,3,3,1,15,Severe-Anxiety,0,0,2,1,2,4,2,2,1,0,14,Moderate-Stress,3,3,0,3,1,1,1,0,0,12,Moderate-Depression
23-26,Male,Dhaka-University-of-Engineering-and-Technology-(DUET),Engineering---Mechanical-Engineering-/-Similar-to-ME,Fourth-Year-or-Equivalent,3.00---3.39,No,2,2,2,1,1,1,1,10,Moderate-Anxiety,0,0,2,0,2,4,4,4,2,2,20,Moderate-Stress,1,2,1,1,2,2,2,0,1,12,Moderate-Depression
18-22,Female,IndependentUniversityBangladesh(IUB),Engineering---CS-/-CSE-/-CSC-/-Similar-to-CS,Third-Year-or-Equivalent,3.00---3.39,No,3,3,3,3,3,3,3,21,Severe-Anxiety,1,2,2,0,3,4,2,2,1,2,19,Moderate-Stress,2,2,1,3,3,3,1,3,3,21,Severe-Depression
23-26,Male,IndependentUniversityBangladesh(IUB),Engineering---CS-/-CSE-/-CSC-/-Similar-to-CS,Second-Year-or-Equivalent,3.00---3.39,No,2,2,3,3,2,3,3,18,Severe-Anxiety,2,3,4,3,1,2,2,2,4,4,27,High-Perceived-Stress,3,3,3,2,3,3,1,3,0,21,Severe-Depression
18-22,Female,IndependentUniversityBangladesh(IUB),Engineering---CS-/-CSE-/-CSC-/-Similar-to-CS,Second-Year-or-Equivalent,2.50---2.99,Yes,3,3,3,3,3,3,3,21,Severe-Anxiety,3,4,4,4,3,4,4,3,4,4,37,High-Perceived-Stress,1,3,3,3,3,3,3,3,3,25,Severe-Depression
18-22,Female,IndependentUniversityBangladesh(IUB),Engineering---CS-/-CSE-/-CSC-/-Similar-to-CS,Second-Year-or-Equivalent,2.50---2.99,No,3,3,2,3,3,3,3,20,Severe-Anxiety,4,3,4,4,2,2,1,0,4,4,28,High-Perceived-Stress,1,3,1,3,2,3,0,2,3,18,Moderately-Severe-Depression
18-22,Male,IndependentUniversityBangladesh(IUB),Engineering---CS-/-CSE-/-CSC-/-Similar-to-CS,Second-Year-or-Equivalent,3.00---3.39,No,3,2,3,3,3,3,3,20,Severe-Anxiety,4,4,4,3,1,2,2,3,4,2,29,High-Perceived-Stress,1,3,1,3,2,3,3,2,3,21,Severe-Depression
18-22,Female,IndependentUniversityBangladesh(IUB),Engineering---CS-/-CSE-/-CSC-/-Similar-to-CS,Third-Year-or-Equivalent,2.50---2.99,No,3,0,0,3,3,3,3,15,Severe-Anxiety,4,4,4,4,4,4,0,4,4,4,36,High-Perceived-Stress,0,3,0,3,3,3,3,3,0,18,Moderately-Severe-Depression
23-26,Female,Dhaka-University-of-Engineering-and-Technology-(DUET),Engineering---Mechanical-Engineering-/-Similar-to-ME,Third-Year-or-Equivalent,2.50---2.99,No,1,1,2,2,2,2,1,11,Moderate-Anxiety,2,2,2,2,1,2,2,2,3,3,21,Moderate-Stress,1,2,1,1,1,3,2,2,2,15,Moderately-Severe-Depression
18-22,Male,IndependentUniversityBangladesh(IUB),Engineering---CS-/-CSE-/-CSC-/-Similar-to-CS,Third-Year-or-Equivalent,3.00---3.39,No,1,2,2,2,1,1,1,10,Moderate-Anxiety,2,2,2,1,0,1,1,2,3,2,16,Moderate-Stress,0,1,2,2,1,1,1,1,0,9,Mild-Depression
18-22,Male,IndependentUniversityBangladesh(IUB),Engineering---CS-/-CSE-/-CSC-/-Similar-to-CS,Second-Year-or-Equivalent,3.00---3.39,No,1,1,3,1,1,3,1,11,Moderate-Anxiety,2,2,2,3,2,2,3,2,3,3,24,Moderate-Stress,1,1,0,1,1,0,1,2,0,7,Mild-Depression
18-22,Male,IndependentUniversityBangladesh(IUB),Engineering---CS-/-CSE-/-CSC-/-Similar-to-CS,First-Year-or-Equivalent,3.00---3.39,No,2,3,1,1,1,1,1,10,Moderate-Anxiety,2,2,2,2,2,3,3,1,2,3,22,Moderate-Stress,3,1,1,1,1,0,1,0,0,8,Mild-Depression
18-22,Female,IndependentUniversityBangladesh(IUB),Engineering---CS-/-CSE-/-CSC-/-Similar-to-CS,Third-Year-or-Equivalent,3.00---3.39,No,2,3,3,3,3,3,3,20,Severe-Anxiety,4,3,4,4,2,2,3,4,4,3,33,High-Perceived-Stress,1,3,3,3,3,3,3,3,1,23,Severe-Depression
18-22,Female,IndependentUniversityBangladesh(IUB),Engineering---CS-/-CSE-/-CSC-/-Similar-to-CS,Third-Year-or-Equivalent,3.00---3.39,Yes,2,2,2,2,2,1,1,12,Moderate-Anxiety,3,2,3,3,2,2,2,3,3,2,25,Moderate-Stress,1,2,2,2,2,2,1,1,1,14,Moderate-Depression
18-22,Female,NorthSouthUniversity(NSU),Engineering---CS-/-CSE-/-CSC-/-Similar-to-CS,Third-Year-or-Equivalent,3.00---3.39,No,3,3,3,3,3,3,3,21,Severe-Anxiety,4,4,2,4,0,4,4,4,4,4,34,High-Perceived-Stress,3,3,3,3,3,3,3,3,1,25,Severe-Depression
18-22,Male,AmericanInternationalUniversityBangladesh(AIUB),Engineering---CS-/-CSE-/-CSC-/-Similar-to-CS,Fourth-Year-or-Equivalent,3.80---4.00,No,1,1,2,1,1,2,0,8,Mild-Anxiety,2,2,3,4,1,1,2,1,4,3,23,Moderate-Stress,1,1,3,3,1,1,2,0,0,12,Moderate-Depression
23-26,Male,Dhaka-University-of-Engineering-and-Technology-(DUET),Engineering---Mechanical-Engineering-/-Similar-to-ME,Third-Year-or-Equivalent,3.00---3.39,No,3,3,3,3,3,3,3,21,Severe-Anxiety,2,2,4,3,2,4,2,2,4,2,27,High-Perceived-Stress,1,3,1,2,2,3,1,3,3,19,Moderately-Severe-Depression
18-22,Male,AmericanInternationalUniversityBangladesh(AIUB),Engineering---CS-/-CSE-/-CSC-/-Similar-to-CS,Fourth-Year-or-Equivalent,3.40---3.79,No,3,3,3,3,3,3,3,21,Severe-Anxiety,1,2,3,1,3,1,2,3,3,4,23,Moderate-Stress,3,3,3,3,3,3,3,3,1,25,Severe-Depression
23-26,Male,Dhaka-University-of-Engineering-and-Technology-(DUET),Engineering---Mechanical-Engineering-/-Similar-to-ME,Second-Year-or-Equivalent,3.00---3.39,No,3,1,1,1,1,1,0,8,Mild-Anxiety,2,2,4,2,0,2,2,4,0,1,19,Moderate-Stress,1,1,1,1,1,0,0,0,0,5,Mild-Depression
23-26,Male,Dhaka-University-of-Engineering-and-Technology-(DUET),Engineering---Mechanical-Engineering-/-Similar-to-ME,Third-Year-or-Equivalent,2.50---2.99,No,1,1,1,2,1,0,0,6,Mild-Anxiety,2,2,2,0,1,1,3,2,0,2,15,Moderate-Stress,1,0,0,1,1,0,1,1,0,5,Mild-Depression
18-22,Male,AmericanInternationalUniversityBangladesh(AIUB),Engineering---CS-/-CSE-/-CSC-/-Similar-to-CS,Second-Year-or-Equivalent,3.00---3.39,No,2,2,3,1,3,3,2,16,Severe-Anxiety,2,3,2,4,3,3,2,4,4,3,30,High-Perceived-Stress,1,3,3,3,1,2,2,3,0,18,Moderately-Severe-Depression
23-26,Female,AmericanInternationalUniversityBangladesh(AIUB),Engineering---CS-/-CSE-/-CSC-/-Similar-to-CS,Other,2.50---2.99,No,1,1,1,1,1,1,1,7,Mild-Anxiety,2,2,2,2,2,2,2,2,2,2,20,Moderate-Stress,1,1,1,1,1,1,1,1,1,9,Mild-Depression
18-22,Male,AmericanInternationalUniversityBangladesh(AIUB),Engineering---CS-/-CSE-/-CSC-/-Similar-to-CS,Second-Year-or-Equivalent,3.00---3.39,No,0,1,2,0,0,0,0,3,Minimal-Anxiety,0,0,0,0,1,0,4,2,0,1,8,Low-Stress,3,0,1,3,0,0,0,0,0,7,Mild-Depression
18-22,Male,AmericanInternationalUniversityBangladesh(AIUB),Engineering---CS-/-CSE-/-CSC-/-Similar-to-CS,Third-Year-or-Equivalent,3.80---4.00,Yes,1,1,1,1,1,0,1,6,Mild-Anxiety,2,3,3,2,2,2,2,2,2,2,22,Moderate-Stress,2,2,0,1,0,1,0,0,0,6,Mild-Depression
18-22,Prefer-not-to-say,BRACUniversity,Engineering---CS-/-CSE-/-CSC-/-Similar-to-CS,Second-Year-or-Equivalent,Other,No,3,0,2,1,3,3,3,15,Severe-Anxiety,3,2,4,2,2,3,1,4,0,0,21,Moderate-Stress,3,3,3,0,1,3,3,1,3,20,Severe-Depression
18-22,Female,NorthSouthUniversity(NSU),Engineering---CS-/-CSE-/-CSC-/-Similar-to-CS,Third-Year-or-Equivalent,2.50---2.99,No,2,2,2,2,2,2,2,14,Moderate-Anxiety,1,2,2,2,3,3,2,3,2,2,22,Moderate-Stress,2,2,2,2,2,2,2,2,0,16,Moderately-Severe-Depression
18-22,Female,NorthSouthUniversity(NSU),Engineering---CS-/-CSE-/-CSC-/-Similar-to-CS,Third-Year-or-Equivalent,3.40---3.79,Yes,1,1,2,1,2,0,3,10,Moderate-Anxiety,2,2,3,3,1,3,1,2,3,2,22,Moderate-Stress,3,3,3,3,2,3,2,1,1,21,Severe-Depression
18-22,Male,IndependentUniversityBangladesh(IUB),Engineering---CS-/-CSE-/-CSC-/-Similar-to-CS,Third-Year-or-Equivalent,2.50---2.99,No,3,3,3,2,3,3,2,19,Severe-Anxiety,3,4,4,4,3,4,2,4,3,4,35,High-Perceived-Stress,0,3,3,3,3,3,3,3,3,24,Severe-Depression
23-26,Male,AmericanInternationalUniversityBangladesh(AIUB),Engineering---CS-/-CSE-/-CSC-/-Similar-to-CS,Fourth-Year-or-Equivalent,3.00---3.39,No,0,1,0,0,0,0,0,1,Minimal-Anxiety,1,2,0,0,2,1,4,2,1,0,13,Low-Stress,1,1,1,2,0,0,2,2,0,9,Mild-Depression
18-22,Male,NorthSouthUniversity(NSU),Engineering---CS-/-CSE-/-CSC-/-Similar-to-CS,Third-Year-or-Equivalent,3.00---3.39,Yes,2,2,3,3,3,3,2,18,Severe-Anxiety,3,3,3,2,1,2,1,2,4,3,24,Moderate-Stress,0,3,2,3,2,3,3,3,3,22,Severe-Depression
18-22,Female,IndependentUniversityBangladesh(IUB),Engineering---CS-/-CSE-/-CSC-/-Similar-to-CS,First-Year-or-Equivalent,3.40---3.79,No,1,1,1,1,1,1,1,7,Mild-Anxiety,2,2,2,2,2,2,2,2,2,2,20,Moderate-Stress,1,1,1,1,1,1,1,1,1,9,Mild-Depression
23-26,Female,NorthSouthUniversity(NSU),Engineering---CS-/-CSE-/-CSC-/-Similar-to-CS,Fourth-Year-or-Equivalent,3.00---3.39,No,3,3,3,3,3,3,3,21,Severe-Anxiety,4,4,4,4,2,2,2,2,4,4,32,High-Perceived-Stress,0,3,3,3,3,3,3,3,3,24,Severe-Depression
23-26,Female,AmericanInternationalUniversityBangladesh(AIUB),Engineering---CS-/-CSE-/-CSC-/-Similar-to-CS,Third-Year-or-Equivalent,3.80---4.00,Yes,1,2,1,0,0,1,0,5,Mild-Anxiety,2,2,3,1,0,2,1,1,2,1,15,Moderate-Stress,0,0,0,0,1,0,0,0,0,1,Minimal-Depression
18-22,Female,IndependentUniversityBangladesh(IUB),Engineering---CS-/-CSE-/-CSC-/-Similar-to-CS,First-Year-or-Equivalent,2.50---2.99,Yes,2,2,2,3,2,1,2,14,Moderate-Anxiety,2,2,2,0,2,2,2,2,3,2,19,Moderate-Stress,1,1,1,1,1,1,0,1,0,7,Mild-Depression
23-26,Male,IndependentUniversityBangladesh(IUB),Engineering---CS-/-CSE-/-CSC-/-Similar-to-CS,Second-Year-or-Equivalent,2.50---2.99,No,0,2,3,2,2,2,2,13,Moderate-Anxiety,2,2,2,2,1,3,2,3,4,3,24,Moderate-Stress,3,2,3,3,3,3,1,3,3,24,Severe-Depression
18-22,Female,IndependentUniversityBangladesh(IUB),Engineering---CS-/-CSE-/-CSC-/-Similar-to-CS,First-Year-or-Equivalent,2.50---2.99,No,3,3,3,3,3,3,3,21,Severe-Anxiety,2,3,4,4,3,2,3,3,3,4,31,High-Perceived-Stress,2,2,1,2,3,3,3,3,0,19,Moderately-Severe-Depression
18-22,Female,NorthSouthUniversity(NSU),Engineering---EEE/-ECE-/-Similar-to-EEE,Third-Year-or-Equivalent,3.40---3.79,Yes,0,0,0,3,3,3,3,12,Moderate-Anxiety,2,3,2,2,2,2,2,2,2,2,21,Moderate-Stress,1,3,3,1,1,3,3,1,3,19,Moderately-Severe-Depression
18-22,Male,IndependentUniversityBangladesh(IUB),Business-and-Entrepreneurship-Studies,First-Year-or-Equivalent,3.00---3.39,Yes,1,0,0,1,1,0,1,4,Minimal-Anxiety,1,1,1,1,3,4,4,1,2,0,18,Moderate-Stress,3,0,1,1,1,1,1,1,0,9,Mild-Depression
18-22,Male,IndependentUniversityBangladesh(IUB),Engineering---CS-/-CSE-/-CSC-/-Similar-to-CS,First-Year-or-Equivalent,Other,No,1,1,1,1,1,1,1,7,Mild-Anxiety,2,2,1,1,3,3,3,3,1,1,20,Moderate-Stress,1,1,1,1,1,1,1,1,1,9,Mild-Depression
18-22,Male,IndependentUniversityBangladesh(IUB),Engineering---CS-/-CSE-/-CSC-/-Similar-to-CS,Second-Year-or-Equivalent,2.50---2.99,No,1,1,1,1,1,0,1,6,Mild-Anxiety,2,2,2,2,2,3,2,2,2,2,21,Moderate-Stress,1,0,2,0,1,0,2,1,1,8,Mild-Depression
23-26,Male,IndependentUniversityBangladesh(IUB),Engineering---CS-/-CSE-/-CSC-/-Similar-to-CS,Fourth-Year-or-Equivalent,3.40---3.79,No,3,3,3,3,3,3,3,21,Severe-Anxiety,3,4,4,4,0,0,0,0,4,4,23,Moderate-Stress,2,3,3,3,3,3,3,3,3,26,Severe-Depression
18-22,Male,IndependentUniversityBangladesh(IUB),Engineering---EEE/-ECE-/-Similar-to-EEE,First-Year-or-Equivalent,3.00---3.39,No,1,1,1,1,1,1,1,7,Mild-Anxiety,3,3,3,3,1,1,1,1,3,3,22,Moderate-Stress,0,0,2,1,2,0,2,2,0,9,Mild-Depression
18-22,Male,IndependentUniversityBangladesh(IUB),Engineering---CS-/-CSE-/-CSC-/-Similar-to-CS,First-Year-or-Equivalent,Below-2.50,No,2,1,1,1,1,1,1,8,Mild-Anxiety,2,2,2,2,2,2,2,2,2,2,20,Moderate-Stress,2,2,1,3,3,1,2,1,3,18,Moderately-Severe-Depression
18-22,Male,IndependentUniversityBangladesh(IUB),Engineering---CS-/-CSE-/-CSC-/-Similar-to-CS,Third-Year-or-Equivalent,3.40---3.79,Yes,2,2,3,3,3,3,3,19,Severe-Anxiety,4,4,4,4,3,3,2,3,4,4,35,High-Perceived-Stress,2,3,2,3,2,3,3,3,0,21,Severe-Depression
18-22,Male,IndependentUniversityBangladesh(IUB),Engineering---CS-/-CSE-/-CSC-/-Similar-to-CS,First-Year-or-Equivalent,Below-2.50,No,2,2,1,2,0,0,2,9,Mild-Anxiety,2,3,4,3,2,3,3,1,4,3,28,High-Perceived-Stress,3,0,1,0,0,2,0,1,0,7,Mild-Depression
23-26,Male,IndependentUniversityBangladesh(IUB),Engineering---CS-/-CSE-/-CSC-/-Similar-to-CS,First-Year-or-Equivalent,Other,No,2,1,1,1,1,1,1,8,Mild-Anxiety,3,3,3,3,2,3,1,4,3,4,29,High-Perceived-Stress,1,1,3,2,1,2,2,1,0,13,Moderate-Depression
18-22,Male,NorthSouthUniversity(NSU),Engineering---CS-/-CSE-/-CSC-/-Similar-to-CS,Third-Year-or-Equivalent,3.00---3.39,No,2,1,1,2,1,1,2,10,Moderate-Anxiety,1,1,2,2,2,3,2,2,2,2,19,Moderate-Stress,1,2,2,2,0,2,3,2,0,14,Moderate-Depression
18-22,Female,DhakaUniversity(DU),Other,Third-Year-or-Equivalent,3.40---3.79,No,1,1,1,1,1,1,1,7,Mild-Anxiety,2,2,2,0,3,2,2,2,2,2,19,Moderate-Stress,1,1,1,1,1,1,1,1,0,8,Mild-Depression
18-22,Male,IndependentUniversityBangladesh(IUB),Engineering---CS-/-CSE-/-CSC-/-Similar-to-CS,Second-Year-or-Equivalent,2.50---2.99,No,2,1,1,1,0,1,1,7,Mild-Anxiety,3,4,2,2,1,2,2,2,2,2,22,Moderate-Stress,1,1,1,1,1,1,1,2,3,12,Moderate-Depression
18-22,Male,AmericanInternationalUniversityBangladesh(AIUB),Engineering---CS-/-CSE-/-CSC-/-Similar-to-CS,Second-Year-or-Equivalent,3.40---3.79,No,1,1,2,1,1,2,3,11,Moderate-Anxiety,1,1,1,1,2,3,2,3,1,2,17,Moderate-Stress,1,3,3,2,1,0,0,1,1,12,Moderate-Depression
23-26,Female,AmericanInternationalUniversityBangladesh(AIUB),Engineering---CS-/-CSE-/-CSC-/-Similar-to-CS,Third-Year-or-Equivalent,3.80---4.00,Yes,1,1,0,0,0,0,0,2,Minimal-Anxiety,2,2,2,2,3,2,2,0,2,1,18,Moderate-Stress,1,1,0,1,0,1,1,0,0,5,Mild-Depression
18-22,Male,AmericanInternationalUniversityBangladesh(AIUB),Engineering---CS-/-CSE-/-CSC-/-Similar-to-CS,Fourth-Year-or-Equivalent,3.40---3.79,No,2,2,2,2,2,2,2,14,Moderate-Anxiety,2,2,3,0,0,2,1,0,4,4,18,Moderate-Stress,2,2,2,2,2,2,2,2,0,16,Moderately-Severe-Depression
18-22,Male,AmericanInternationalUniversityBangladesh(AIUB),Engineering---CS-/-CSE-/-CSC-/-Similar-to-CS,Third-Year-or-Equivalent,3.00---3.39,No,1,2,2,2,2,1,3,13,Moderate-Anxiety,2,2,2,1,2,2,2,2,2,2,19,Moderate-Stress,0,2,3,2,2,2,2,2,2,17,Moderately-Severe-Depression
18-22,Male,AmericanInternationalUniversityBangladesh(AIUB),Engineering---CS-/-CSE-/-CSC-/-Similar-to-CS,Third-Year-or-Equivalent,3.80---4.00,No,1,0,2,0,0,1,1,5,Mild-Anxiety,2,1,2,1,0,0,1,1,1,1,10,Low-Stress,3,0,1,1,1,0,1,0,0,7,Mild-Depression
18-22,Female,AmericanInternationalUniversityBangladesh(AIUB),Engineering---CS-/-CSE-/-CSC-/-Similar-to-CS,Third-Year-or-Equivalent,3.80---4.00,Yes,2,2,2,1,2,1,2,12,Moderate-Anxiety,2,2,3,2,2,2,2,2,2,2,21,Moderate-Stress,1,1,1,1,1,1,0,0,1,7,Mild-Depression
18-22,Male,AmericanInternationalUniversityBangladesh(AIUB),Engineering---CS-/-CSE-/-CSC-/-Similar-to-CS,Third-Year-or-Equivalent,3.40---3.79,No,3,1,3,3,2,1,3,16,Severe-Anxiety,4,4,4,3,2,2,0,4,3,3,29,High-Perceived-Stress,1,3,3,3,1,3,3,1,1,19,Moderately-Severe-Depression
18-22,Male,AmericanInternationalUniversityBangladesh(AIUB),Engineering---CS-/-CSE-/-CSC-/-Similar-to-CS,Third-Year-or-Equivalent,3.80---4.00,Yes,1,1,1,1,2,1,1,8,Mild-Anxiety,3,2,3,2,0,2,0,1,2,2,17,Moderate-Stress,2,1,1,1,1,1,1,1,0,9,Mild-Depression
23-26,Male,AmericanInternationalUniversityBangladesh(AIUB),Engineering---CS-/-CSE-/-CSC-/-Similar-to-CS,Fourth-Year-or-Equivalent,3.00---3.39,No,1,1,2,1,1,2,0,8,Mild-Anxiety,2,3,3,2,1,2,2,1,3,4,23,Moderate-Stress,1,1,2,2,1,0,0,0,0,7,Mild-Depression
18-22,Male,AmericanInternationalUniversityBangladesh(AIUB),Engineering---CS-/-CSE-/-CSC-/-Similar-to-CS,Third-Year-or-Equivalent,3.80---4.00,Yes,3,3,3,2,2,1,1,15,Severe-Anxiety,2,3,3,4,2,3,3,1,4,4,29,High-Perceived-Stress,0,2,2,2,0,2,2,1,0,11,Moderate-Depression
18-22,Male,AmericanInternationalUniversityBangladesh(AIUB),Engineering---CS-/-CSE-/-CSC-/-Similar-to-CS,Fourth-Year-or-Equivalent,3.40---3.79,No,1,1,1,1,1,2,1,8,Mild-Anxiety,2,2,3,4,0,1,1,0,2,2,17,Moderate-Stress,1,1,2,2,3,1,1,1,0,12,Moderate-Depression
23-26,Male,AmericanInternationalUniversityBangladesh(AIUB),Engineering---CS-/-CSE-/-CSC-/-Similar-to-CS,Fourth-Year-or-Equivalent,3.80---4.00,No,2,2,2,2,2,2,2,14,Moderate-Anxiety,3,4,4,4,2,2,3,2,1,3,28,High-Perceived-Stress,2,2,3,3,0,3,3,0,0,16,Moderately-Severe-Depression
23-26,Female,AmericanInternationalUniversityBangladesh(AIUB),Engineering---CS-/-CSE-/-CSC-/-Similar-to-CS,Fourth-Year-or-Equivalent,3.00---3.39,No,3,1,1,1,1,1,2,10,Moderate-Anxiety,4,2,4,3,0,3,2,2,3,2,25,Moderate-Stress,1,1,1,1,0,0,1,1,0,6,Mild-Depression
18-22,Female,AmericanInternationalUniversityBangladesh(AIUB),Engineering---CS-/-CSE-/-CSC-/-Similar-to-CS,Fourth-Year-or-Equivalent,3.80---4.00,Yes,2,3,3,3,3,3,3,20,Severe-Anxiety,4,4,4,4,0,2,1,1,4,4,28,High-Perceived-Stress,1,3,0,3,0,3,2,3,1,16,Moderately-Severe-Depression
18-22,Male,AmericanInternationalUniversityBangladesh(AIUB),Engineering---CS-/-CSE-/-CSC-/-Similar-to-CS,Fourth-Year-or-Equivalent,3.00---3.39,No,2,1,3,3,2,1,1,13,Moderate-Anxiety,0,1,2,2,3,3,2,2,2,2,19,Moderate-Stress,1,1,0,1,1,1,0,1,1,7,Mild-Depression
18-22,Female,NorthSouthUniversity(NSU),Engineering---CS-/-CSE-/-CSC-/-Similar-to-CS,First-Year-or-Equivalent,2.50---2.99,No,2,3,3,1,3,2,3,17,Severe-Anxiety,2,2,2,2,2,2,2,2,2,2,20,Moderate-Stress,2,3,3,2,3,2,2,2,0,19,Moderately-Severe-Depression
18-22,Female,AmericanInternationalUniversityBangladesh(AIUB),Engineering---CS-/-CSE-/-CSC-/-Similar-to-CS,Third-Year-or-Equivalent,3.40---3.79,No,2,2,3,2,2,2,2,15,Severe-Anxiety,2,2,3,3,3,4,3,2,2,4,28,High-Perceived-Stress,2,3,3,3,3,3,3,3,1,24,Severe-Depression
23-26,Female,AmericanInternationalUniversityBangladesh(AIUB),Engineering---CS-/-CSE-/-CSC-/-Similar-to-CS,Third-Year-or-Equivalent,3.40---3.79,No,1,1,1,1,1,1,1,7,Mild-Anxiety,2,2,2,1,2,2,2,2,2,2,19,Moderate-Stress,1,1,1,1,1,1,1,1,1,9,Mild-Depression
23-26,Male,AmericanInternationalUniversityBangladesh(AIUB),Engineering---CS-/-CSE-/-CSC-/-Similar-to-CS,Fourth-Year-or-Equivalent,3.00---3.39,No,1,1,1,1,1,1,2,8,Mild-Anxiety,2,2,2,1,1,0,2,1,2,2,15,Moderate-Stress,3,1,1,1,1,1,2,1,0,11,Moderate-Depression
18-22,Male,AmericanInternationalUniversityBangladesh(AIUB),Engineering---CS-/-CSE-/-CSC-/-Similar-to-CS,Fourth-Year-or-Equivalent,3.40---3.79,No,0,2,3,3,2,2,2,14,Moderate-Anxiety,2,4,2,3,1,0,1,1,3,3,20,Moderate-Stress,3,0,3,3,1,3,3,1,0,17,Moderately-Severe-Depression
18-22,Female,AmericanInternationalUniversityBangladesh(AIUB),Engineering---CS-/-CSE-/-CSC-/-Similar-to-CS,Fourth-Year-or-Equivalent,3.80---4.00,No,1,1,1,1,1,1,1,7,Mild-Anxiety,1,0,1,1,3,3,3,3,1,1,17,Moderate-Stress,1,1,1,0,0,0,0,0,0,3,Minimal-Depression
23-26,Prefer-not-to-say,AmericanInternationalUniversityBangladesh(AIUB),Engineering---CS-/-CSE-/-CSC-/-Similar-to-CS,Fourth-Year-or-Equivalent,3.40---3.79,No,1,1,1,1,1,1,1,7,Mild-Anxiety,3,3,3,3,2,2,3,2,3,2,26,Moderate-Stress,0,1,3,1,1,1,2,0,1,10,Moderate-Depression
23-26,Male,AmericanInternationalUniversityBangladesh(AIUB),Engineering---CS-/-CSE-/-CSC-/-Similar-to-CS,Fourth-Year-or-Equivalent,2.50---2.99,No,1,2,1,2,1,2,1,10,Moderate-Anxiety,2,2,1,1,3,3,3,3,1,1,20,Moderate-Stress,2,1,2,1,2,1,2,1,2,14,Moderate-Depression
23-26,Male,AmericanInternationalUniversityBangladesh(AIUB),Engineering---CS-/-CSE-/-CSC-/-Similar-to-CS,Third-Year-or-Equivalent,3.00---3.39,No,1,1,2,2,0,2,2,10,Moderate-Anxiety,1,0,2,0,3,1,1,2,2,0,12,Low-Stress,1,3,1,2,1,2,0,2,2,14,Moderate-Depression
18-22,Male,AmericanInternationalUniversityBangladesh(AIUB),Engineering---CS-/-CSE-/-CSC-/-Similar-to-CS,Third-Year-or-Equivalent,3.80---4.00,Yes,2,2,3,2,3,3,3,18,Severe-Anxiety,2,3,3,4,1,2,2,2,3,3,25,Moderate-Stress,3,3,3,3,3,3,1,1,3,23,Severe-Depression
18-22,Male,NorthSouthUniversity(NSU),Engineering---CS-/-CSE-/-CSC-/-Similar-to-CS,Second-Year-or-Equivalent,Below-2.50,No,0,0,0,0,0,0,1,1,Minimal-Anxiety,1,1,4,0,4,3,3,4,0,0,20,Moderate-Stress,0,0,0,0,1,2,0,0,0,3,Minimal-Depression
23-26,Male,AmericanInternationalUniversityBangladesh(AIUB),Engineering---CS-/-CSE-/-CSC-/-Similar-to-CS,Fourth-Year-or-Equivalent,3.00---3.39,No,2,2,1,1,1,1,1,9,Mild-Anxiety,2,2,2,2,1,1,2,2,3,2,19,Moderate-Stress,1,1,1,1,1,1,1,1,0,8,Mild-Depression
18-22,Male,NorthSouthUniversity(NSU),Engineering---CS-/-CSE-/-CSC-/-Similar-to-CS,First-Year-or-Equivalent,3.00---3.39,Yes,1,1,2,1,2,3,2,12,Moderate-Anxiety,2,2,3,3,0,3,2,2,2,3,22,Moderate-Stress,0,1,2,1,2,1,3,0,0,10,Moderate-Depression
23-26,Male,AmericanInternationalUniversityBangladesh(AIUB),Engineering---CS-/-CSE-/-CSC-/-Similar-to-CS,Third-Year-or-Equivalent,3.80---4.00,No,1,1,1,1,1,1,1,7,Mild-Anxiety,2,2,2,2,2,2,2,2,2,2,20,Moderate-Stress,1,1,1,1,1,1,1,1,1,9,Mild-Depression
18-22,Male,NorthSouthUniversity(NSU),Engineering---CS-/-CSE-/-CSC-/-Similar-to-CS,First-Year-or-Equivalent,3.40---3.79,No,2,2,2,2,2,2,1,13,Moderate-Anxiety,2,3,3,3,0,2,2,1,2,2,20,Moderate-Stress,1,1,1,1,1,1,1,0,0,7,Mild-Depression
18-22,Male,AmericanInternationalUniversityBangladesh(AIUB),Engineering---CS-/-CSE-/-CSC-/-Similar-to-CS,Fourth-Year-or-Equivalent,3.40---3.79,No,1,1,2,1,2,0,2,9,Mild-Anxiety,2,3,2,2,1,1,1,1,1,1,15,Moderate-Stress,3,1,3,3,2,1,0,1,0,14,Moderate-Depression
23-26,Female,AmericanInternationalUniversityBangladesh(AIUB),Engineering---CS-/-CSE-/-CSC-/-Similar-to-CS,Fourth-Year-or-Equivalent,3.40---3.79,No,3,3,3,3,3,3,3,21,Severe-Anxiety,2,2,3,2,2,0,1,2,4,2,20,Moderate-Stress,3,1,0,3,3,1,0,0,0,11,Moderate-Depression
18-22,Male,AmericanInternationalUniversityBangladesh(AIUB),Engineering---CS-/-CSE-/-CSC-/-Similar-to-CS,Fourth-Year-or-Equivalent,3.00---3.39,No,1,0,0,1,0,3,1,6,Mild-Anxiety,2,3,4,3,3,2,2,1,3,1,24,Moderate-Stress,1,1,1,3,1,2,1,3,1,14,Moderate-Depression
23-26,Male,AmericanInternationalUniversityBangladesh(AIUB),Engineering---CS-/-CSE-/-CSC-/-Similar-to-CS,Fourth-Year-or-Equivalent,3.40---3.79,No,2,3,3,2,2,2,2,16,Severe-Anxiety,2,2,1,3,1,1,1,1,4,4,20,Moderate-Stress,3,3,3,3,3,2,2,3,3,25,Severe-Depression
18-22,Male,AmericanInternationalUniversityBangladesh(AIUB),Engineering---CS-/-CSE-/-CSC-/-Similar-to-CS,Fourth-Year-or-Equivalent,3.80---4.00,No,3,3,2,2,1,1,1,13,Moderate-Anxiety,3,2,2,2,1,1,2,1,2,3,19,Moderate-Stress,2,2,2,2,2,2,2,2,2,18,Moderately-Severe-Depression
18-22,Male,IndependentUniversityBangladesh(IUB),Engineering---CS-/-CSE-/-CSC-/-Similar-to-CS,First-Year-or-Equivalent,3.00---3.39,Yes,0,0,0,0,0,0,0,0,Minimal-Anxiety,0,0,1,0,0,4,3,3,1,1,13,Low-Stress,0,0,3,1,0,0,0,0,0,4,Minimal-Depression
18-22,Female,IndependentUniversityBangladesh(IUB),Engineering---CS-/-CSE-/-CSC-/-Similar-to-CS,First-Year-or-Equivalent,2.50---2.99,No,1,0,1,2,3,0,1,8,Mild-Anxiety,3,2,3,0,4,4,4,4,1,0,25,Moderate-Stress,1,1,1,1,0,0,1,1,0,6,Mild-Depression
23-26,Male,Dhaka-University-of-Engineering-and-Technology-(DUET),Engineering---Mechanical-Engineering-/-Similar-to-ME,Third-Year-or-Equivalent,3.40---3.79,No,2,2,2,1,0,1,1,9,Mild-Anxiety,0,0,2,0,2,2,2,2,2,2,14,Moderate-Stress,1,0,2,1,0,1,0,2,0,7,Mild-Depression
18-22,Male,IndependentUniversityBangladesh(IUB),Engineering---CS-/-CSE-/-CSC-/-Similar-to-CS,Third-Year-or-Equivalent,3.40---3.79,Yes,1,1,2,2,1,1,1,9,Mild-Anxiety,3,3,2,3,2,2,2,2,2,3,24,Moderate-Stress,2,2,1,2,1,3,1,1,2,15,Moderately-Severe-Depression
18-22,Female,NorthSouthUniversity(NSU),Engineering---CS-/-CSE-/-CSC-/-Similar-to-CS,First-Year-or-Equivalent,Below-2.50,No,3,3,3,3,2,3,3,20,Severe-Anxiety,4,3,4,4,0,4,4,2,4,4,33,High-Perceived-Stress,3,3,3,3,3,3,0,0,0,18,Moderately-Severe-Depression
18-22,Male,IndependentUniversityBangladesh(IUB),Engineering---CS-/-CSE-/-CSC-/-Similar-to-CS,First-Year-or-Equivalent,3.40---3.79,No,2,1,2,1,2,2,2,12,Moderate-Anxiety,3,2,1,2,1,2,1,1,3,3,19,Moderate-Stress,1,2,1,2,0,1,1,0,1,9,Mild-Depression
18-22,Male,AmericanInternationalUniversityBangladesh(AIUB),Engineering---CS-/-CSE-/-CSC-/-Similar-to-CS,Second-Year-or-Equivalent,3.00---3.39,Yes,1,0,1,1,0,1,0,4,Minimal-Anxiety,0,2,2,2,1,2,4,2,3,3,21,Moderate-Stress,1,3,0,2,1,1,0,1,1,10,Moderate-Depression
23-26,Female,IndependentUniversityBangladesh(IUB),Business-and-Entrepreneurship-Studies,Fourth-Year-or-Equivalent,2.50---2.99,No,3,3,2,2,3,3,3,19,Severe-Anxiety,3,3,4,4,0,0,0,0,4,4,22,Moderate-Stress,1,3,3,3,3,3,3,2,1,22,Severe-Depression
18-22,Male,AmericanInternationalUniversityBangladesh(AIUB),Engineering---CS-/-CSE-/-CSC-/-Similar-to-CS,Third-Year-or-Equivalent,3.00---3.39,No,1,1,1,1,1,1,1,7,Mild-Anxiety,2,2,2,2,2,2,2,2,2,2,20,Moderate-Stress,1,1,1,1,1,1,1,1,1,9,Mild-Depression
18-22,Male,AmericanInternationalUniversityBangladesh(AIUB),Engineering---CS-/-CSE-/-CSC-/-Similar-to-CS,Third-Year-or-Equivalent,3.40---3.79,No,3,3,3,3,3,3,3,21,Severe-Anxiety,0,4,4,2,3,3,3,4,4,4,31,High-Perceived-Stress,3,3,3,3,3,3,3,3,3,27,Severe-Depression
18-22,Female,AmericanInternationalUniversityBangladesh(AIUB),Engineering---CS-/-CSE-/-CSC-/-Similar-to-CS,Third-Year-or-Equivalent,3.40---3.79,Yes,0,0,0,0,0,0,0,0,Minimal-Anxiety,2,2,2,0,2,2,2,2,2,2,18,Moderate-Stress,0,0,0,0,0,0,0,0,0,0,No-Depression
23-26,Male,AmericanInternationalUniversityBangladesh(AIUB),Engineering---CS-/-CSE-/-CSC-/-Similar-to-CS,Third-Year-or-Equivalent,3.40---3.79,No,0,0,0,0,0,0,0,0,Minimal-Anxiety,0,0,0,0,4,4,4,4,0,0,16,Moderate-Stress,0,0,0,0,0,0,0,0,0,0,No-Depression
18-22,Male,AmericanInternationalUniversityBangladesh(AIUB),Engineering---CS-/-CSE-/-CSC-/-Similar-to-CS,Third-Year-or-Equivalent,3.40---3.79,No,3,2,2,2,2,2,2,15,Severe-Anxiety,0,1,4,0,2,2,2,2,2,2,17,Moderate-Stress,2,3,2,3,2,3,3,2,2,22,Severe-Depression
23-26,Male,AmericanInternationalUniversityBangladesh(AIUB),Engineering---CS-/-CSE-/-CSC-/-Similar-to-CS,Third-Year-or-Equivalent,3.40---3.79,No,0,0,0,2,1,0,0,3,Minimal-Anxiety,2,0,3,0,4,4,4,4,0,2,23,Moderate-Stress,2,0,1,3,0,0,0,0,0,6,Mild-Depression
18-22,Male,AmericanInternationalUniversityBangladesh(AIUB),Engineering---CS-/-CSE-/-CSC-/-Similar-to-CS,Second-Year-or-Equivalent,3.40---3.79,Yes,1,1,1,1,3,3,0,10,Moderate-Anxiety,0,2,2,2,2,2,3,3,2,2,20,Moderate-Stress,1,1,1,1,1,1,1,1,1,9,Mild-Depression
23-26,Female,AmericanInternationalUniversityBangladesh(AIUB),Engineering---CS-/-CSE-/-CSC-/-Similar-to-CS,Other,2.50---2.99,No,2,1,1,1,2,2,2,11,Moderate-Anxiety,1,2,2,1,3,3,2,2,2,2,20,Moderate-Stress,2,1,2,1,1,2,1,1,1,12,Moderate-Depression
23-26,Male,AmericanInternationalUniversityBangladesh(AIUB),Engineering---CS-/-CSE-/-CSC-/-Similar-to-CS,Third-Year-or-Equivalent,3.40---3.79,No,3,2,2,2,2,2,0,13,Moderate-Anxiety,2,3,4,3,2,3,2,3,1,2,25,Moderate-Stress,1,2,1,3,1,3,2,3,0,16,Moderately-Severe-Depression
18-22,Male,AmericanInternationalUniversityBangladesh(AIUB),Engineering---CS-/-CSE-/-CSC-/-Similar-to-CS,Second-Year-or-Equivalent,3.80---4.00,Yes,1,1,3,1,1,1,1,9,Mild-Anxiety,2,2,2,2,0,2,2,0,2,1,15,Moderate-Stress,1,0,0,1,0,1,0,1,0,4,Minimal-Depression
23-26,Male,AmericanInternationalUniversityBangladesh(AIUB),Engineering---CS-/-CSE-/-CSC-/-Similar-to-CS,Third-Year-or-Equivalent,3.80---4.00,Yes,1,1,1,1,1,3,1,9,Mild-Anxiety,0,1,1,1,2,1,4,0,2,2,14,Moderate-Stress,1,1,1,3,1,1,3,3,0,14,Moderate-Depression
18-22,Male,AmericanInternationalUniversityBangladesh(AIUB),Engineering---CS-/-CSE-/-CSC-/-Similar-to-CS,Third-Year-or-Equivalent,3.40---3.79,No,2,2,1,2,2,1,1,11,Moderate-Anxiety,3,3,4,4,2,2,2,2,3,3,28,High-Perceived-Stress,0,2,3,3,3,3,2,0,1,17,Moderately-Severe-Depression
18-22,Male,AmericanInternationalUniversityBangladesh(AIUB),Engineering---CS-/-CSE-/-CSC-/-Similar-to-CS,Third-Year-or-Equivalent,3.00---3.39,No,1,2,2,3,2,0,1,11,Moderate-Anxiety,4,4,4,4,4,4,4,3,3,4,38,High-Perceived-Stress,3,3,2,0,1,1,1,2,1,14,Moderate-Depression
18-22,Female,AmericanInternationalUniversityBangladesh(AIUB),Engineering---CS-/-CSE-/-CSC-/-Similar-to-CS,Third-Year-or-Equivalent,3.00---3.39,No,0,0,0,0,3,3,3,9,Mild-Anxiety,4,4,3,3,0,1,1,1,2,2,21,Moderate-Stress,1,2,0,2,0,1,0,2,0,8,Mild-Depression
18-22,Male,AmericanInternationalUniversityBangladesh(AIUB),Engineering---CS-/-CSE-/-CSC-/-Similar-to-CS,Third-Year-or-Equivalent,3.40---3.79,No,3,2,3,3,3,1,2,17,Severe-Anxiety,3,2,3,2,2,2,2,3,3,3,25,Moderate-Stress,2,3,3,3,2,3,3,2,2,23,Severe-Depression
18-22,Male,AmericanInternationalUniversityBangladesh(AIUB),Engineering---CS-/-CSE-/-CSC-/-Similar-to-CS,Third-Year-or-Equivalent,3.00---3.39,No,0,1,1,1,0,1,0,4,Minimal-Anxiety,1,2,2,1,3,4,3,3,2,1,22,Moderate-Stress,0,1,1,1,0,3,3,1,1,11,Moderate-Depression
18-22,Male,AmericanInternationalUniversityBangladesh(AIUB),Engineering---CS-/-CSE-/-CSC-/-Similar-to-CS,Second-Year-or-Equivalent,3.80---4.00,No,1,2,2,3,3,3,2,16,Severe-Anxiety,2,3,3,3,2,1,2,2,2,2,22,Moderate-Stress,1,2,2,1,2,3,1,2,2,16,Moderately-Severe-Depression
23-26,Male,AmericanInternationalUniversityBangladesh(AIUB),Engineering---CS-/-CSE-/-CSC-/-Similar-to-CS,Fourth-Year-or-Equivalent,3.00---3.39,No,2,0,1,1,1,1,1,7,Mild-Anxiety,3,0,2,2,2,2,2,2,2,2,19,Moderate-Stress,1,1,1,1,1,1,0,1,0,7,Mild-Depression
23-26,Male,AmericanInternationalUniversityBangladesh(AIUB),Engineering---CS-/-CSE-/-CSC-/-Similar-to-CS,Third-Year-or-Equivalent,3.40---3.79,No,1,0,1,1,2,1,1,7,Mild-Anxiety,1,1,2,1,2,3,2,3,2,0,17,Moderate-Stress,1,1,2,1,1,1,1,0,0,8,Mild-Depression
23-26,Male,Dhaka-University-of-Engineering-and-Technology-(DUET),Engineering---Mechanical-Engineering-/-Similar-to-ME,Third-Year-or-Equivalent,3.00---3.39,No,1,2,3,3,1,1,2,13,Moderate-Anxiety,4,4,4,1,1,2,3,2,2,1,24,Moderate-Stress,3,2,1,1,1,1,1,2,2,14,Moderate-Depression
18-22,Female,AmericanInternationalUniversityBangladesh(AIUB),Engineering---CS-/-CSE-/-CSC-/-Similar-to-CS,Third-Year-or-Equivalent,3.00---3.39,No,3,1,1,1,2,2,2,12,Moderate-Anxiety,3,4,4,4,0,3,2,3,4,3,30,High-Perceived-Stress,2,3,1,2,1,2,3,2,1,17,Moderately-Severe-Depression
18-22,Female,AmericanInternationalUniversityBangladesh(AIUB),Engineering---CS-/-CSE-/-CSC-/-Similar-to-CS,Third-Year-or-Equivalent,3.00---3.39,No,2,2,1,1,2,2,1,11,Moderate-Anxiety,2,2,3,2,2,3,1,2,4,4,25,Moderate-Stress,3,0,1,1,1,0,0,0,0,6,Mild-Depression
18-22,Male,AmericanInternationalUniversityBangladesh(AIUB),Engineering---CS-/-CSE-/-CSC-/-Similar-to-CS,Third-Year-or-Equivalent,3.40---3.79,No,2,1,3,3,1,3,2,15,Severe-Anxiety,2,2,3,3,1,2,2,2,3,2,22,Moderate-Stress,1,1,1,3,1,1,1,2,0,11,Moderate-Depression
18-22,Male,AmericanInternationalUniversityBangladesh(AIUB),Engineering---CS-/-CSE-/-CSC-/-Similar-to-CS,Third-Year-or-Equivalent,3.00---3.39,No,0,0,0,0,0,0,0,0,Minimal-Anxiety,0,0,0,0,4,3,4,4,0,0,15,Moderate-Stress,0,0,0,0,0,0,0,0,0,0,No-Depression
18-22,Female,IndependentUniversityBangladesh(IUB),Engineering---CS-/-CSE-/-CSC-/-Similar-to-CS,First-Year-or-Equivalent,3.40---3.79,Yes,1,2,2,2,2,2,1,12,Moderate-Anxiety,2,0,3,2,1,1,2,1,2,2,16,Moderate-Stress,1,1,3,2,2,1,1,0,0,11,Moderate-Depression
23-26,Male,AmericanInternationalUniversityBangladesh(AIUB),Engineering---CS-/-CSE-/-CSC-/-Similar-to-CS,Third-Year-or-Equivalent,3.80---4.00,Yes,2,3,2,3,3,3,3,19,Severe-Anxiety,3,3,4,4,2,2,3,1,2,3,27,High-Perceived-Stress,1,2,1,1,3,2,1,2,0,13,Moderate-Depression
18-22,Male,AmericanInternationalUniversityBangladesh(AIUB),Engineering---CS-/-CSE-/-CSC-/-Similar-to-CS,Third-Year-or-Equivalent,3.00---3.39,No,2,1,2,2,1,2,2,12,Moderate-Anxiety,2,2,2,2,2,2,2,3,3,3,23,Moderate-Stress,3,1,1,1,0,3,1,1,1,12,Moderate-Depression
18-22,Female,AmericanInternationalUniversityBangladesh(AIUB),Engineering---CS-/-CSE-/-CSC-/-Similar-to-CS,Third-Year-or-Equivalent,3.40---3.79,No,0,0,0,0,0,0,0,0,Minimal-Anxiety,2,2,2,2,2,2,2,2,2,2,20,Moderate-Stress,1,0,0,2,0,0,0,1,0,4,Minimal-Depression
18-22,Male,AmericanInternationalUniversityBangladesh(AIUB),Engineering---CS-/-CSE-/-CSC-/-Similar-to-CS,Third-Year-or-Equivalent,3.40---3.79,Yes,2,1,2,2,2,2,2,13,Moderate-Anxiety,3,3,3,3,2,1,1,1,3,3,23,Moderate-Stress,2,2,1,3,2,2,2,2,1,17,Moderately-Severe-Depression
23-26,Male,Dhaka-University-of-Engineering-and-Technology-(DUET),Engineering---Mechanical-Engineering-/-Similar-to-ME,Third-Year-or-Equivalent,2.50---2.99,Yes,2,2,1,1,2,2,0,10,Moderate-Anxiety,4,2,0,0,4,4,2,4,2,3,25,Moderate-Stress,1,0,2,1,1,0,2,0,0,7,Mild-Depression
18-22,Male,AmericanInternationalUniversityBangladesh(AIUB),Engineering---CS-/-CSE-/-CSC-/-Similar-to-CS,Third-Year-or-Equivalent,3.00---3.39,No,2,1,2,2,2,2,2,13,Moderate-Anxiety,1,1,3,4,1,1,0,1,2,3,17,Moderate-Stress,2,3,3,3,2,2,2,1,2,20,Severe-Depression
18-22,Male,AmericanInternationalUniversityBangladesh(AIUB),Engineering---CS-/-CSE-/-CSC-/-Similar-to-CS,Third-Year-or-Equivalent,3.00---3.39,No,2,1,1,1,2,1,2,10,Moderate-Anxiety,3,1,2,1,0,1,2,2,3,2,17,Moderate-Stress,2,1,2,1,2,1,2,2,1,14,Moderate-Depression
18-22,Male,Dhaka-University-of-Engineering-and-Technology-(DUET),Engineering---Other,Second-Year-or-Equivalent,2.50---2.99,Yes,0,0,0,0,0,0,0,0,Minimal-Anxiety,2,2,2,2,2,2,2,2,2,2,20,Moderate-Stress,2,1,2,1,2,1,2,1,2,14,Moderate-Depression
23-26,Male,AmericanInternationalUniversityBangladesh(AIUB),Engineering---CS-/-CSE-/-CSC-/-Similar-to-CS,Third-Year-or-Equivalent,3.80---4.00,Yes,2,1,2,1,2,2,1,11,Moderate-Anxiety,2,1,2,1,1,0,1,0,1,1,10,Low-Stress,0,1,1,2,1,1,1,1,0,8,Mild-Depression
18-22,Female,IndependentUniversityBangladesh(IUB),Engineering---CS-/-CSE-/-CSC-/-Similar-to-CS,Second-Year-or-Equivalent,2.50---2.99,Yes,2,1,2,3,2,2,2,14,Moderate-Anxiety,3,3,3,3,2,3,2,3,3,3,28,High-Perceived-Stress,1,1,2,1,1,3,1,2,3,15,Moderately-Severe-Depression
18-22,Male,AmericanInternationalUniversityBangladesh(AIUB),Engineering---CS-/-CSE-/-CSC-/-Similar-to-CS,Fourth-Year-or-Equivalent,3.00---3.39,No,2,2,2,2,2,2,2,14,Moderate-Anxiety,1,1,2,2,2,2,2,2,2,2,18,Moderate-Stress,0,2,2,1,2,2,2,2,2,15,Moderately-Severe-Depression
18-22,Female,AmericanInternationalUniversityBangladesh(AIUB),Engineering---CS-/-CSE-/-CSC-/-Similar-to-CS,Third-Year-or-Equivalent,3.40---3.79,No,2,3,1,3,3,1,3,16,Severe-Anxiety,2,2,2,2,2,2,2,2,1,2,19,Moderate-Stress,3,3,3,3,0,1,1,1,1,16,Moderately-Severe-Depression
23-26,Male,Dhaka-University-of-Engineering-and-Technology-(DUET),Engineering---Mechanical-Engineering-/-Similar-to-ME,Fourth-Year-or-Equivalent,3.80---4.00,No,2,2,2,2,2,2,2,14,Moderate-Anxiety,2,2,2,3,2,2,1,1,2,2,19,Moderate-Stress,1,1,1,1,1,1,1,1,1,9,Mild-Depression
18-22,Male,AmericanInternationalUniversityBangladesh(AIUB),Engineering---CS-/-CSE-/-CSC-/-Similar-to-CS,Third-Year-or-Equivalent,3.40---3.79,No,2,1,0,3,2,1,0,9,Mild-Anxiety,2,3,2,2,3,0,2,3,0,4,21,Moderate-Stress,3,2,1,0,3,2,1,0,3,15,Moderately-Severe-Depression
18-22,Male,Dhaka-University-of-Engineering-and-Technology-(DUET),Engineering---EEE/-ECE-/-Similar-to-EEE,Second-Year-or-Equivalent,3.40---3.79,No,1,1,1,2,2,1,1,9,Mild-Anxiety,0,0,2,0,0,0,1,1,3,3,10,Low-Stress,3,1,1,1,2,0,2,1,0,11,Moderate-Depression
18-22,Female,NorthSouthUniversity(NSU),Engineering---CS-/-CSE-/-CSC-/-Similar-to-CS,Third-Year-or-Equivalent,3.40---3.79,No,2,2,2,1,2,2,1,12,Moderate-Anxiety,2,2,2,3,2,2,2,2,3,2,22,Moderate-Stress,1,2,1,2,1,1,1,0,0,9,Mild-Depression
23-26,Male,NorthSouthUniversity(NSU),Engineering---CS-/-CSE-/-CSC-/-Similar-to-CS,Fourth-Year-or-Equivalent,Below-2.50,No,2,0,2,3,3,2,3,15,Severe-Anxiety,2,2,4,4,0,4,4,3,4,4,31,High-Perceived-Stress,1,3,3,3,0,1,2,2,0,15,Moderately-Severe-Depression
23-26,Female,NorthSouthUniversity(NSU),Engineering---CS-/-CSE-/-CSC-/-Similar-to-CS,Fourth-Year-or-Equivalent,3.00---3.39,No,3,1,0,1,1,3,1,10,Moderate-Anxiety,2,2,2,2,2,2,2,2,2,2,20,Moderate-Stress,0,1,1,3,1,1,1,1,0,9,Mild-Depression
23-26,Female,NorthSouthUniversity(NSU),Engineering---CS-/-CSE-/-CSC-/-Similar-to-CS,Fourth-Year-or-Equivalent,2.50---2.99,No,2,2,2,2,2,2,2,14,Moderate-Anxiety,4,3,4,3,2,3,2,3,3,3,30,High-Perceived-Stress,3,2,2,2,0,2,3,2,0,16,Moderately-Severe-Depression
23-26,Female,NorthSouthUniversity(NSU),Engineering---CS-/-CSE-/-CSC-/-Similar-to-CS,Fourth-Year-or-Equivalent,2.50---2.99,No,3,3,3,3,3,2,3,20,Severe-Anxiety,4,4,4,4,0,4,1,4,4,4,33,High-Perceived-Stress,0,2,3,3,3,2,3,3,0,19,Moderately-Severe-Depression
23-26,Male,BangladeshUniversityofEngineeringandTechnology(BUET),Engineering---EEE/-ECE-/-Similar-to-EEE,Other,3.80---4.00,Yes,2,2,2,1,2,2,2,13,Moderate-Anxiety,2,2,3,2,2,3,2,2,2,3,23,Moderate-Stress,1,1,1,2,1,1,1,2,0,10,Moderate-Depression
23-26,Male,NorthSouthUniversity(NSU),Engineering---CS-/-CSE-/-CSC-/-Similar-to-CS,Fourth-Year-or-Equivalent,2.50---2.99,No,1,1,1,1,1,1,1,7,Mild-Anxiety,2,2,2,1,1,1,1,0,2,2,14,Moderate-Stress,1,1,1,1,1,3,2,1,0,11,Moderate-Depression
23-26,Male,BangladeshUniversityofEngineeringandTechnology(BUET),Engineering---Civil-Engineering-/-Similar-to-CE,Fourth-Year-or-Equivalent,Below-2.50,No,3,3,3,3,3,3,3,21,Severe-Anxiety,3,3,4,2,4,4,1,4,4,4,33,High-Perceived-Stress,3,3,3,2,1,3,3,3,2,23,Severe-Depression
18-22,Male,IndependentUniversityBangladesh(IUB),Engineering---CS-/-CSE-/-CSC-/-Similar-to-CS,Third-Year-or-Equivalent,3.00---3.39,Yes,3,3,3,3,3,3,3,21,Severe-Anxiety,4,4,4,4,2,4,4,4,4,4,38,High-Perceived-Stress,0,3,3,3,0,3,3,3,0,18,Moderately-Severe-Depression
23-26,Male,BangladeshUniversityofEngineeringandTechnology(BUET),Engineering---EEE/-ECE-/-Similar-to-EEE,Fourth-Year-or-Equivalent,3.40---3.79,No,2,1,2,2,2,1,1,11,Moderate-Anxiety,2,1,2,1,2,1,1,1,2,2,15,Moderate-Stress,2,1,1,2,1,2,1,1,0,11,Moderate-Depression
18-22,Male,AmericanInternationalUniversityBangladesh(AIUB),Engineering---CS-/-CSE-/-CSC-/-Similar-to-CS,Second-Year-or-Equivalent,3.00---3.39,No,1,1,3,1,3,1,3,13,Moderate-Anxiety,2,2,3,2,2,2,1,2,1,2,19,Moderate-Stress,1,1,3,3,2,2,1,0,0,13,Moderate-Depression
23-26,Male,BangladeshUniversityofEngineeringandTechnology(BUET),Engineering---EEE/-ECE-/-Similar-to-EEE,Other,3.40---3.79,No,2,3,3,3,3,3,2,19,Severe-Anxiety,2,3,3,3,2,3,3,3,3,3,28,High-Perceived-Stress,3,3,3,3,3,3,3,2,1,24,Severe-Depression
18-22,Female,IndependentUniversityBangladesh(IUB),Engineering---CS-/-CSE-/-CSC-/-Similar-to-CS,First-Year-or-Equivalent,Other,No,2,1,1,1,3,1,3,12,Moderate-Anxiety,0,0,2,0,2,2,2,1,2,2,13,Low-Stress,1,1,1,1,1,0,0,0,0,5,Mild-Depression
23-26,Male,NorthSouthUniversity(NSU),Engineering---CS-/-CSE-/-CSC-/-Similar-to-CS,Fourth-Year-or-Equivalent,Below-2.50,No,1,1,2,1,1,1,1,8,Mild-Anxiety,2,2,2,3,0,0,2,1,2,4,18,Moderate-Stress,1,1,1,1,1,1,1,1,0,8,Mild-Depression
18-22,Male,AmericanInternationalUniversityBangladesh(AIUB),Engineering---CS-/-CSE-/-CSC-/-Similar-to-CS,First-Year-or-Equivalent,3.40---3.79,No,3,3,2,2,3,3,3,19,Severe-Anxiety,4,4,4,3,2,2,1,0,4,4,28,High-Perceived-Stress,1,3,3,3,2,3,3,3,0,21,Severe-Depression
23-26,Male,BangladeshUniversityofEngineeringandTechnology(BUET),Engineering---EEE/-ECE-/-Similar-to-EEE,Other,3.40---3.79,Yes,1,1,1,1,1,1,1,7,Mild-Anxiety,2,2,3,3,2,1,2,1,3,3,22,Moderate-Stress,1,1,1,1,0,0,1,0,0,5,Mild-Depression
23-26,Male,Dhaka-University-of-Engineering-and-Technology-(DUET),Engineering---Mechanical-Engineering-/-Similar-to-ME,Third-Year-or-Equivalent,2.50---2.99,No,1,0,1,1,1,1,0,5,Mild-Anxiety,0,2,2,0,4,3,4,2,1,3,21,Moderate-Stress,0,1,1,1,0,1,1,1,1,7,Mild-Depression
18-22,Male,NorthSouthUniversity(NSU),Engineering---CS-/-CSE-/-CSC-/-Similar-to-CS,Third-Year-or-Equivalent,3.40---3.79,Yes,2,1,2,2,2,1,1,11,Moderate-Anxiety,2,2,2,1,0,2,1,1,2,3,16,Moderate-Stress,2,1,0,2,1,2,2,1,0,11,Moderate-Depression
23-26,Male,IndependentUniversityBangladesh(IUB),Engineering---CS-/-CSE-/-CSC-/-Similar-to-CS,Third-Year-or-Equivalent,3.40---3.79,Yes,3,3,3,3,3,3,3,21,Severe-Anxiety,4,4,4,4,2,3,2,2,4,4,33,High-Perceived-Stress,3,3,1,3,3,3,3,3,0,22,Severe-Depression
18-22,Male,AmericanInternationalUniversityBangladesh(AIUB),Engineering---CS-/-CSE-/-CSC-/-Similar-to-CS,Third-Year-or-Equivalent,3.40---3.79,Yes,0,1,2,2,3,3,3,14,Moderate-Anxiety,2,3,0,2,3,3,3,3,1,2,22,Moderate-Stress,1,1,2,2,3,2,1,3,1,16,Moderately-Severe-Depression
23-26,Male,AmericanInternationalUniversityBangladesh(AIUB),Engineering---CS-/-CSE-/-CSC-/-Similar-to-CS,Other,3.00---3.39,No,1,2,1,2,1,1,2,10,Moderate-Anxiety,2,2,3,0,2,2,2,4,0,0,17,Moderate-Stress,1,0,0,1,1,1,2,1,0,7,Mild-Depression
18-22,Male,AmericanInternationalUniversityBangladesh(AIUB),Engineering---CS-/-CSE-/-CSC-/-Similar-to-CS,First-Year-or-Equivalent,2.50---2.99,No,1,1,3,2,1,1,3,12,Moderate-Anxiety,2,3,3,2,1,3,2,2,4,2,24,Moderate-Stress,1,3,1,2,3,0,1,3,0,14,Moderate-Depression
18-22,Male,AmericanInternationalUniversityBangladesh(AIUB),Engineering---CS-/-CSE-/-CSC-/-Similar-to-CS,First-Year-or-Equivalent,3.00---3.39,No,3,3,2,3,3,2,2,18,Severe-Anxiety,3,3,4,4,2,2,2,3,3,3,29,High-Perceived-Stress,0,3,3,3,2,3,3,2,3,22,Severe-Depression
18-22,Male,AmericanInternationalUniversityBangladesh(AIUB),Engineering---CS-/-CSE-/-CSC-/-Similar-to-CS,Fourth-Year-or-Equivalent,3.00---3.39,No,0,2,3,2,1,3,1,12,Moderate-Anxiety,2,2,3,2,1,2,0,3,2,3,20,Moderate-Stress,2,1,1,2,1,3,1,2,3,16,Moderately-Severe-Depression
18-22,Male,AmericanInternationalUniversityBangladesh(AIUB),Engineering---CS-/-CSE-/-CSC-/-Similar-to-CS,Third-Year-or-Equivalent,3.40---3.79,No,0,0,0,0,0,2,0,2,Minimal-Anxiety,0,1,4,2,1,1,2,1,1,3,16,Moderate-Stress,1,3,3,3,1,1,3,2,0,17,Moderately-Severe-Depression
23-26,Male,NorthSouthUniversity(NSU),Engineering---CS-/-CSE-/-CSC-/-Similar-to-CS,Fourth-Year-or-Equivalent,Below-2.50,No,2,1,2,2,2,1,1,11,Moderate-Anxiety,3,2,3,2,2,1,2,4,2,2,23,Moderate-Stress,1,1,0,2,2,1,2,1,2,12,Moderate-Depression
23-26,Male,AmericanInternationalUniversityBangladesh(AIUB),Engineering---CS-/-CSE-/-CSC-/-Similar-to-CS,Third-Year-or-Equivalent,2.50---2.99,No,1,1,1,1,1,1,1,7,Mild-Anxiety,0,0,2,0,4,2,1,2,2,0,13,Low-Stress,1,0,0,1,1,1,1,1,0,6,Mild-Depression
18-22,Female,IndependentUniversityBangladesh(IUB),Engineering---CS-/-CSE-/-CSC-/-Similar-to-CS,First-Year-or-Equivalent,2.50---2.99,Yes,2,1,0,1,1,0,0,5,Mild-Anxiety,0,2,3,2,1,4,2,4,2,0,20,Moderate-Stress,0,1,0,2,0,0,1,0,0,4,Minimal-Depression
23-26,Male,NorthSouthUniversity(NSU),Engineering---CS-/-CSE-/-CSC-/-Similar-to-CS,Third-Year-or-Equivalent,3.40---3.79,No,2,2,2,2,2,3,3,16,Severe-Anxiety,3,3,3,2,2,2,3,2,2,3,25,Moderate-Stress,2,2,3,3,3,2,3,2,0,20,Severe-Depression
18-22,Female,NorthSouthUniversity(NSU),Engineering---CS-/-CSE-/-CSC-/-Similar-to-CS,First-Year-or-Equivalent,2.50---2.99,Yes,1,2,1,0,1,1,1,7,Mild-Anxiety,2,1,2,1,2,2,1,2,1,2,16,Moderate-Stress,1,1,1,2,0,3,0,0,2,10,Moderate-Depression
18-22,Male,AmericanInternationalUniversityBangladesh(AIUB),Engineering---CS-/-CSE-/-CSC-/-Similar-to-CS,First-Year-or-Equivalent,3.40---3.79,No,0,0,0,0,0,0,0,0,Minimal-Anxiety,2,2,2,1,3,2,2,3,2,1,20,Moderate-Stress,0,3,3,3,3,3,3,3,3,24,Severe-Depression
23-26,Female,AmericanInternationalUniversityBangladesh(AIUB),Engineering---CS-/-CSE-/-CSC-/-Similar-to-CS,Fourth-Year-or-Equivalent,3.00---3.39,No,1,1,1,1,1,1,1,7,Mild-Anxiety,2,2,2,2,2,2,2,3,2,2,21,Moderate-Stress,1,1,1,1,1,1,1,1,1,9,Mild-Depression
18-22,Female,NorthSouthUniversity(NSU),Engineering---CS-/-CSE-/-CSC-/-Similar-to-CS,First-Year-or-Equivalent,3.00---3.39,No,2,1,1,1,1,1,1,8,Mild-Anxiety,3,3,3,2,2,2,2,4,1,2,24,Moderate-Stress,0,1,2,2,1,1,1,0,0,8,Mild-Depression
18-22,Male,AmericanInternationalUniversityBangladesh(AIUB),Engineering---CS-/-CSE-/-CSC-/-Similar-to-CS,Third-Year-or-Equivalent,3.00---3.39,No,3,0,3,3,3,2,2,16,Severe-Anxiety,4,4,4,4,3,2,2,3,4,2,32,High-Perceived-Stress,3,3,3,3,2,3,3,2,3,25,Severe-Depression
18-22,Male,NorthSouthUniversity(NSU),Engineering---CS-/-CSE-/-CSC-/-Similar-to-CS,First-Year-or-Equivalent,3.00---3.39,No,1,1,1,1,1,1,1,7,Mild-Anxiety,2,2,2,2,2,2,2,1,2,2,19,Moderate-Stress,1,1,1,1,1,1,3,1,0,10,Moderate-Depression
18-22,Male,AmericanInternationalUniversityBangladesh(AIUB),Engineering---CS-/-CSE-/-CSC-/-Similar-to-CS,First-Year-or-Equivalent,3.80---4.00,No,2,2,2,1,3,3,0,13,Moderate-Anxiety,3,2,4,0,0,1,1,0,2,2,15,Moderate-Stress,2,2,3,3,2,1,0,2,0,15,Moderately-Severe-Depression
23-26,Male,IndependentUniversityBangladesh(IUB),Engineering---CS-/-CSE-/-CSC-/-Similar-to-CS,Fourth-Year-or-Equivalent,2.50---2.99,Yes,1,2,1,2,2,2,2,12,Moderate-Anxiety,2,3,2,2,2,2,2,2,2,2,21,Moderate-Stress,1,1,1,2,3,3,2,0,0,13,Moderate-Depression
23-26,Male,AmericanInternationalUniversityBangladesh(AIUB),Engineering---CS-/-CSE-/-CSC-/-Similar-to-CS,Fourth-Year-or-Equivalent,2.50---2.99,No,2,1,1,1,3,1,2,11,Moderate-Anxiety,4,3,3,3,1,4,4,4,4,4,34,High-Perceived-Stress,0,3,1,3,1,3,0,1,1,13,Moderate-Depression
18-22,Male,AmericanInternationalUniversityBangladesh(AIUB),Engineering---CS-/-CSE-/-CSC-/-Similar-to-CS,First-Year-or-Equivalent,3.00---3.39,No,2,2,2,2,2,2,2,14,Moderate-Anxiety,2,2,2,2,2,2,2,2,2,2,20,Moderate-Stress,2,2,2,2,2,2,2,2,2,18,Moderately-Severe-Depression
23-26,Female,AmericanInternationalUniversityBangladesh(AIUB),Engineering---CS-/-CSE-/-CSC-/-Similar-to-CS,Fourth-Year-or-Equivalent,3.00---3.39,No,2,3,2,2,2,3,3,17,Severe-Anxiety,2,1,2,1,2,2,2,3,2,2,19,Moderate-Stress,3,3,3,3,3,2,3,3,3,26,Severe-Depression
23-26,Male,Dhaka-University-of-Engineering-and-Technology-(DUET),Engineering---Mechanical-Engineering-/-Similar-to-ME,Third-Year-or-Equivalent,3.00---3.39,No,2,2,2,1,3,2,2,14,Moderate-Anxiety,2,2,3,1,2,2,2,0,2,2,18,Moderate-Stress,2,3,3,3,1,1,2,2,1,18,Moderately-Severe-Depression
18-22,Male,NorthSouthUniversity(NSU),Engineering---CS-/-CSE-/-CSC-/-Similar-to-CS,Third-Year-or-Equivalent,3.00---3.39,No,2,3,2,2,2,2,3,16,Severe-Anxiety,3,1,4,2,3,2,4,2,3,1,25,Moderate-Stress,0,3,3,2,2,3,1,2,0,16,Moderately-Severe-Depression
18-22,Male,AmericanInternationalUniversityBangladesh(AIUB),Engineering---CS-/-CSE-/-CSC-/-Similar-to-CS,First-Year-or-Equivalent,3.00---3.39,No,2,3,3,1,1,2,2,14,Moderate-Anxiety,3,2,2,2,2,2,2,2,2,2,21,Moderate-Stress,1,3,3,3,0,1,1,1,1,14,Moderate-Depression
23-26,Female,DhakaUniversity(DU),Biological-Sciences,Third-Year-or-Equivalent,3.40---3.79,No,2,3,3,3,2,2,3,18,Severe-Anxiety,2,2,2,3,3,4,3,4,2,2,27,High-Perceived-Stress,3,3,3,3,3,3,3,3,2,26,Severe-Depression
23-26,Female,NorthSouthUniversity(NSU),Engineering---CS-/-CSE-/-CSC-/-Similar-to-CS,Fourth-Year-or-Equivalent,2.50---2.99,No,2,1,0,1,2,2,2,10,Moderate-Anxiety,2,2,2,2,2,2,2,2,2,2,20,Moderate-Stress,2,2,1,2,1,2,1,1,2,14,Moderate-Depression
18-22,Male,AmericanInternationalUniversityBangladesh(AIUB),Engineering---CS-/-CSE-/-CSC-/-Similar-to-CS,First-Year-or-Equivalent,3.80---4.00,No,3,3,3,2,3,3,3,20,Severe-Anxiety,4,4,4,4,2,3,4,1,4,4,34,High-Perceived-Stress,1,3,3,3,3,3,2,2,2,22,Severe-Depression
18-22,Female,AmericanInternationalUniversityBangladesh(AIUB),Engineering---CS-/-CSE-/-CSC-/-Similar-to-CS,Third-Year-or-Equivalent,3.00---3.39,No,3,3,3,3,3,3,3,21,Severe-Anxiety,4,4,3,4,0,2,0,2,4,4,27,High-Perceived-Stress,2,3,3,3,3,3,1,3,3,24,Severe-Depression
23-26,Female,DhakaUniversity(DU),Biological-Sciences,Fourth-Year-or-Equivalent,3.40---3.79,No,3,3,3,3,3,3,3,21,Severe-Anxiety,4,4,4,4,0,0,4,3,4,2,29,High-Perceived-Stress,3,3,3,3,1,3,3,3,3,25,Severe-Depression
23-26,Female,DhakaUniversity(DU),Biological-Sciences,Fourth-Year-or-Equivalent,3.40---3.79,No,1,1,3,3,3,1,1,13,Moderate-Anxiety,4,4,4,4,3,3,2,2,4,4,34,High-Perceived-Stress,2,3,3,3,2,3,2,2,2,22,Severe-Depression
23-26,Male,DhakaUniversity(DU),Biological-Sciences,Fourth-Year-or-Equivalent,3.40---3.79,No,2,3,2,3,3,2,3,18,Severe-Anxiety,3,4,4,4,1,2,2,3,3,3,29,High-Perceived-Stress,1,3,2,2,2,3,3,2,2,20,Severe-Depression
18-22,Female,NorthSouthUniversity(NSU),Engineering---CS-/-CSE-/-CSC-/-Similar-to-CS,Third-Year-or-Equivalent,2.50---2.99,No,1,0,1,1,2,1,1,7,Mild-Anxiety,2,2,4,3,2,3,3,2,4,2,27,High-Perceived-Stress,1,1,1,2,2,3,1,1,1,13,Moderate-Depression
23-26,Male,DhakaUniversity(DU),Biological-Sciences,Fourth-Year-or-Equivalent,3.40---3.79,No,2,3,3,2,3,3,3,19,Severe-Anxiety,2,2,4,2,0,1,2,2,2,3,20,Moderate-Stress,2,2,2,2,2,2,2,2,3,19,Moderately-Severe-Depression
23-26,Female,IndependentUniversityBangladesh(IUB),Engineering---CS-/-CSE-/-CSC-/-Similar-to-CS,Third-Year-or-Equivalent,3.40---3.79,No,2,3,3,3,2,3,1,17,Severe-Anxiety,2,4,3,3,2,3,2,2,3,4,28,High-Perceived-Stress,1,1,3,3,3,3,2,3,3,22,Severe-Depression
23-26,Female,DhakaUniversity(DU),Biological-Sciences,Fourth-Year-or-Equivalent,3.40---3.79,No,2,3,2,2,2,2,2,15,Severe-Anxiety,2,2,2,2,2,4,4,4,2,2,26,Moderate-Stress,1,3,2,2,1,3,3,2,2,19,Moderately-Severe-Depression
23-26,Male,DhakaUniversity(DU),Biological-Sciences,Fourth-Year-or-Equivalent,3.00---3.39,No,0,1,3,3,1,3,3,14,Moderate-Anxiety,3,2,3,1,1,3,1,3,1,1,19,Moderate-Stress,1,2,2,1,1,0,0,1,0,8,Mild-Depression
23-26,Female,DhakaUniversity(DU),Environmental-and-Life-Sciences,Fourth-Year-or-Equivalent,3.40---3.79,No,3,3,2,2,2,2,2,16,Severe-Anxiety,4,4,4,3,3,4,3,3,3,4,35,High-Perceived-Stress,3,3,3,3,2,3,3,1,3,24,Severe-Depression
23-26,Male,DhakaUniversity(DU),Biological-Sciences,Fourth-Year-or-Equivalent,3.00---3.39,No,3,0,1,0,3,3,0,10,Moderate-Anxiety,2,2,3,3,1,3,2,4,1,1,22,Moderate-Stress,1,1,1,1,1,1,1,1,1,9,Mild-Depression
23-26,Male,Dhaka-University-of-Engineering-and-Technology-(DUET),Engineering---CS-/-CSE-/-CSC-/-Similar-to-CS,Second-Year-or-Equivalent,2.50---2.99,No,3,2,3,2,1,2,0,13,Moderate-Anxiety,2,3,4,3,1,2,2,3,2,4,26,Moderate-Stress,1,1,1,3,3,3,3,2,0,17,Moderately-Severe-Depression
23-26,Female,DhakaUniversity(DU),Biological-Sciences,Fourth-Year-or-Equivalent,3.40---3.79,No,2,2,2,2,3,3,3,17,Severe-Anxiety,3,2,4,2,2,3,2,2,3,3,26,Moderate-Stress,2,3,1,3,3,3,2,2,1,20,Severe-Depression
23-26,Male,IndependentUniversityBangladesh(IUB),Engineering---CS-/-CSE-/-CSC-/-Similar-to-CS,Third-Year-or-Equivalent,3.00---3.39,Yes,0,0,1,1,0,3,0,5,Mild-Anxiety,3,1,2,1,1,3,2,2,0,2,17,Moderate-Stress,2,2,2,3,0,3,0,1,0,13,Moderate-Depression
23-26,Female,DhakaUniversity(DU),Biological-Sciences,Fourth-Year-or-Equivalent,3.40---3.79,No,1,0,1,1,1,1,1,6,Mild-Anxiety,1,2,2,1,2,2,2,2,2,1,17,Moderate-Stress,3,1,1,1,1,1,1,0,1,10,Moderate-Depression
23-26,Female,DhakaUniversity(DU),Other,Fourth-Year-or-Equivalent,3.00---3.39,No,3,3,3,3,3,2,3,20,Severe-Anxiety,4,4,4,4,4,4,4,4,4,4,40,High-Perceived-Stress,3,3,2,3,3,3,2,1,3,23,Severe-Depression
23-26,Female,DhakaUniversity(DU),Biological-Sciences,Fourth-Year-or-Equivalent,3.40---3.79,No,3,1,3,3,1,3,3,17,Severe-Anxiety,2,2,2,2,2,3,1,1,1,2,18,Moderate-Stress,3,3,3,3,0,1,2,3,0,18,Moderately-Severe-Depression
23-26,Male,DhakaUniversity(DU),Biological-Sciences,Fourth-Year-or-Equivalent,3.40---3.79,No,1,0,2,1,0,1,0,5,Mild-Anxiety,1,2,2,2,0,2,0,2,3,1,15,Moderate-Stress,1,1,1,1,0,1,1,0,0,6,Mild-Depression
23-26,Female,DhakaUniversity(DU),Biological-Sciences,Fourth-Year-or-Equivalent,3.40---3.79,No,3,3,3,3,3,3,3,21,Severe-Anxiety,4,2,4,4,4,3,4,4,4,4,37,High-Perceived-Stress,0,3,3,3,3,3,3,3,2,23,Severe-Depression
23-26,Male,NorthSouthUniversity(NSU),Engineering---CS-/-CSE-/-CSC-/-Similar-to-CS,Other,3.00---3.39,No,0,0,0,0,0,0,0,0,Minimal-Anxiety,0,0,0,0,0,0,2,1,0,0,3,Low-Stress,0,0,1,0,0,0,0,0,0,1,Minimal-Depression
23-26,Female,DhakaUniversity(DU),Biological-Sciences,Fourth-Year-or-Equivalent,3.40---3.79,No,2,2,3,3,2,2,3,17,Severe-Anxiety,4,4,4,4,2,4,0,3,4,4,33,High-Perceived-Stress,3,3,3,3,1,2,3,0,0,18,Moderately-Severe-Depression
18-22,Female,DhakaUniversity(DU),Biological-Sciences,Third-Year-or-Equivalent,3.40---3.79,No,2,2,3,3,2,2,0,14,Moderate-Anxiety,3,3,3,1,0,1,1,1,3,1,17,Moderate-Stress,1,2,1,3,3,3,2,3,3,21,Severe-Depression
23-26,Female,DhakaUniversity(DU),Biological-Sciences,Third-Year-or-Equivalent,3.40---3.79,Yes,3,2,3,3,3,3,3,20,Severe-Anxiety,2,2,2,2,2,3,2,2,2,2,21,Moderate-Stress,0,3,2,3,1,1,3,1,1,15,Moderately-Severe-Depression
23-26,Male,Dhaka-University-of-Engineering-and-Technology-(DUET),Engineering---Mechanical-Engineering-/-Similar-to-ME,Third-Year-or-Equivalent,3.00---3.39,No,0,0,1,1,1,1,0,4,Minimal-Anxiety,0,0,0,2,4,4,4,4,1,0,19,Moderate-Stress,1,0,0,0,1,0,1,1,1,5,Mild-Depression
18-22,Male,IndependentUniversityBangladesh(IUB),Engineering---CS-/-CSE-/-CSC-/-Similar-to-CS,First-Year-or-Equivalent,Below-2.50,Yes,2,2,2,3,2,2,3,16,Severe-Anxiety,2,3,2,2,2,1,2,2,2,3,21,Moderate-Stress,3,3,3,3,3,3,3,1,3,25,Severe-Depression
23-26,Male,NorthSouthUniversity(NSU),Engineering---CS-/-CSE-/-CSC-/-Similar-to-CS,Fourth-Year-or-Equivalent,2.50---2.99,No,1,0,0,1,0,1,1,4,Minimal-Anxiety,2,2,4,2,2,2,2,2,2,2,22,Moderate-Stress,2,0,0,1,1,2,0,0,0,6,Mild-Depression
18-22,Female,NorthSouthUniversity(NSU),Engineering---CS-/-CSE-/-CSC-/-Similar-to-CS,Fourth-Year-or-Equivalent,3.40---3.79,Yes,2,2,1,2,2,1,1,11,Moderate-Anxiety,3,4,3,4,2,3,3,3,3,4,32,High-Perceived-Stress,0,2,2,3,2,2,2,2,1,16,Moderately-Severe-Depression
23-26,Male,IndependentUniversityBangladesh(IUB),Engineering---CS-/-CSE-/-CSC-/-Similar-to-CS,Fourth-Year-or-Equivalent,2.50---2.99,No,2,0,2,3,2,2,3,14,Moderate-Anxiety,1,3,3,3,2,2,1,4,1,3,23,Moderate-Stress,3,3,3,3,3,3,2,2,3,25,Severe-Depression
23-26,Female,AmericanInternationalUniversityBangladesh(AIUB),Engineering---CS-/-CSE-/-CSC-/-Similar-to-CS,Third-Year-or-Equivalent,3.00---3.39,No,2,1,1,3,3,3,3,16,Severe-Anxiety,3,2,4,3,1,2,2,3,4,4,28,High-Perceived-Stress,0,3,3,3,2,3,3,2,0,19,Moderately-Severe-Depression
18-22,Male,AmericanInternationalUniversityBangladesh(AIUB),Engineering---CS-/-CSE-/-CSC-/-Similar-to-CS,First-Year-or-Equivalent,3.40---3.79,No,0,1,2,1,1,1,0,6,Mild-Anxiety,2,1,2,1,3,1,2,1,2,1,16,Moderate-Stress,3,1,1,3,2,1,1,0,0,12,Moderate-Depression
18-22,Female,DhakaUniversity(DU),Other,Fourth-Year-or-Equivalent,3.00---3.39,No,2,1,0,1,2,1,1,8,Mild-Anxiety,2,2,2,2,3,4,4,4,2,2,27,High-Perceived-Stress,0,2,1,2,2,2,1,0,2,12,Moderate-Depression
23-26,Male,DhakaUniversity(DU),Biological-Sciences,Fourth-Year-or-Equivalent,3.40---3.79,No,2,3,3,3,3,3,3,20,Severe-Anxiety,2,4,4,4,3,3,4,3,2,4,33,High-Perceived-Stress,3,3,3,3,2,2,2,2,1,21,Severe-Depression
23-26,Male,Dhaka-University-of-Engineering-and-Technology-(DUET),Engineering---Mechanical-Engineering-/-Similar-to-ME,Third-Year-or-Equivalent,3.40---3.79,No,1,2,1,1,2,3,1,11,Moderate-Anxiety,2,0,2,0,1,2,4,2,4,2,19,Moderate-Stress,1,1,2,1,1,0,1,1,0,8,Mild-Depression
23-26,Female,NorthSouthUniversity(NSU),Engineering---CS-/-CSE-/-CSC-/-Similar-to-CS,Third-Year-or-Equivalent,Below-2.50,No,3,1,3,1,2,1,1,12,Moderate-Anxiety,2,2,4,2,2,3,2,3,3,1,24,Moderate-Stress,2,1,2,1,1,0,2,2,0,11,Moderate-Depression
18-22,Male,AmericanInternationalUniversityBangladesh(AIUB),Engineering---CS-/-CSE-/-CSC-/-Similar-to-CS,Third-Year-or-Equivalent,3.00---3.39,No,2,2,3,3,3,3,3,19,Severe-Anxiety,4,3,4,4,0,1,1,2,2,1,22,Moderate-Stress,1,1,0,0,1,1,1,1,2,8,Mild-Depression
18-22,Female,NorthSouthUniversity(NSU),Engineering---CS-/-CSE-/-CSC-/-Similar-to-CS,Fourth-Year-or-Equivalent,3.00---3.39,No,1,1,1,1,1,1,1,7,Mild-Anxiety,2,2,2,2,2,2,2,2,2,2,20,Moderate-Stress,1,1,1,1,1,1,1,1,1,9,Mild-Depression
23-26,Male,NorthSouthUniversity(NSU),Engineering---CS-/-CSE-/-CSC-/-Similar-to-CS,First-Year-or-Equivalent,2.50---2.99,No,0,3,2,1,1,1,1,9,Mild-Anxiety,0,2,0,2,0,0,4,0,2,2,12,Low-Stress,1,1,1,1,1,1,1,1,1,9,Mild-Depression
23-26,Female,DhakaUniversity(DU),Biological-Sciences,Fourth-Year-or-Equivalent,3.40---3.79,No,3,2,2,2,3,3,2,17,Severe-Anxiety,3,2,4,2,2,1,1,2,2,3,22,Moderate-Stress,3,2,2,3,2,2,3,1,1,19,Moderately-Severe-Depression
23-26,Male,AmericanInternationalUniversityBangladesh(AIUB),Engineering---CS-/-CSE-/-CSC-/-Similar-to-CS,Fourth-Year-or-Equivalent,3.00---3.39,No,1,2,3,1,1,1,2,11,Moderate-Anxiety,1,2,0,1,3,4,2,1,0,0,14,Moderate-Stress,0,2,0,1,2,0,3,1,2,11,Moderate-Depression
18-22,Male,AmericanInternationalUniversityBangladesh(AIUB),Engineering---CS-/-CSE-/-CSC-/-Similar-to-CS,Second-Year-or-Equivalent,3.00---3.39,No,3,3,3,3,3,3,3,21,Severe-Anxiety,4,4,4,4,0,0,0,0,4,4,24,Moderate-Stress,3,3,3,3,3,3,3,3,3,27,Severe-Depression
18-22,Female,NorthSouthUniversity(NSU),Engineering---CS-/-CSE-/-CSC-/-Similar-to-CS,Third-Year-or-Equivalent,3.00---3.39,No,1,2,1,2,1,2,1,10,Moderate-Anxiety,1,1,1,1,2,3,3,3,1,1,17,Moderate-Stress,1,1,1,1,0,1,1,1,1,8,Mild-Depression
23-26,Male,NorthSouthUniversity(NSU),Engineering---CS-/-CSE-/-CSC-/-Similar-to-CS,Fourth-Year-or-Equivalent,3.00---3.39,No,2,1,1,2,0,0,2,8,Mild-Anxiety,2,2,1,1,4,1,3,3,1,2,20,Moderate-Stress,1,1,2,2,1,1,1,0,1,10,Moderate-Depression
23-26,Male,NorthSouthUniversity(NSU),Engineering---CS-/-CSE-/-CSC-/-Similar-to-CS,Fourth-Year-or-Equivalent,3.40---3.79,No,2,1,1,2,2,1,2,11,Moderate-Anxiety,1,1,2,1,0,1,2,2,2,2,14,Moderate-Stress,2,2,1,1,2,0,1,1,2,12,Moderate-Depression
18-22,Male,NorthSouthUniversity(NSU),Engineering---CS-/-CSE-/-CSC-/-Similar-to-CS,Fourth-Year-or-Equivalent,3.40---3.79,No,2,1,2,2,1,2,1,11,Moderate-Anxiety,3,2,2,3,1,3,2,2,4,3,25,Moderate-Stress,2,2,1,2,1,2,2,2,0,14,Moderate-Depression
23-26,Female,IndependentUniversityBangladesh(IUB),Engineering---CS-/-CSE-/-CSC-/-Similar-to-CS,Third-Year-or-Equivalent,3.40---3.79,Yes,3,2,1,3,3,2,3,17,Severe-Anxiety,4,4,4,4,0,2,2,3,4,4,31,High-Perceived-Stress,0,2,3,3,2,3,1,3,0,17,Moderately-Severe-Depression
18-22,Female,NorthSouthUniversity(NSU),Engineering---CS-/-CSE-/-CSC-/-Similar-to-CS,Third-Year-or-Equivalent,2.50---2.99,Yes,3,3,3,3,3,3,3,21,Severe-Anxiety,2,4,4,4,2,4,4,4,4,4,36,High-Perceived-Stress,0,3,3,3,3,3,3,3,3,24,Severe-Depression
18-22,Male,AmericanInternationalUniversityBangladesh(AIUB),Engineering---CS-/-CSE-/-CSC-/-Similar-to-CS,First-Year-or-Equivalent,2.50---2.99,No,3,3,3,3,3,3,3,21,Severe-Anxiety,4,4,4,3,0,1,2,4,4,4,30,High-Perceived-Stress,2,3,3,3,0,3,3,3,3,23,Severe-Depression
18-22,Female,AmericanInternationalUniversityBangladesh(AIUB),Engineering---CS-/-CSE-/-CSC-/-Similar-to-CS,Second-Year-or-Equivalent,3.80---4.00,Yes,3,3,3,3,3,3,3,21,Severe-Anxiety,1,4,4,4,1,1,0,1,2,4,22,Moderate-Stress,2,3,3,3,3,3,3,0,3,23,Severe-Depression
18-22,Male,AmericanInternationalUniversityBangladesh(AIUB),Engineering---CS-/-CSE-/-CSC-/-Similar-to-CS,First-Year-or-Equivalent,3.80---4.00,No,2,2,3,3,3,3,3,19,Severe-Anxiety,4,3,4,4,0,2,1,1,4,4,27,High-Perceived-Stress,1,2,3,3,2,2,3,3,3,22,Severe-Depression
18-22,Male,DhakaUniversity(DU),Business-and-Entrepreneurship-Studies,Second-Year-or-Equivalent,3.00---3.39,No,3,3,3,3,3,3,3,21,Severe-Anxiety,4,4,4,4,4,4,4,4,4,4,40,High-Perceived-Stress,2,3,3,3,3,3,3,3,3,26,Severe-Depression
23-26,Male,Dhaka-University-of-Engineering-and-Technology-(DUET),Engineering---Mechanical-Engineering-/-Similar-to-ME,Second-Year-or-Equivalent,2.50---2.99,Yes,3,3,1,2,2,2,1,14,Moderate-Anxiety,2,2,2,2,2,2,2,3,2,2,21,Moderate-Stress,3,3,3,3,3,3,2,3,3,26,Severe-Depression
23-26,Female,DhakaUniversity(DU),Biological-Sciences,Fourth-Year-or-Equivalent,2.50---2.99,No,3,3,3,3,3,3,3,21,Severe-Anxiety,4,4,4,4,3,4,4,4,4,4,39,High-Perceived-Stress,3,3,3,3,0,3,3,3,2,23,Severe-Depression
18-22,Male,NorthSouthUniversity(NSU),Engineering---CS-/-CSE-/-CSC-/-Similar-to-CS,Second-Year-or-Equivalent,2.50---2.99,No,3,0,3,3,1,1,3,14,Moderate-Anxiety,4,4,4,2,2,2,4,2,4,4,32,High-Perceived-Stress,1,3,3,3,1,3,0,3,3,20,Severe-Depression
18-22,Female,IndependentUniversityBangladesh(IUB),Engineering---CS-/-CSE-/-CSC-/-Similar-to-CS,Second-Year-or-Equivalent,2.50---2.99,No,1,1,1,1,1,1,1,7,Mild-Anxiety,2,1,2,2,1,1,0,4,2,2,17,Moderate-Stress,2,0,1,1,1,1,2,0,0,8,Mild-Depression
18-22,Female,NorthSouthUniversity(NSU),Engineering---CS-/-CSE-/-CSC-/-Similar-to-CS,Fourth-Year-or-Equivalent,2.50---2.99,Yes,2,2,2,2,1,1,1,11,Moderate-Anxiety,2,2,2,2,2,2,2,2,2,2,20,Moderate-Stress,1,1,1,1,1,1,1,1,1,9,Mild-Depression
18-22,Female,NorthSouthUniversity(NSU),Engineering---EEE/-ECE-/-Similar-to-EEE,First-Year-or-Equivalent,2.50---2.99,No,2,3,3,1,3,2,0,14,Moderate-Anxiety,2,2,3,2,1,1,1,2,3,3,20,Moderate-Stress,2,1,2,2,1,1,1,0,0,10,Moderate-Depression
18-22,Male,AmericanInternationalUniversityBangladesh(AIUB),Engineering---CS-/-CSE-/-CSC-/-Similar-to-CS,Second-Year-or-Equivalent,3.80---4.00,Yes,1,3,1,1,2,2,3,13,Moderate-Anxiety,1,3,2,2,0,0,0,0,2,2,12,Low-Stress,1,1,2,2,2,0,2,2,0,12,Moderate-Depression
18-22,Male,IndependentUniversityBangladesh(IUB),Business-and-Entrepreneurship-Studies,First-Year-or-Equivalent,2.50---2.99,No,3,3,3,3,3,0,3,18,Severe-Anxiety,4,4,4,4,4,4,3,3,4,0,34,High-Perceived-Stress,0,3,3,3,1,3,3,1,3,20,Severe-Depression
23-26,Male,IndependentUniversityBangladesh(IUB),Engineering---CS-/-CSE-/-CSC-/-Similar-to-CS,Third-Year-or-Equivalent,2.50---2.99,Yes,3,3,3,3,3,3,3,21,Severe-Anxiety,4,4,4,4,2,0,0,0,4,4,26,Moderate-Stress,3,3,3,3,3,3,3,3,3,27,Severe-Depression
18-22,Female,IndependentUniversityBangladesh(IUB),Engineering---CS-/-CSE-/-CSC-/-Similar-to-CS,Third-Year-or-Equivalent,2.50---2.99,No,1,2,2,2,1,2,2,12,Moderate-Anxiety,1,2,2,2,3,2,2,2,1,2,19,Moderate-Stress,2,1,1,1,1,1,1,1,1,10,Moderate-Depression
18-22,Female,NorthSouthUniversity(NSU),Engineering---CS-/-CSE-/-CSC-/-Similar-to-CS,First-Year-or-Equivalent,3.00---3.39,No,2,2,2,2,1,1,1,11,Moderate-Anxiety,3,3,2,2,1,3,3,2,3,4,26,Moderate-Stress,2,1,0,1,2,2,2,1,1,12,Moderate-Depression
18-22,Male,IndependentUniversityBangladesh(IUB),Engineering---CS-/-CSE-/-CSC-/-Similar-to-CS,Second-Year-or-Equivalent,3.40---3.79,Yes,2,2,3,3,3,3,2,18,Severe-Anxiety,2,2,2,3,3,2,2,1,2,2,21,Moderate-Stress,1,2,3,3,3,3,3,3,2,23,Severe-Depression
18-22,Male,IndependentUniversityBangladesh(IUB),Engineering---CS-/-CSE-/-CSC-/-Similar-to-CS,Third-Year-or-Equivalent,2.50---2.99,No,3,2,2,0,1,2,2,12,Moderate-Anxiety,2,4,1,4,0,1,2,1,4,4,23,Moderate-Stress,3,2,2,1,1,2,1,1,3,16,Moderately-Severe-Depression
23-26,Male,IndependentUniversityBangladesh(IUB),Engineering---CS-/-CSE-/-CSC-/-Similar-to-CS,Second-Year-or-Equivalent,2.50---2.99,No,2,2,1,1,3,1,1,11,Moderate-Anxiety,0,0,2,4,2,2,1,1,4,2,18,Moderate-Stress,0,2,1,1,0,2,0,1,0,7,Mild-Depression
18-22,Male,AmericanInternationalUniversityBangladesh(AIUB),Engineering---CS-/-CSE-/-CSC-/-Similar-to-CS,First-Year-or-Equivalent,3.40---3.79,No,2,2,2,2,2,1,2,13,Moderate-Anxiety,2,2,3,3,1,1,1,1,3,3,20,Moderate-Stress,2,2,2,2,2,2,2,2,2,18,Moderately-Severe-Depression
23-26,Male,IndependentUniversityBangladesh(IUB),Business-and-Entrepreneurship-Studies,Second-Year-or-Equivalent,3.00---3.39,No,1,2,2,2,2,2,2,13,Moderate-Anxiety,1,3,3,1,1,1,2,2,2,2,18,Moderate-Stress,2,2,2,2,2,2,2,2,2,18,Moderately-Severe-Depression
18-22,Male,IndependentUniversityBangladesh(IUB),Engineering---CS-/-CSE-/-CSC-/-Similar-to-CS,Third-Year-or-Equivalent,Below-2.50,No,2,1,2,2,2,2,2,13,Moderate-Anxiety,1,2,4,3,0,2,1,1,2,3,19,Moderate-Stress,2,2,1,2,3,2,2,1,2,17,Moderately-Severe-Depression
23-26,Female,IndependentUniversityBangladesh(IUB),Engineering---CS-/-CSE-/-CSC-/-Similar-to-CS,Third-Year-or-Equivalent,3.00---3.39,No,3,3,3,3,3,3,3,21,Severe-Anxiety,2,3,4,2,2,3,0,2,4,4,26,Moderate-Stress,1,2,3,3,3,3,3,1,3,22,Severe-Depression
18-22,Female,IndependentUniversityBangladesh(IUB),Engineering---CS-/-CSE-/-CSC-/-Similar-to-CS,Second-Year-or-Equivalent,3.00---3.39,Yes,3,3,1,3,3,3,3,19,Severe-Anxiety,2,2,4,3,2,3,0,2,3,2,23,Moderate-Stress,2,3,3,2,3,3,3,1,3,23,Severe-Depression
18-22,Male,IndependentUniversityBangladesh(IUB),Engineering---CS-/-CSE-/-CSC-/-Similar-to-CS,Second-Year-or-Equivalent,Below-2.50,No,0,0,0,0,0,0,0,0,Minimal-Anxiety,1,2,2,2,2,4,4,4,0,0,21,Moderate-Stress,0,0,0,0,0,0,0,0,0,0,No-Depression
18-22,Female,AmericanInternationalUniversityBangladesh(AIUB),Engineering---CS-/-CSE-/-CSC-/-Similar-to-CS,Third-Year-or-Equivalent,3.40---3.79,No,1,3,3,2,1,1,2,13,Moderate-Anxiety,2,3,4,2,2,3,3,3,3,2,27,High-Perceived-Stress,1,1,1,1,2,2,2,1,2,13,Moderate-Depression
18-22,Male,IndependentUniversityBangladesh(IUB),Engineering---CS-/-CSE-/-CSC-/-Similar-to-CS,Second-Year-or-Equivalent,2.50---2.99,No,0,1,0,0,1,3,0,5,Mild-Anxiety,0,0,2,2,0,0,0,2,2,0,8,Low-Stress,0,0,1,0,0,1,0,0,0,2,Minimal-Depression
23-26,Male,AmericanInternationalUniversityBangladesh(AIUB),Engineering---CS-/-CSE-/-CSC-/-Similar-to-CS,Fourth-Year-or-Equivalent,3.40---3.79,No,1,2,3,2,1,3,2,14,Moderate-Anxiety,2,4,2,1,1,1,3,2,4,2,22,Moderate-Stress,2,1,1,2,2,2,2,2,1,15,Moderately-Severe-Depression
23-26,Male,IndependentUniversityBangladesh(IUB),Engineering---CS-/-CSE-/-CSC-/-Similar-to-CS,Fourth-Year-or-Equivalent,2.50---2.99,No,3,3,3,3,3,3,3,21,Severe-Anxiety,4,4,4,4,0,0,0,0,4,4,24,Moderate-Stress,3,3,3,3,3,3,3,3,3,27,Severe-Depression
18-22,Male,AmericanInternationalUniversityBangladesh(AIUB),Engineering---CS-/-CSE-/-CSC-/-Similar-to-CS,Third-Year-or-Equivalent,3.80---4.00,Yes,1,1,2,1,2,1,1,9,Mild-Anxiety,1,1,1,0,1,1,2,2,2,2,13,Low-Stress,2,1,0,1,0,0,1,1,0,6,Mild-Depression
18-22,Male,IndependentUniversityBangladesh(IUB),Engineering---CS-/-CSE-/-CSC-/-Similar-to-CS,Second-Year-or-Equivalent,3.00---3.39,No,3,3,3,3,3,3,3,21,Severe-Anxiety,4,4,4,4,0,4,3,4,4,4,35,High-Perceived-Stress,2,3,1,2,3,3,3,3,3,23,Severe-Depression
18-22,Male,AmericanInternationalUniversityBangladesh(AIUB),Engineering---CS-/-CSE-/-CSC-/-Similar-to-CS,First-Year-or-Equivalent,3.80---4.00,No,0,0,2,2,0,0,0,4,Minimal-Anxiety,3,0,1,1,0,1,2,0,1,1,10,Low-Stress,0,0,0,2,0,0,2,0,0,4,Minimal-Depression
18-22,Male,AmericanInternationalUniversityBangladesh(AIUB),Engineering---CS-/-CSE-/-CSC-/-Similar-to-CS,Fourth-Year-or-Equivalent,3.80---4.00,No,3,2,3,2,3,2,2,17,Severe-Anxiety,3,4,4,2,1,2,2,2,4,3,27,High-Perceived-Stress,3,3,2,3,1,3,3,3,1,22,Severe-Depression
23-26,Female,IndependentUniversityBangladesh(IUB),Engineering---CS-/-CSE-/-CSC-/-Similar-to-CS,Third-Year-or-Equivalent,3.40---3.79,Yes,1,1,0,2,2,2,1,9,Mild-Anxiety,2,3,3,3,0,1,1,2,2,2,19,Moderate-Stress,3,1,3,3,3,1,3,2,0,19,Moderately-Severe-Depression
18-22,Female,IndependentUniversityBangladesh(IUB),Engineering---CS-/-CSE-/-CSC-/-Similar-to-CS,Second-Year-or-Equivalent,3.40---3.79,Yes,3,3,2,3,2,2,2,17,Severe-Anxiety,3,3,4,4,3,3,2,3,4,2,31,High-Perceived-Stress,1,3,2,3,3,2,3,2,2,21,Severe-Depression
18-22,Male,AmericanInternationalUniversityBangladesh(AIUB),Engineering---CS-/-CSE-/-CSC-/-Similar-to-CS,First-Year-or-Equivalent,3.00---3.39,No,2,2,2,2,1,3,1,13,Moderate-Anxiety,4,4,4,3,3,4,2,4,3,2,33,High-Perceived-Stress,0,2,3,3,2,1,0,0,0,11,Moderate-Depression
23-26,Male,NorthSouthUniversity(NSU),Engineering---CS-/-CSE-/-CSC-/-Similar-to-CS,Fourth-Year-or-Equivalent,Below-2.50,No,0,0,0,0,0,0,0,0,Minimal-Anxiety,2,2,2,2,2,2,2,2,2,2,20,Moderate-Stress,0,0,0,0,0,0,0,0,0,0,No-Depression
18-22,Female,IndependentUniversityBangladesh(IUB),Engineering---CS-/-CSE-/-CSC-/-Similar-to-CS,Second-Year-or-Equivalent,2.50---2.99,No,2,2,3,2,2,2,2,15,Severe-Anxiety,3,4,3,2,2,3,2,2,4,4,29,High-Perceived-Stress,2,2,3,2,2,2,2,3,2,20,Severe-Depression
23-26,Male,IndependentUniversityBangladesh(IUB),Engineering---CS-/-CSE-/-CSC-/-Similar-to-CS,Third-Year-or-Equivalent,3.80---4.00,No,2,3,3,2,3,3,3,19,Severe-Anxiety,2,3,3,3,1,1,2,1,2,3,21,Moderate-Stress,1,3,3,3,3,2,1,0,0,16,Moderately-Severe-Depression
18-22,Male,AmericanInternationalUniversityBangladesh(AIUB),Engineering---CS-/-CSE-/-CSC-/-Similar-to-CS,First-Year-or-Equivalent,3.00---3.39,No,3,3,0,3,3,3,2,17,Severe-Anxiety,3,2,4,4,2,4,3,3,4,4,33,High-Perceived-Stress,0,3,1,3,2,3,3,2,3,20,Severe-Depression
18-22,Female,IndependentUniversityBangladesh(IUB),Engineering---CS-/-CSE-/-CSC-/-Similar-to-CS,First-Year-or-Equivalent,3.00---3.39,Yes,3,0,0,0,3,3,3,12,Moderate-Anxiety,4,4,4,4,2,2,2,0,4,4,30,High-Perceived-Stress,3,3,3,3,3,1,1,0,1,18,Moderately-Severe-Depression
23-26,Male,DhakaUniversity(DU),Biological-Sciences,Fourth-Year-or-Equivalent,2.50---2.99,No,3,3,0,3,3,2,3,17,Severe-Anxiety,3,4,3,4,4,3,3,2,4,4,34,High-Perceived-Stress,3,3,1,3,2,3,2,2,3,22,Severe-Depression
18-22,Male,IndependentUniversityBangladesh(IUB),Engineering---CS-/-CSE-/-CSC-/-Similar-to-CS,Third-Year-or-Equivalent,2.50---2.99,No,2,2,0,2,3,2,1,12,Moderate-Anxiety,2,3,2,2,2,3,3,4,4,3,28,High-Perceived-Stress,1,2,3,3,2,2,3,3,0,19,Moderately-Severe-Depression
18-22,Male,AmericanInternationalUniversityBangladesh(AIUB),Engineering---CS-/-CSE-/-CSC-/-Similar-to-CS,First-Year-or-Equivalent,3.40---3.79,No,1,2,1,1,1,1,1,8,Mild-Anxiety,1,2,2,2,2,1,2,2,1,2,17,Moderate-Stress,1,0,0,1,0,0,1,2,1,6,Mild-Depression
18-22,Female,AmericanInternationalUniversityBangladesh(AIUB),Engineering---CS-/-CSE-/-CSC-/-Similar-to-CS,Third-Year-or-Equivalent,3.40---3.79,Yes,1,2,1,1,1,1,1,8,Mild-Anxiety,2,2,2,2,1,1,1,1,2,2,16,Moderate-Stress,2,2,1,1,3,1,1,1,0,12,Moderate-Depression
23-26,Male,AmericanInternationalUniversityBangladesh(AIUB),Engineering---CS-/-CSE-/-CSC-/-Similar-to-CS,Fourth-Year-or-Equivalent,3.40---3.79,No,2,2,2,2,2,2,3,15,Severe-Anxiety,2,2,2,2,3,4,2,2,2,2,23,Moderate-Stress,0,3,2,3,3,3,2,3,2,21,Severe-Depression
18-22,Female,IndependentUniversityBangladesh(IUB),Engineering---CS-/-CSE-/-CSC-/-Similar-to-CS,Third-Year-or-Equivalent,Below-2.50,No,3,2,2,3,2,3,2,17,Severe-Anxiety,3,3,3,2,2,1,2,2,3,3,24,Moderate-Stress,1,1,2,2,1,1,1,2,1,12,Moderate-Depression
18-22,Male,AmericanInternationalUniversityBangladesh(AIUB),Engineering---CS-/-CSE-/-CSC-/-Similar-to-CS,Fourth-Year-or-Equivalent,3.80---4.00,No,3,0,3,3,3,3,3,18,Severe-Anxiety,4,4,3,2,3,3,3,4,4,4,34,High-Perceived-Stress,2,3,3,3,2,3,2,3,3,24,Severe-Depression
18-22,Male,NorthSouthUniversity(NSU),Engineering---CS-/-CSE-/-CSC-/-Similar-to-CS,First-Year-or-Equivalent,3.40---3.79,Yes,1,1,1,1,3,3,3,13,Moderate-Anxiety,2,2,2,2,2,2,2,2,2,4,22,Moderate-Stress,1,1,1,1,1,1,1,1,3,11,Moderate-Depression
18-22,Male,AmericanInternationalUniversityBangladesh(AIUB),Engineering---CS-/-CSE-/-CSC-/-Similar-to-CS,First-Year-or-Equivalent,3.80---4.00,No,2,1,1,1,1,1,3,10,Moderate-Anxiety,3,2,2,3,1,2,2,0,2,2,19,Moderate-Stress,1,3,2,3,3,2,1,3,3,21,Severe-Depression
23-26,Male,IndependentUniversityBangladesh(IUB),Engineering---CS-/-CSE-/-CSC-/-Similar-to-CS,Third-Year-or-Equivalent,3.40---3.79,No,2,2,2,2,2,2,2,14,Moderate-Anxiety,4,4,4,4,0,0,0,0,4,4,24,Moderate-Stress,2,2,2,2,2,2,2,2,2,18,Moderately-Severe-Depression
18-22,Female,AmericanInternationalUniversityBangladesh(AIUB),Engineering---CS-/-CSE-/-CSC-/-Similar-to-CS,First-Year-or-Equivalent,3.00---3.39,No,2,2,0,3,3,3,3,16,Severe-Anxiety,0,0,2,2,2,1,2,2,2,2,15,Moderate-Stress,1,2,0,3,1,2,0,2,2,13,Moderate-Depression
18-22,Female,AmericanInternationalUniversityBangladesh(AIUB),Engineering---CS-/-CSE-/-CSC-/-Similar-to-CS,Second-Year-or-Equivalent,3.80---4.00,No,2,2,3,3,3,2,1,16,Severe-Anxiety,2,1,3,2,0,1,2,1,3,1,16,Moderate-Stress,1,1,0,3,0,0,1,1,0,7,Mild-Depression
23-26,Female,IndependentUniversityBangladesh(IUB),Engineering---CS-/-CSE-/-CSC-/-Similar-to-CS,Second-Year-or-Equivalent,3.00---3.39,Yes,2,3,3,3,3,3,3,20,Severe-Anxiety,4,4,4,3,1,2,0,4,4,2,28,High-Perceived-Stress,3,3,3,3,2,3,3,3,3,26,Severe-Depression
23-26,Male,IndependentUniversityBangladesh(IUB),Engineering---CS-/-CSE-/-CSC-/-Similar-to-CS,Third-Year-or-Equivalent,Below-2.50,No,2,3,2,2,2,3,3,17,Severe-Anxiety,3,4,4,4,2,2,3,3,3,4,32,High-Perceived-Stress,3,3,3,3,3,3,3,3,3,27,Severe-Depression
18-22,Male,IndependentUniversityBangladesh(IUB),Engineering---CS-/-CSE-/-CSC-/-Similar-to-CS,Second-Year-or-Equivalent,2.50---2.99,No,3,0,0,3,3,3,3,15,Severe-Anxiety,4,4,3,2,3,3,2,4,2,1,28,High-Perceived-Stress,1,3,0,0,0,3,1,1,2,11,Moderate-Depression
23-26,Male,IndependentUniversityBangladesh(IUB),Business-and-Entrepreneurship-Studies,Fourth-Year-or-Equivalent,2.50---2.99,No,3,0,3,3,3,3,3,18,Severe-Anxiety,2,2,2,2,4,4,4,4,2,2,28,High-Perceived-Stress,3,3,3,3,3,3,3,3,3,27,Severe-Depression
23-26,Female,DhakaUniversity(DU),Environmental-and-Life-Sciences,Fourth-Year-or-Equivalent,3.40---3.79,No,1,1,2,2,2,2,0,10,Moderate-Anxiety,0,2,2,2,4,4,4,2,0,2,22,Moderate-Stress,1,2,1,2,2,0,0,0,0,8,Mild-Depression
23-26,Male,Dhaka-University-of-Engineering-and-Technology-(DUET),Engineering---Mechanical-Engineering-/-Similar-to-ME,Second-Year-or-Equivalent,3.00---3.39,Yes,1,1,2,0,1,0,0,5,Mild-Anxiety,2,1,2,0,4,3,4,3,1,2,22,Moderate-Stress,3,2,2,0,2,0,2,0,0,11,Moderate-Depression
18-22,Female,IndependentUniversityBangladesh(IUB),Engineering---CS-/-CSE-/-CSC-/-Similar-to-CS,Second-Year-or-Equivalent,3.40---3.79,Yes,1,1,3,3,3,3,3,17,Severe-Anxiety,1,2,3,3,2,2,2,2,3,4,24,Moderate-Stress,1,2,3,3,3,2,2,2,1,19,Moderately-Severe-Depression
23-26,Male,Dhaka-University-of-Engineering-and-Technology-(DUET),Engineering---CS-/-CSE-/-CSC-/-Similar-to-CS,Third-Year-or-Equivalent,3.00---3.39,No,1,1,1,2,1,0,1,7,Mild-Anxiety,2,0,3,2,0,2,0,2,2,2,15,Moderate-Stress,3,1,0,0,0,1,0,0,1,6,Mild-Depression
23-26,Male,IndependentUniversityBangladesh(IUB),Engineering---CS-/-CSE-/-CSC-/-Similar-to-CS,Third-Year-or-Equivalent,3.00---3.39,No,2,1,2,2,2,3,1,13,Moderate-Anxiety,3,2,2,3,1,2,2,2,3,3,23,Moderate-Stress,2,2,2,2,1,2,2,2,1,16,Moderately-Severe-Depression
18-22,Male,IndependentUniversityBangladesh(IUB),Engineering---CS-/-CSE-/-CSC-/-Similar-to-CS,Third-Year-or-Equivalent,2.50---2.99,No,0,0,0,0,0,0,0,0,Minimal-Anxiety,1,1,1,3,3,4,3,4,0,0,20,Moderate-Stress,0,0,0,0,0,0,0,0,0,0,No-Depression
23-26,Male,DhakaUniversity(DU),Other,Fourth-Year-or-Equivalent,3.40---3.79,No,1,2,2,2,2,1,0,10,Moderate-Anxiety,2,3,4,4,2,3,2,3,4,4,31,High-Perceived-Stress,0,0,0,1,0,1,1,0,0,3,Minimal-Depression
18-22,Male,IndependentUniversityBangladesh(IUB),Engineering---CS-/-CSE-/-CSC-/-Similar-to-CS,Third-Year-or-Equivalent,Below-2.50,Yes,2,3,3,3,3,3,3,20,Severe-Anxiety,4,4,4,2,0,0,0,0,4,4,22,Moderate-Stress,2,3,3,2,2,2,2,2,2,20,Severe-Depression
18-22,Male,AmericanInternationalUniversityBangladesh(AIUB),Engineering---CS-/-CSE-/-CSC-/-Similar-to-CS,First-Year-or-Equivalent,3.80---4.00,No,1,3,2,3,3,1,1,14,Moderate-Anxiety,3,3,3,3,2,3,2,2,2,2,25,Moderate-Stress,2,3,1,1,2,3,2,1,1,16,Moderately-Severe-Depression
18-22,Male,AmericanInternationalUniversityBangladesh(AIUB),Engineering---CS-/-CSE-/-CSC-/-Similar-to-CS,First-Year-or-Equivalent,3.40---3.79,No,2,2,2,1,2,2,0,11,Moderate-Anxiety,0,2,2,2,2,2,2,2,2,2,18,Moderate-Stress,0,1,2,2,1,2,2,1,1,12,Moderate-Depression
18-22,Male,AmericanInternationalUniversityBangladesh(AIUB),Engineering---CS-/-CSE-/-CSC-/-Similar-to-CS,First-Year-or-Equivalent,3.40---3.79,No,2,2,2,2,2,2,2,14,Moderate-Anxiety,2,2,2,2,1,1,2,2,2,2,18,Moderate-Stress,2,3,2,2,2,2,2,3,3,21,Severe-Depression
18-22,Male,AmericanInternationalUniversityBangladesh(AIUB),Engineering---CS-/-CSE-/-CSC-/-Similar-to-CS,First-Year-or-Equivalent,3.80---4.00,No,1,1,1,1,1,2,1,8,Mild-Anxiety,2,1,2,1,2,1,2,2,2,2,17,Moderate-Stress,2,1,2,2,1,1,1,1,0,11,Moderate-Depression
18-22,Male,AmericanInternationalUniversityBangladesh(AIUB),Engineering---CS-/-CSE-/-CSC-/-Similar-to-CS,First-Year-or-Equivalent,2.50---2.99,No,1,0,1,0,0,1,1,4,Minimal-Anxiety,2,2,2,2,2,2,2,2,2,2,20,Moderate-Stress,0,0,0,0,0,1,0,0,0,1,Minimal-Depression
18-22,Male,AmericanInternationalUniversityBangladesh(AIUB),Engineering---CS-/-CSE-/-CSC-/-Similar-to-CS,Other,3.00---3.39,No,3,3,3,3,3,3,2,20,Severe-Anxiety,4,4,4,4,0,0,0,0,4,4,24,Moderate-Stress,3,2,2,2,2,3,2,3,2,21,Severe-Depression
18-22,Male,AmericanInternationalUniversityBangladesh(AIUB),Engineering---CS-/-CSE-/-CSC-/-Similar-to-CS,Second-Year-or-Equivalent,3.40---3.79,No,2,2,1,1,1,2,2,11,Moderate-Anxiety,2,3,2,3,2,2,1,2,3,2,22,Moderate-Stress,2,1,2,2,1,1,0,1,0,10,Moderate-Depression
18-22,Male,AmericanInternationalUniversityBangladesh(AIUB),Engineering---CS-/-CSE-/-CSC-/-Similar-to-CS,First-Year-or-Equivalent,3.40---3.79,No,1,1,1,1,2,2,1,9,Mild-Anxiety,2,1,2,2,2,2,2,2,1,2,18,Moderate-Stress,1,2,1,1,0,1,1,1,0,8,Mild-Depression
18-22,Female,AmericanInternationalUniversityBangladesh(AIUB),Engineering---CS-/-CSE-/-CSC-/-Similar-to-CS,First-Year-or-Equivalent,3.40---3.79,No,1,1,1,1,1,1,1,7,Mild-Anxiety,2,2,2,1,0,1,1,1,3,4,17,Moderate-Stress,3,1,1,1,1,1,0,1,0,9,Mild-Depression
18-22,Female,IndependentUniversityBangladesh(IUB),Engineering---CS-/-CSE-/-CSC-/-Similar-to-CS,First-Year-or-Equivalent,3.40---3.79,Yes,2,1,2,3,2,3,2,15,Severe-Anxiety,3,4,3,3,1,3,2,1,4,3,27,High-Perceived-Stress,1,2,3,3,3,2,2,2,1,19,Moderately-Severe-Depression
18-22,Male,AmericanInternationalUniversityBangladesh(AIUB),Engineering---CS-/-CSE-/-CSC-/-Similar-to-CS,First-Year-or-Equivalent,3.80---4.00,No,2,1,3,3,2,3,1,15,Severe-Anxiety,4,4,3,4,0,1,3,0,1,1,21,Moderate-Stress,1,2,2,2,2,0,2,1,0,12,Moderate-Depression
23-26,Male,DhakaUniversity(DU),Other,Fourth-Year-or-Equivalent,3.00---3.39,No,3,3,2,3,2,2,2,17,Severe-Anxiety,4,4,4,4,2,4,3,4,1,4,34,High-Perceived-Stress,1,2,1,2,1,3,0,0,0,10,Moderate-Depression
18-22,Male,AmericanInternationalUniversityBangladesh(AIUB),Engineering---CS-/-CSE-/-CSC-/-Similar-to-CS,Second-Year-or-Equivalent,3.00---3.39,No,2,2,2,1,2,2,0,11,Moderate-Anxiety,2,2,2,2,2,2,3,3,2,2,22,Moderate-Stress,1,1,1,3,1,1,1,1,0,10,Moderate-Depression
18-22,Male,AmericanInternationalUniversityBangladesh(AIUB),Engineering---CS-/-CSE-/-CSC-/-Similar-to-CS,First-Year-or-Equivalent,3.00---3.39,No,3,2,2,3,3,2,1,16,Severe-Anxiety,3,4,4,3,2,3,1,4,3,2,29,High-Perceived-Stress,1,3,0,1,2,3,3,2,2,17,Moderately-Severe-Depression
18-22,Male,IndependentUniversityBangladesh(IUB),Engineering---CS-/-CSE-/-CSC-/-Similar-to-CS,First-Year-or-Equivalent,3.80---4.00,Yes,3,3,3,3,3,3,3,21,Severe-Anxiety,4,4,4,4,0,0,0,0,4,4,24,Moderate-Stress,3,3,3,3,3,3,3,3,3,27,Severe-Depression
18-22,Female,IndependentUniversityBangladesh(IUB),Engineering---CS-/-CSE-/-CSC-/-Similar-to-CS,Third-Year-or-Equivalent,Below-2.50,No,2,1,1,1,2,3,3,13,Moderate-Anxiety,3,2,2,3,2,2,2,4,2,2,24,Moderate-Stress,2,2,3,1,0,3,1,2,2,16,Moderately-Severe-Depression
18-22,Male,AmericanInternationalUniversityBangladesh(AIUB),Engineering---CS-/-CSE-/-CSC-/-Similar-to-CS,First-Year-or-Equivalent,3.40---3.79,No,0,3,3,3,3,3,1,16,Severe-Anxiety,1,0,2,0,0,4,0,0,2,2,11,Low-Stress,1,1,1,1,0,0,3,1,0,8,Mild-Depression
27-30,Male,Dhaka-University-of-Engineering-and-Technology-(DUET),Engineering---CS-/-CSE-/-CSC-/-Similar-to-CS,Fourth-Year-or-Equivalent,3.00---3.39,No,0,0,0,3,0,1,0,4,Minimal-Anxiety,0,0,0,0,4,4,2,4,0,2,16,Moderate-Stress,3,0,0,0,0,1,0,0,0,4,Minimal-Depression
27-30,Male,Dhaka-University-of-Engineering-and-Technology-(DUET),Engineering---CS-/-CSE-/-CSC-/-Similar-to-CS,Other,Other,No,2,1,3,1,1,3,1,12,Moderate-Anxiety,3,3,3,2,1,3,2,4,1,1,23,Moderate-Stress,1,2,0,3,1,1,3,1,0,12,Moderate-Depression
27-30,Male,Dhaka-University-of-Engineering-and-Technology-(DUET),Engineering---CS-/-CSE-/-CSC-/-Similar-to-CS,Fourth-Year-or-Equivalent,2.50---2.99,No,3,3,3,2,2,2,3,18,Severe-Anxiety,4,2,4,3,1,4,1,1,3,3,26,Moderate-Stress,1,0,2,2,1,1,1,1,1,10,Moderate-Depression
18-22,Female,AmericanInternationalUniversityBangladesh(AIUB),Engineering---CS-/-CSE-/-CSC-/-Similar-to-CS,Third-Year-or-Equivalent,3.80---4.00,Yes,2,3,2,3,3,2,3,18,Severe-Anxiety,2,2,3,3,4,3,4,3,3,3,30,High-Perceived-Stress,0,3,2,3,1,3,3,2,3,20,Severe-Depression
23-26,Male,IndependentUniversityBangladesh(IUB),Engineering---CS-/-CSE-/-CSC-/-Similar-to-CS,Third-Year-or-Equivalent,2.50---2.99,No,2,2,1,1,1,1,0,8,Mild-Anxiety,2,2,2,2,2,4,3,3,4,2,26,Moderate-Stress,1,2,2,0,1,2,0,2,1,11,Moderate-Depression
18-22,Male,AmericanInternationalUniversityBangladesh(AIUB),Engineering---CS-/-CSE-/-CSC-/-Similar-to-CS,First-Year-or-Equivalent,3.00---3.39,No,3,1,1,1,1,1,1,9,Mild-Anxiety,0,0,2,0,4,4,4,2,0,0,16,Moderate-Stress,1,1,1,1,1,0,1,0,0,6,Mild-Depression
18-22,Male,RajshahiUniversity(RU),Engineering---CS-/-CSE-/-CSC-/-Similar-to-CS,Third-Year-or-Equivalent,3.00---3.39,Yes,3,2,3,3,2,3,1,17,Severe-Anxiety,3,3,4,3,2,2,2,1,2,2,24,Moderate-Stress,2,3,2,2,1,2,1,2,1,16,Moderately-Severe-Depression
18-22,Female,AmericanInternationalUniversityBangladesh(AIUB),Engineering---CS-/-CSE-/-CSC-/-Similar-to-CS,First-Year-or-Equivalent,3.80---4.00,No,1,1,1,1,2,1,2,9,Mild-Anxiety,4,0,2,0,1,0,2,0,3,2,14,Moderate-Stress,2,2,3,2,3,2,2,2,2,20,Severe-Depression
18-22,Male,AmericanInternationalUniversityBangladesh(AIUB),Engineering---CS-/-CSE-/-CSC-/-Similar-to-CS,First-Year-or-Equivalent,3.40---3.79,No,1,1,1,1,1,1,1,7,Mild-Anxiety,2,2,3,3,2,2,2,2,2,2,22,Moderate-Stress,2,1,1,1,1,1,1,1,1,10,Moderate-Depression
18-22,Female,AmericanInternationalUniversityBangladesh(AIUB),Engineering---CS-/-CSE-/-CSC-/-Similar-to-CS,First-Year-or-Equivalent,3.00---3.39,No,1,3,1,1,3,1,1,11,Moderate-Anxiety,3,1,2,0,1,1,4,1,2,1,16,Moderate-Stress,1,1,2,3,1,1,1,1,0,11,Moderate-Depression
18-22,Male,AmericanInternationalUniversityBangladesh(AIUB),Engineering---CS-/-CSE-/-CSC-/-Similar-to-CS,First-Year-or-Equivalent,3.00---3.39,No,1,1,0,1,0,1,1,5,Mild-Anxiety,2,1,2,1,2,0,2,4,2,2,18,Moderate-Stress,2,0,0,1,0,0,0,0,0,3,Minimal-Depression
18-22,Female,AmericanInternationalUniversityBangladesh(AIUB),Engineering---CS-/-CSE-/-CSC-/-Similar-to-CS,First-Year-or-Equivalent,3.40---3.79,No,2,3,1,1,2,2,1,12,Moderate-Anxiety,2,2,2,1,1,2,2,2,4,0,18,Moderate-Stress,2,2,3,3,3,3,3,2,0,21,Severe-Depression
18-22,Male,AmericanInternationalUniversityBangladesh(AIUB),Engineering---CS-/-CSE-/-CSC-/-Similar-to-CS,Fourth-Year-or-Equivalent,3.80---4.00,No,0,2,3,1,1,3,1,11,Moderate-Anxiety,2,1,0,0,0,3,1,1,1,1,10,Low-Stress,1,0,3,3,1,0,0,0,0,8,Mild-Depression
18-22,Male,AmericanInternationalUniversityBangladesh(AIUB),Engineering---CS-/-CSE-/-CSC-/-Similar-to-CS,First-Year-or-Equivalent,Other,No,1,3,2,2,2,1,0,11,Moderate-Anxiety,1,2,3,3,2,2,1,4,0,2,20,Moderate-Stress,1,1,0,3,0,3,3,0,1,12,Moderate-Depression
23-26,Female,AmericanInternationalUniversityBangladesh(AIUB),Engineering---CS-/-CSE-/-CSC-/-Similar-to-CS,Third-Year-or-Equivalent,3.00---3.39,Yes,3,1,0,0,3,1,1,9,Mild-Anxiety,0,0,2,1,2,2,2,2,2,2,15,Moderate-Stress,2,3,0,3,3,3,3,3,3,23,Severe-Depression
18-22,Male,AmericanInternationalUniversityBangladesh(AIUB),Engineering---CS-/-CSE-/-CSC-/-Similar-to-CS,First-Year-or-Equivalent,Other,No,1,1,1,1,1,1,1,7,Mild-Anxiety,2,2,2,2,2,2,2,2,2,2,20,Moderate-Stress,1,1,1,1,1,1,1,1,1,9,Mild-Depression
18-22,Male,AmericanInternationalUniversityBangladesh(AIUB),Engineering---CS-/-CSE-/-CSC-/-Similar-to-CS,Other,Other,No,1,1,1,1,1,1,1,7,Mild-Anxiety,2,0,3,2,2,2,2,4,3,2,22,Moderate-Stress,1,1,1,3,3,3,1,0,0,13,Moderate-Depression
23-26,Male,AmericanInternationalUniversityBangladesh(AIUB),Engineering---CS-/-CSE-/-CSC-/-Similar-to-CS,Fourth-Year-or-Equivalent,3.40---3.79,No,3,3,3,3,3,3,3,21,Severe-Anxiety,3,4,4,4,3,4,3,4,4,4,37,High-Perceived-Stress,0,3,3,3,0,3,3,3,3,21,Severe-Depression
18-22,Male,AmericanInternationalUniversityBangladesh(AIUB),Engineering---CS-/-CSE-/-CSC-/-Similar-to-CS,First-Year-or-Equivalent,2.50---2.99,No,2,2,2,2,3,3,3,17,Severe-Anxiety,0,4,4,2,2,4,2,2,3,2,25,Moderate-Stress,1,3,3,3,1,3,3,3,3,23,Severe-Depression
23-26,Male,AmericanInternationalUniversityBangladesh(AIUB),Engineering---CS-/-CSE-/-CSC-/-Similar-to-CS,First-Year-or-Equivalent,3.00---3.39,No,3,3,2,3,3,0,0,14,Moderate-Anxiety,0,2,3,4,2,4,2,4,0,0,21,Moderate-Stress,0,0,3,0,3,3,3,0,0,12,Moderate-Depression
18-22,Male,AmericanInternationalUniversityBangladesh(AIUB),Engineering---CS-/-CSE-/-CSC-/-Similar-to-CS,First-Year-or-Equivalent,3.40---3.79,No,0,0,0,0,0,3,0,3,Minimal-Anxiety,1,0,2,2,2,2,2,2,0,0,13,Low-Stress,1,1,1,3,0,1,1,0,0,8,Mild-Depression
18-22,Male,AmericanInternationalUniversityBangladesh(AIUB),Engineering---CS-/-CSE-/-CSC-/-Similar-to-CS,First-Year-or-Equivalent,Other,No,0,0,0,0,0,0,0,0,Minimal-Anxiety,0,0,0,0,4,4,4,4,0,0,16,Moderate-Stress,1,0,1,1,1,1,1,1,1,8,Mild-Depression
18-22,Female,AmericanInternationalUniversityBangladesh(AIUB),Engineering---CS-/-CSE-/-CSC-/-Similar-to-CS,First-Year-or-Equivalent,3.40---3.79,No,2,2,1,2,2,2,2,13,Moderate-Anxiety,2,2,2,0,2,2,3,3,2,2,20,Moderate-Stress,1,2,2,2,2,2,2,2,2,17,Moderately-Severe-Depression
18-22,Female,AmericanInternationalUniversityBangladesh(AIUB),Engineering---CS-/-CSE-/-CSC-/-Similar-to-CS,Fourth-Year-or-Equivalent,3.00---3.39,No,1,2,1,0,0,0,1,5,Mild-Anxiety,2,1,0,0,2,3,2,3,2,2,17,Moderate-Stress,2,1,1,1,0,0,0,0,1,6,Mild-Depression
18-22,Female,IndependentUniversityBangladesh(IUB),Engineering---CS-/-CSE-/-CSC-/-Similar-to-CS,Second-Year-or-Equivalent,2.50---2.99,No,2,2,2,3,3,3,3,18,Severe-Anxiety,4,4,4,4,1,2,3,3,4,4,33,High-Perceived-Stress,2,3,2,2,1,3,1,1,2,17,Moderately-Severe-Depression
18-22,Male,AmericanInternationalUniversityBangladesh(AIUB),Engineering---CS-/-CSE-/-CSC-/-Similar-to-CS,First-Year-or-Equivalent,3.40---3.79,No,1,1,2,1,1,0,1,7,Mild-Anxiety,2,1,2,1,3,2,1,3,3,2,20,Moderate-Stress,2,2,2,3,1,1,1,0,0,12,Moderate-Depression
23-26,Male,AmericanInternationalUniversityBangladesh(AIUB),Engineering---CS-/-CSE-/-CSC-/-Similar-to-CS,Third-Year-or-Equivalent,3.00---3.39,No,2,3,2,1,1,3,2,14,Moderate-Anxiety,2,2,3,3,1,2,2,1,4,2,22,Moderate-Stress,3,1,0,1,0,2,1,1,0,9,Mild-Depression
18-22,Male,NorthSouthUniversity(NSU),Engineering---CS-/-CSE-/-CSC-/-Similar-to-CS,Fourth-Year-or-Equivalent,3.00---3.39,No,2,0,2,1,2,3,3,13,Moderate-Anxiety,1,1,0,4,1,2,1,1,1,1,13,Low-Stress,0,1,3,3,0,2,0,0,0,9,Mild-Depression
18-22,Male,AmericanInternationalUniversityBangladesh(AIUB),Engineering---CS-/-CSE-/-CSC-/-Similar-to-CS,First-Year-or-Equivalent,3.40---3.79,No,1,1,2,1,1,1,0,7,Mild-Anxiety,0,2,2,0,3,1,3,3,0,2,16,Moderate-Stress,2,0,1,2,0,0,1,2,0,8,Mild-Depression
18-22,Female,IndependentUniversityBangladesh(IUB),Engineering---CS-/-CSE-/-CSC-/-Similar-to-CS,Third-Year-or-Equivalent,3.40---3.79,Yes,2,3,3,3,3,3,3,20,Severe-Anxiety,4,4,4,4,2,2,1,3,1,3,28,High-Perceived-Stress,2,2,2,2,2,2,3,3,2,20,Severe-Depression
18-22,Female,AmericanInternationalUniversityBangladesh(AIUB),Engineering---CS-/-CSE-/-CSC-/-Similar-to-CS,First-Year-or-Equivalent,Other,No,0,0,0,0,1,1,0,2,Minimal-Anxiety,0,0,2,2,1,2,2,1,4,0,14,Moderate-Stress,2,1,0,2,3,0,2,0,0,10,Moderate-Depression
18-22,Male,AmericanInternationalUniversityBangladesh(AIUB),Engineering---CS-/-CSE-/-CSC-/-Similar-to-CS,First-Year-or-Equivalent,3.00---3.39,No,2,2,1,1,1,1,1,9,Mild-Anxiety,4,2,4,4,2,3,3,1,2,4,29,High-Perceived-Stress,1,1,1,1,1,1,1,1,1,9,Mild-Depression
18-22,Female,IndependentUniversityBangladesh(IUB),Engineering---CS-/-CSE-/-CSC-/-Similar-to-CS,Second-Year-or-Equivalent,3.00---3.39,Yes,3,3,3,3,3,2,3,20,Severe-Anxiety,4,3,3,4,2,2,1,2,3,4,28,High-Perceived-Stress,3,2,3,3,2,2,2,1,0,18,Moderately-Severe-Depression
18-22,Male,AmericanInternationalUniversityBangladesh(AIUB),Engineering---CS-/-CSE-/-CSC-/-Similar-to-CS,First-Year-or-Equivalent,Other,No,0,1,3,0,1,1,1,7,Mild-Anxiety,2,2,2,0,2,2,2,2,2,2,18,Moderate-Stress,3,0,0,0,0,0,0,0,0,3,Minimal-Depression
23-26,Male,Dhaka-University-of-Engineering-and-Technology-(DUET),Engineering---CS-/-CSE-/-CSC-/-Similar-to-CS,Other,2.50---2.99,No,3,3,1,1,1,2,0,11,Moderate-Anxiety,2,2,2,2,2,2,3,4,2,2,23,Moderate-Stress,1,2,0,1,1,1,0,1,1,8,Mild-Depression
Below-18,Female,AmericanInternationalUniversityBangladesh(AIUB),Engineering---CS-/-CSE-/-CSC-/-Similar-to-CS,First-Year-or-Equivalent,Other,No,0,0,1,0,0,0,0,1,Minimal-Anxiety,0,0,2,0,0,0,0,3,0,0,5,Low-Stress,0,0,3,3,3,0,0,0,0,9,Mild-Depression
18-22,Male,AmericanInternationalUniversityBangladesh(AIUB),Engineering---CS-/-CSE-/-CSC-/-Similar-to-CS,First-Year-or-Equivalent,Other,No,0,0,0,0,1,0,1,2,Minimal-Anxiety,0,0,0,1,2,2,2,0,0,0,7,Low-Stress,1,1,0,0,0,0,0,0,0,2,Minimal-Depression
18-22,Male,AmericanInternationalUniversityBangladesh(AIUB),Engineering---CS-/-CSE-/-CSC-/-Similar-to-CS,First-Year-or-Equivalent,3.40---3.79,No,2,1,1,1,2,2,1,10,Moderate-Anxiety,3,3,2,3,2,3,2,3,3,2,26,Moderate-Stress,0,1,1,3,2,1,1,1,0,10,Moderate-Depression
18-22,Male,IndependentUniversityBangladesh(IUB),Engineering---CS-/-CSE-/-CSC-/-Similar-to-CS,Second-Year-or-Equivalent,3.00---3.39,Yes,2,2,2,2,2,3,2,15,Severe-Anxiety,3,2,4,4,1,2,2,1,2,2,23,Moderate-Stress,1,1,2,1,2,2,2,1,1,13,Moderate-Depression
18-22,Female,IndependentUniversityBangladesh(IUB),Engineering---CS-/-CSE-/-CSC-/-Similar-to-CS,First-Year-or-Equivalent,2.50---2.99,Yes,1,1,2,3,3,1,1,12,Moderate-Anxiety,2,2,3,3,2,2,3,4,2,3,26,Moderate-Stress,1,3,3,3,3,2,2,1,0,18,Moderately-Severe-Depression
18-22,Male,IndependentUniversityBangladesh(IUB),Engineering---CS-/-CSE-/-CSC-/-Similar-to-CS,First-Year-or-Equivalent,3.40---3.79,No,0,0,0,0,0,0,0,0,Minimal-Anxiety,2,1,2,3,2,2,2,2,2,2,20,Moderate-Stress,0,0,0,0,0,0,0,0,0,0,No-Depression
18-22,Male,AmericanInternationalUniversityBangladesh(AIUB),Engineering---CS-/-CSE-/-CSC-/-Similar-to-CS,First-Year-or-Equivalent,Other,No,0,0,0,0,0,0,0,0,Minimal-Anxiety,2,2,2,2,2,2,2,4,0,0,18,Moderate-Stress,0,0,0,2,1,1,1,0,1,6,Mild-Depression
18-22,Male,AmericanInternationalUniversityBangladesh(AIUB),Engineering---CS-/-CSE-/-CSC-/-Similar-to-CS,First-Year-or-Equivalent,3.00---3.39,No,2,3,1,1,1,3,2,13,Moderate-Anxiety,3,2,2,3,1,1,2,1,3,2,20,Moderate-Stress,2,3,2,3,2,1,3,1,1,18,Moderately-Severe-Depression
27-30,Male,BangladeshUniversityofEngineeringandTechnology(BUET),Engineering---CS-/-CSE-/-CSC-/-Similar-to-CS,First-Year-or-Equivalent,3.00---3.39,No,2,1,1,1,2,2,1,10,Moderate-Anxiety,2,2,2,2,3,3,3,4,1,1,23,Moderate-Stress,2,3,0,1,2,3,2,1,0,14,Moderate-Depression
18-22,Female,AmericanInternationalUniversityBangladesh(AIUB),Engineering---CS-/-CSE-/-CSC-/-Similar-to-CS,First-Year-or-Equivalent,Other,No,1,2,1,2,2,1,1,10,Moderate-Anxiety,2,2,2,2,2,2,3,2,2,1,20,Moderate-Stress,3,1,3,2,1,2,2,0,0,14,Moderate-Depression
18-22,Male,AmericanInternationalUniversityBangladesh(AIUB),Engineering---CS-/-CSE-/-CSC-/-Similar-to-CS,First-Year-or-Equivalent,3.00---3.39,Yes,0,0,0,0,0,0,0,0,Minimal-Anxiety,0,0,0,0,4,4,4,4,0,0,16,Moderate-Stress,0,0,0,0,0,0,0,0,0,0,No-Depression
18-22,Male,IndependentUniversityBangladesh(IUB),Engineering---CS-/-CSE-/-CSC-/-Similar-to-CS,Second-Year-or-Equivalent,2.50---2.99,No,0,0,0,1,1,0,0,2,Minimal-Anxiety,0,0,0,0,0,4,1,1,2,2,10,Low-Stress,3,0,0,1,0,0,0,0,0,4,Minimal-Depression
18-22,Male,IndependentUniversityBangladesh(IUB),Engineering---CS-/-CSE-/-CSC-/-Similar-to-CS,Second-Year-or-Equivalent,2.50---2.99,No,1,1,1,1,1,1,1,7,Mild-Anxiety,0,0,2,2,3,3,3,3,1,1,18,Moderate-Stress,1,1,1,1,1,1,1,1,1,9,Mild-Depression
18-22,Male,IndependentUniversityBangladesh(IUB),Engineering---CS-/-CSE-/-CSC-/-Similar-to-CS,Third-Year-or-Equivalent,Below-2.50,No,2,3,2,2,2,2,2,15,Severe-Anxiety,3,4,4,3,2,2,1,2,4,2,27,High-Perceived-Stress,3,2,2,3,1,3,0,2,0,16,Moderately-Severe-Depression
18-22,Female,AmericanInternationalUniversityBangladesh(AIUB),Engineering---CS-/-CSE-/-CSC-/-Similar-to-CS,First-Year-or-Equivalent,3.40---3.79,No,0,1,0,0,0,0,0,1,Minimal-Anxiety,0,0,2,2,1,2,2,1,2,0,12,Low-Stress,3,0,0,1,1,1,0,0,0,6,Mild-Depression
18-22,Male,AmericanInternationalUniversityBangladesh(AIUB),Engineering---CS-/-CSE-/-CSC-/-Similar-to-CS,First-Year-or-Equivalent,3.80---4.00,No,1,1,1,0,0,0,0,3,Minimal-Anxiety,1,1,2,2,1,1,1,0,2,2,13,Low-Stress,2,1,1,1,1,0,1,1,0,8,Mild-Depression
18-22,Male,IndependentUniversityBangladesh(IUB),Engineering---CS-/-CSE-/-CSC-/-Similar-to-CS,Second-Year-or-Equivalent,2.50---2.99,No,0,1,1,1,1,1,1,6,Mild-Anxiety,3,3,2,2,2,3,2,2,2,2,23,Moderate-Stress,1,1,1,2,0,3,1,1,0,10,Moderate-Depression
18-22,Male,AmericanInternationalUniversityBangladesh(AIUB),Engineering---CS-/-CSE-/-CSC-/-Similar-to-CS,First-Year-or-Equivalent,3.40---3.79,No,2,1,2,2,2,2,3,14,Moderate-Anxiety,3,3,3,3,1,2,2,2,3,3,25,Moderate-Stress,1,3,1,2,2,2,2,2,2,17,Moderately-Severe-Depression
18-22,Male,AmericanInternationalUniversityBangladesh(AIUB),Engineering---CS-/-CSE-/-CSC-/-Similar-to-CS,First-Year-or-Equivalent,3.80---4.00,No,0,0,1,1,0,0,0,2,Minimal-Anxiety,1,1,2,2,2,0,1,0,1,1,11,Low-Stress,2,0,0,1,2,0,0,0,0,5,Mild-Depression
23-26,Male,IndependentUniversityBangladesh(IUB),Business-and-Entrepreneurship-Studies,Second-Year-or-Equivalent,3.00---3.39,Yes,1,1,1,1,1,1,1,7,Mild-Anxiety,2,2,2,2,2,2,2,2,2,2,20,Moderate-Stress,2,2,2,2,2,2,2,2,2,18,Moderately-Severe-Depression
18-22,Male,AmericanInternationalUniversityBangladesh(AIUB),Engineering---CS-/-CSE-/-CSC-/-Similar-to-CS,First-Year-or-Equivalent,Other,No,2,2,2,2,2,2,3,15,Severe-Anxiety,3,3,4,3,2,4,3,3,4,3,32,High-Perceived-Stress,1,2,2,2,2,3,3,3,3,21,Severe-Depression
18-22,Male,AmericanInternationalUniversityBangladesh(AIUB),Engineering---CS-/-CSE-/-CSC-/-Similar-to-CS,First-Year-or-Equivalent,Other,No,2,2,1,1,2,1,1,10,Moderate-Anxiety,2,2,2,3,2,2,2,2,2,2,21,Moderate-Stress,3,3,3,3,2,3,3,3,3,26,Severe-Depression
18-22,Male,IndependentUniversityBangladesh(IUB),Engineering---CS-/-CSE-/-CSC-/-Similar-to-CS,Second-Year-or-Equivalent,3.00---3.39,No,1,1,1,0,1,1,1,6,Mild-Anxiety,2,2,3,2,1,2,1,2,2,2,19,Moderate-Stress,1,2,2,2,2,2,2,1,1,15,Moderately-Severe-Depression
18-22,Female,AmericanInternationalUniversityBangladesh(AIUB),Engineering---CS-/-CSE-/-CSC-/-Similar-to-CS,First-Year-or-Equivalent,Other,No,0,1,0,0,0,1,0,2,Minimal-Anxiety,2,0,0,0,2,2,4,2,0,0,12,Low-Stress,3,0,0,1,2,1,1,0,0,8,Mild-Depression
18-22,Male,AmericanInternationalUniversityBangladesh(AIUB),Engineering---CS-/-CSE-/-CSC-/-Similar-to-CS,First-Year-or-Equivalent,3.00---3.39,No,2,1,2,2,2,2,1,12,Moderate-Anxiety,2,2,3,2,1,1,2,2,3,3,21,Moderate-Stress,2,3,2,1,2,2,1,2,2,17,Moderately-Severe-Depression
18-22,Male,AmericanInternationalUniversityBangladesh(AIUB),Engineering---CS-/-CSE-/-CSC-/-Similar-to-CS,First-Year-or-Equivalent,3.40---3.79,No,1,1,1,1,1,1,1,7,Mild-Anxiety,2,2,2,2,2,2,2,2,2,2,20,Moderate-Stress,2,1,1,1,1,1,1,1,1,10,Moderate-Depression
18-22,Male,AmericanInternationalUniversityBangladesh(AIUB),Engineering---CS-/-CSE-/-CSC-/-Similar-to-CS,First-Year-or-Equivalent,3.40---3.79,No,3,1,0,1,3,1,0,9,Mild-Anxiety,0,2,1,2,0,1,2,2,2,2,14,Moderate-Stress,3,0,1,0,1,0,1,0,0,6,Mild-Depression
18-22,Male,AmericanInternationalUniversityBangladesh(AIUB),Engineering---CS-/-CSE-/-CSC-/-Similar-to-CS,First-Year-or-Equivalent,3.00---3.39,No,1,2,2,1,1,1,1,9,Mild-Anxiety,2,2,3,2,2,2,2,3,2,2,22,Moderate-Stress,2,1,2,2,3,2,1,3,2,18,Moderately-Severe-Depression
18-22,Female,AmericanInternationalUniversityBangladesh(AIUB),Engineering---CS-/-CSE-/-CSC-/-Similar-to-CS,First-Year-or-Equivalent,Other,No,0,3,0,0,0,1,0,4,Minimal-Anxiety,2,0,0,0,0,1,0,0,0,0,3,Low-Stress,1,0,1,1,0,0,0,2,0,5,Mild-Depression
18-22,Male,AmericanInternationalUniversityBangladesh(AIUB),Engineering---CS-/-CSE-/-CSC-/-Similar-to-CS,Other,Other,No,3,3,3,3,3,3,3,21,Severe-Anxiety,2,2,4,4,2,3,2,0,2,4,25,Moderate-Stress,2,3,3,3,2,3,3,3,3,25,Severe-Depression
18-22,Male,IndependentUniversityBangladesh(IUB),Engineering---CS-/-CSE-/-CSC-/-Similar-to-CS,Third-Year-or-Equivalent,2.50---2.99,No,3,3,3,2,3,3,1,18,Severe-Anxiety,3,3,4,4,2,2,2,2,4,4,30,High-Perceived-Stress,2,3,2,3,2,2,1,0,0,15,Moderately-Severe-Depression
18-22,Male,AmericanInternationalUniversityBangladesh(AIUB),Engineering---CS-/-CSE-/-CSC-/-Similar-to-CS,First-Year-or-Equivalent,Other,No,1,1,2,1,2,1,2,10,Moderate-Anxiety,2,1,3,2,0,1,1,2,4,2,18,Moderate-Stress,3,1,2,2,0,2,3,0,1,14,Moderate-Depression
23-26,Male,AmericanInternationalUniversityBangladesh(AIUB),Engineering---CS-/-CSE-/-CSC-/-Similar-to-CS,First-Year-or-Equivalent,3.80---4.00,No,1,0,0,1,3,1,3,9,Mild-Anxiety,2,2,2,3,1,2,2,2,4,4,24,Moderate-Stress,2,2,2,3,1,2,3,3,0,18,Moderately-Severe-Depression
18-22,Female,IndependentUniversityBangladesh(IUB),Engineering---CS-/-CSE-/-CSC-/-Similar-to-CS,Fourth-Year-or-Equivalent,3.00---3.39,No,2,1,1,2,1,1,1,9,Mild-Anxiety,2,2,2,2,2,2,2,2,2,2,20,Moderate-Stress,2,1,1,1,1,1,1,1,1,10,Moderate-Depression
18-22,Male,AmericanInternationalUniversityBangladesh(AIUB),Engineering---CS-/-CSE-/-CSC-/-Similar-to-CS,First-Year-or-Equivalent,Other,No,3,0,3,1,1,1,1,10,Moderate-Anxiety,2,2,3,2,2,2,3,2,0,1,19,Moderate-Stress,1,1,0,3,1,2,1,1,1,11,Moderate-Depression
18-22,Male,IndependentUniversityBangladesh(IUB),Engineering---CS-/-CSE-/-CSC-/-Similar-to-CS,Third-Year-or-Equivalent,3.40---3.79,No,3,3,2,3,3,3,3,20,Severe-Anxiety,3,3,4,4,2,0,4,2,4,3,29,High-Perceived-Stress,1,3,3,3,3,3,3,3,3,25,Severe-Depression
18-22,Female,AmericanInternationalUniversityBangladesh(AIUB),Engineering---CS-/-CSE-/-CSC-/-Similar-to-CS,First-Year-or-Equivalent,3.40---3.79,No,3,3,3,3,3,3,3,21,Severe-Anxiety,3,4,4,4,2,2,2,3,3,4,31,High-Perceived-Stress,3,3,3,3,3,3,3,2,3,26,Severe-Depression
18-22,Male,AmericanInternationalUniversityBangladesh(AIUB),Engineering---CS-/-CSE-/-CSC-/-Similar-to-CS,First-Year-or-Equivalent,3.00---3.39,No,0,0,1,1,1,1,1,5,Mild-Anxiety,2,2,0,0,2,2,2,2,1,0,13,Low-Stress,1,1,1,1,1,1,1,1,1,9,Mild-Depression
18-22,Male,AmericanInternationalUniversityBangladesh(AIUB),Engineering---CS-/-CSE-/-CSC-/-Similar-to-CS,First-Year-or-Equivalent,Other,No,0,1,1,1,1,1,1,6,Mild-Anxiety,2,2,2,1,0,1,2,2,2,2,16,Moderate-Stress,1,0,1,1,1,1,1,1,0,7,Mild-Depression
18-22,Male,AmericanInternationalUniversityBangladesh(AIUB),Engineering---CS-/-CSE-/-CSC-/-Similar-to-CS,First-Year-or-Equivalent,3.00---3.39,No,1,0,0,0,0,0,0,1,Minimal-Anxiety,0,2,4,2,3,4,2,4,3,2,26,Moderate-Stress,1,1,0,2,1,0,0,0,0,5,Mild-Depression
18-22,Female,IndependentUniversityBangladesh(IUB),Engineering---CS-/-CSE-/-CSC-/-Similar-to-CS,Fourth-Year-or-Equivalent,3.00---3.39,Yes,2,2,2,2,2,2,2,14,Moderate-Anxiety,2,1,1,2,2,2,2,2,2,2,18,Moderate-Stress,2,2,1,1,1,1,1,1,2,12,Moderate-Depression
18-22,Female,AmericanInternationalUniversityBangladesh(AIUB),Engineering---CS-/-CSE-/-CSC-/-Similar-to-CS,First-Year-or-Equivalent,3.80---4.00,No,1,2,3,0,1,2,2,11,Moderate-Anxiety,2,3,3,3,2,2,0,0,3,3,21,Moderate-Stress,2,2,3,2,2,3,2,1,1,18,Moderately-Severe-Depression
18-22,Male,AmericanInternationalUniversityBangladesh(AIUB),Engineering---CS-/-CSE-/-CSC-/-Similar-to-CS,First-Year-or-Equivalent,3.40---3.79,No,0,0,0,0,0,0,0,0,Minimal-Anxiety,0,0,0,0,4,4,4,4,0,0,16,Moderate-Stress,0,0,0,0,0,0,0,0,0,0,No-Depression
18-22,Male,RajshahiUniversity(RU),Engineering---CS-/-CSE-/-CSC-/-Similar-to-CS,First-Year-or-Equivalent,3.00---3.39,No,1,1,1,1,1,1,1,7,Mild-Anxiety,1,1,1,2,2,2,2,0,1,2,14,Moderate-Stress,1,1,3,2,1,1,2,0,1,12,Moderate-Depression
18-22,Male,IndependentUniversityBangladesh(IUB),Engineering---CS-/-CSE-/-CSC-/-Similar-to-CS,Second-Year-or-Equivalent,2.50---2.99,No,1,1,1,1,1,1,2,8,Mild-Anxiety,2,2,2,0,1,1,1,2,2,2,15,Moderate-Stress,1,2,1,2,1,2,2,2,1,14,Moderate-Depression
18-22,Male,IndependentUniversityBangladesh(IUB),Engineering---CS-/-CSE-/-CSC-/-Similar-to-CS,Second-Year-or-Equivalent,3.00---3.39,No,2,3,1,2,2,2,3,15,Severe-Anxiety,4,2,3,4,1,2,1,1,3,3,24,Moderate-Stress,2,3,3,2,2,2,2,3,2,21,Severe-Depression
18-22,Female,IndependentUniversityBangladesh(IUB),Business-and-Entrepreneurship-Studies,First-Year-or-Equivalent,3.00---3.39,No,2,1,0,3,2,2,2,12,Moderate-Anxiety,2,2,4,3,3,3,2,3,3,4,29,High-Perceived-Stress,1,3,2,3,1,2,2,1,2,17,Moderately-Severe-Depression
18-22,Male,AmericanInternationalUniversityBangladesh(AIUB),Engineering---CS-/-CSE-/-CSC-/-Similar-to-CS,First-Year-or-Equivalent,3.00---3.39,No,2,3,2,2,2,2,2,15,Severe-Anxiety,2,2,3,3,2,2,3,2,3,3,25,Moderate-Stress,2,2,1,3,1,1,2,1,2,15,Moderately-Severe-Depression
23-26,Male,IndependentUniversityBangladesh(IUB),Engineering---CS-/-CSE-/-CSC-/-Similar-to-CS,Fourth-Year-or-Equivalent,3.00---3.39,Yes,2,3,2,3,3,2,3,18,Severe-Anxiety,2,3,4,4,3,3,3,2,2,4,30,High-Perceived-Stress,1,2,3,3,2,2,3,2,0,18,Moderately-Severe-Depression
18-22,Male,AmericanInternationalUniversityBangladesh(AIUB),Engineering---CS-/-CSE-/-CSC-/-Similar-to-CS,First-Year-or-Equivalent,3.80---4.00,No,1,1,1,1,1,1,1,7,Mild-Anxiety,3,3,2,2,1,2,1,2,2,2,20,Moderate-Stress,1,1,1,1,1,1,1,1,1,9,Mild-Depression
18-22,Male,IndependentUniversityBangladesh(IUB),Engineering---CS-/-CSE-/-CSC-/-Similar-to-CS,Fourth-Year-or-Equivalent,3.00---3.39,No,3,3,3,3,3,3,3,21,Severe-Anxiety,4,4,4,4,1,2,3,1,4,4,31,High-Perceived-Stress,1,3,3,3,0,3,3,0,0,16,Moderately-Severe-Depression
18-22,Female,IndependentUniversityBangladesh(IUB),Engineering---CS-/-CSE-/-CSC-/-Similar-to-CS,First-Year-or-Equivalent,3.40---3.79,No,3,3,3,3,3,3,3,21,Severe-Anxiety,3,4,4,4,3,3,3,4,4,4,36,High-Perceived-Stress,0,3,3,3,3,3,3,3,3,24,Severe-Depression
18-22,Female,IndependentUniversityBangladesh(IUB),Other,First-Year-or-Equivalent,2.50---2.99,No,2,1,3,1,3,3,3,16,Severe-Anxiety,3,2,3,3,3,2,2,1,3,2,24,Moderate-Stress,1,2,3,3,3,3,2,3,1,21,Severe-Depression
23-26,Female,DhakaUniversity(DU),Biological-Sciences,Third-Year-or-Equivalent,3.40---3.79,No,1,1,1,1,1,1,1,7,Mild-Anxiety,2,2,2,2,2,2,2,2,2,2,20,Moderate-Stress,1,1,1,1,1,1,1,1,1,9,Mild-Depression
23-26,Male,NorthSouthUniversity(NSU),Engineering---CS-/-CSE-/-CSC-/-Similar-to-CS,Fourth-Year-or-Equivalent,3.40---3.79,No,1,3,0,0,3,3,3,13,Moderate-Anxiety,4,1,4,3,0,1,0,1,1,2,17,Moderate-Stress,3,1,1,2,0,0,0,0,1,8,Mild-Depression
18-22,Male,AmericanInternationalUniversityBangladesh(AIUB),Engineering---CS-/-CSE-/-CSC-/-Similar-to-CS,First-Year-or-Equivalent,3.80---4.00,No,1,1,1,1,1,1,0,6,Mild-Anxiety,2,2,2,4,1,0,0,0,4,3,18,Moderate-Stress,1,1,1,1,1,1,1,0,0,7,Mild-Depression
18-22,Male,AmericanInternationalUniversityBangladesh(AIUB),Engineering---CS-/-CSE-/-CSC-/-Similar-to-CS,First-Year-or-Equivalent,3.80---4.00,No,0,1,1,1,1,0,1,5,Mild-Anxiety,2,2,2,3,1,2,1,3,2,2,20,Moderate-Stress,1,1,2,1,1,1,1,2,0,10,Moderate-Depression
18-22,Female,AmericanInternationalUniversityBangladesh(AIUB),Engineering---CS-/-CSE-/-CSC-/-Similar-to-CS,First-Year-or-Equivalent,3.40---3.79,No,2,0,2,3,3,2,3,15,Severe-Anxiety,2,2,3,2,1,3,2,2,3,3,23,Moderate-Stress,1,2,3,2,1,3,2,3,0,17,Moderately-Severe-Depression
23-26,Female,AmericanInternationalUniversityBangladesh(AIUB),Engineering---CS-/-CSE-/-CSC-/-Similar-to-CS,Third-Year-or-Equivalent,3.00---3.39,Yes,2,2,2,2,2,2,2,14,Moderate-Anxiety,2,2,2,2,2,2,2,2,2,2,20,Moderate-Stress,1,2,3,3,1,3,3,2,3,21,Severe-Depression
18-22,Male,AmericanInternationalUniversityBangladesh(AIUB),Engineering---CS-/-CSE-/-CSC-/-Similar-to-CS,First-Year-or-Equivalent,3.80---4.00,No,0,1,3,3,3,2,3,15,Severe-Anxiety,3,2,4,2,1,2,0,1,4,1,20,Moderate-Stress,1,0,0,0,0,2,0,0,0,3,Minimal-Depression
18-22,Male,AmericanInternationalUniversityBangladesh(AIUB),Engineering---CS-/-CSE-/-CSC-/-Similar-to-CS,First-Year-or-Equivalent,3.80---4.00,No,0,0,1,0,0,0,0,1,Minimal-Anxiety,0,0,1,0,0,0,2,0,0,0,3,Low-Stress,1,0,1,0,0,1,0,1,1,5,Mild-Depression
18-22,Male,AmericanInternationalUniversityBangladesh(AIUB),Engineering---CS-/-CSE-/-CSC-/-Similar-to-CS,First-Year-or-Equivalent,3.80---4.00,No,1,1,2,2,0,1,0,7,Mild-Anxiety,2,1,3,2,1,2,1,2,2,2,18,Moderate-Stress,1,1,3,2,2,1,2,1,0,13,Moderate-Depression
18-22,Male,IndependentUniversityBangladesh(IUB),Business-and-Entrepreneurship-Studies,Second-Year-or-Equivalent,3.40---3.79,Yes,1,1,3,3,3,2,3,16,Severe-Anxiety,3,4,4,3,2,2,1,2,3,2,26,Moderate-Stress,1,3,0,3,2,3,3,2,3,20,Severe-Depression
18-22,Male,IndependentUniversityBangladesh(IUB),Engineering---CS-/-CSE-/-CSC-/-Similar-to-CS,First-Year-or-Equivalent,3.80---4.00,Yes,2,0,0,1,1,1,1,6,Mild-Anxiety,2,2,2,1,1,2,2,3,3,2,20,Moderate-Stress,1,1,1,1,1,1,1,1,0,8,Mild-Depression
23-26,Female,IndependentUniversityBangladesh(IUB),Engineering---CS-/-CSE-/-CSC-/-Similar-to-CS,Third-Year-or-Equivalent,2.50---2.99,Yes,2,2,0,2,3,3,2,14,Moderate-Anxiety,2,2,4,2,1,1,2,2,2,2,20,Moderate-Stress,0,3,2,3,3,2,0,2,2,17,Moderately-Severe-Depression
18-22,Male,AmericanInternationalUniversityBangladesh(AIUB),Engineering---CS-/-CSE-/-CSC-/-Similar-to-CS,First-Year-or-Equivalent,Other,No,1,1,1,1,1,1,0,6,Mild-Anxiety,3,3,3,3,1,1,1,1,3,3,22,Moderate-Stress,1,1,0,0,1,0,3,2,1,9,Mild-Depression
23-26,Male,DaffodilUniversity,Engineering---CS-/-CSE-/-CSC-/-Similar-to-CS,Fourth-Year-or-Equivalent,3.80---4.00,No,0,0,0,0,0,0,0,0,Minimal-Anxiety,4,4,4,4,0,0,0,0,4,4,24,Moderate-Stress,3,3,3,3,3,3,3,3,3,27,Severe-Depression
23-26,Female,IndependentUniversityBangladesh(IUB),Engineering---CS-/-CSE-/-CSC-/-Similar-to-CS,Second-Year-or-Equivalent,3.40---3.79,No,2,2,2,1,2,2,0,11,Moderate-Anxiety,2,2,2,2,2,2,1,2,2,1,18,Moderate-Stress,0,0,2,2,0,1,1,0,0,6,Mild-Depression
23-26,Male,IslamicUniversityofTechnology(IUT),Engineering---CS-/-CSE-/-CSC-/-Similar-to-CS,Other,3.80---4.00,No,1,3,1,0,0,1,1,7,Mild-Anxiety,1,1,1,1,1,1,1,1,0,1,9,Low-Stress,0,1,0,1,1,0,1,0,0,4,Minimal-Depression
18-22,Male,IndependentUniversityBangladesh(IUB),Engineering---CS-/-CSE-/-CSC-/-Similar-to-CS,Third-Year-or-Equivalent,2.50---2.99,No,3,3,3,3,3,3,3,21,Severe-Anxiety,4,4,4,4,3,4,2,4,4,3,36,High-Perceived-Stress,3,3,2,3,3,3,3,1,3,24,Severe-Depression
23-26,Male,IslamicUniversityofTechnology(IUT),Engineering---CS-/-CSE-/-CSC-/-Similar-to-CS,Other,3.40---3.79,No,1,2,2,2,1,2,0,10,Moderate-Anxiety,3,3,2,4,2,2,1,3,4,3,27,High-Perceived-Stress,3,3,0,3,0,2,1,1,0,13,Moderate-Depression
18-22,Male,IslamicUniversityofTechnology(IUT),Engineering---CS-/-CSE-/-CSC-/-Similar-to-CS,Second-Year-or-Equivalent,3.80---4.00,No,2,3,3,3,3,3,2,19,Severe-Anxiety,3,3,4,4,3,2,3,1,3,4,30,High-Perceived-Stress,1,2,1,3,3,3,3,0,0,16,Moderately-Severe-Depression
18-22,Female,IslamicUniversityofTechnology(IUT),Engineering---CS-/-CSE-/-CSC-/-Similar-to-CS,Second-Year-or-Equivalent,3.80---4.00,No,3,3,3,3,2,3,3,20,Severe-Anxiety,4,4,3,4,0,3,3,2,4,3,30,High-Perceived-Stress,0,3,2,3,3,3,3,0,3,20,Severe-Depression
23-26,Male,IslamicUniversityofTechnology(IUT),Engineering---CS-/-CSE-/-CSC-/-Similar-to-CS,Other,3.40---3.79,No,1,1,1,1,1,1,1,7,Mild-Anxiety,1,2,2,2,0,1,1,0,2,1,12,Low-Stress,2,0,1,1,3,1,1,1,1,11,Moderate-Depression
18-22,Female,IslamicUniversityofTechnology(IUT),Engineering---CS-/-CSE-/-CSC-/-Similar-to-CS,Second-Year-or-Equivalent,2.50---2.99,No,3,3,3,3,3,3,3,21,Severe-Anxiety,4,4,4,4,3,3,3,3,3,3,34,High-Perceived-Stress,3,3,2,3,3,3,3,1,2,23,Severe-Depression
23-26,Male,IslamicUniversityofTechnology(IUT),Engineering---CS-/-CSE-/-CSC-/-Similar-to-CS,Other,3.40---3.79,No,1,0,2,2,1,0,0,6,Mild-Anxiety,1,1,3,2,2,1,1,2,1,2,16,Moderate-Stress,0,0,0,0,0,1,0,0,0,1,Minimal-Depression
18-22,Female,IslamicUniversityofTechnology(IUT),Engineering---CS-/-CSE-/-CSC-/-Similar-to-CS,Second-Year-or-Equivalent,3.80---4.00,No,2,3,3,3,3,3,3,20,Severe-Anxiety,3,3,2,3,3,3,3,3,3,3,29,High-Perceived-Stress,2,3,3,3,3,3,3,0,2,22,Severe-Depression
23-26,Female,IslamicUniversityofTechnology(IUT),Engineering---CS-/-CSE-/-CSC-/-Similar-to-CS,Fourth-Year-or-Equivalent,3.40---3.79,No,2,1,1,1,2,2,0,9,Mild-Anxiety,2,1,3,3,2,2,2,3,2,2,22,Moderate-Stress,1,1,2,2,1,0,0,0,0,7,Mild-Depression
18-22,Male,IslamicUniversityofTechnology(IUT),Engineering---CS-/-CSE-/-CSC-/-Similar-to-CS,Second-Year-or-Equivalent,3.00---3.39,No,3,3,3,3,3,3,3,21,Severe-Anxiety,4,4,4,4,4,4,4,4,4,4,40,High-Perceived-Stress,0,3,3,3,3,3,3,3,3,24,Severe-Depression
18-22,Female,IslamicUniversityofTechnology(IUT),Engineering---CS-/-CSE-/-CSC-/-Similar-to-CS,Second-Year-or-Equivalent,3.80---4.00,No,2,1,1,2,1,1,1,9,Mild-Anxiety,4,4,3,4,2,2,2,2,2,3,28,High-Perceived-Stress,3,3,1,2,1,2,0,1,2,15,Moderately-Severe-Depression
23-26,Male,IslamicUniversityofTechnology(IUT),Engineering---CS-/-CSE-/-CSC-/-Similar-to-CS,Other,3.00---3.39,No,0,1,1,2,1,1,0,6,Mild-Anxiety,1,1,1,3,1,1,2,2,2,2,16,Moderate-Stress,1,1,1,2,2,1,2,0,0,10,Moderate-Depression
23-26,Male,IslamicUniversityofTechnology(IUT),Engineering---CS-/-CSE-/-CSC-/-Similar-to-CS,Other,3.40---3.79,No,2,2,2,2,2,2,2,14,Moderate-Anxiety,1,2,3,2,0,1,1,0,3,2,15,Moderate-Stress,2,2,2,2,2,2,2,2,2,18,Moderately-Severe-Depression
23-26,Female,IslamicUniversityofTechnology(IUT),Engineering---CS-/-CSE-/-CSC-/-Similar-to-CS,Other,3.00---3.39,No,3,3,3,3,2,2,3,19,Severe-Anxiety,3,4,4,2,2,3,3,2,3,4,30,High-Perceived-Stress,3,3,2,3,3,3,3,0,1,21,Severe-Depression
18-22,Female,IslamicUniversityofTechnology(IUT),Engineering---CS-/-CSE-/-CSC-/-Similar-to-CS,Second-Year-or-Equivalent,3.40---3.79,No,3,3,1,2,2,2,2,15,Severe-Anxiety,3,3,3,4,4,4,2,3,4,4,34,High-Perceived-Stress,2,3,2,3,1,3,1,2,3,20,Severe-Depression
18-22,Male,IslamicUniversityofTechnology(IUT),Engineering---CS-/-CSE-/-CSC-/-Similar-to-CS,Third-Year-or-Equivalent,3.80---4.00,Yes,1,1,2,2,2,2,0,10,Moderate-Anxiety,2,1,4,3,1,1,1,0,1,1,15,Moderate-Stress,2,3,3,3,0,2,3,0,1,17,Moderately-Severe-Depression
18-22,Female,IslamicUniversityofTechnology(IUT),Engineering---CS-/-CSE-/-CSC-/-Similar-to-CS,Third-Year-or-Equivalent,3.40---3.79,No,2,2,2,2,2,2,2,14,Moderate-Anxiety,3,4,3,4,2,2,2,3,3,3,29,High-Perceived-Stress,1,2,3,3,3,3,2,1,1,19,Moderately-Severe-Depression
18-22,Male,AmericanInternationalUniversityBangladesh(AIUB),Engineering---CS-/-CSE-/-CSC-/-Similar-to-CS,First-Year-or-Equivalent,3.40---3.79,No,1,2,1,1,1,1,1,8,Mild-Anxiety,1,1,2,1,3,2,3,3,1,1,18,Moderate-Stress,1,1,1,1,1,1,1,1,1,9,Mild-Depression
23-26,Female,AmericanInternationalUniversityBangladesh(AIUB),Engineering---CS-/-CSE-/-CSC-/-Similar-to-CS,Fourth-Year-or-Equivalent,3.40---3.79,Yes,1,1,3,3,3,1,1,13,Moderate-Anxiety,2,1,2,1,2,1,2,1,3,2,17,Moderate-Stress,2,1,1,1,3,3,1,2,1,15,Moderately-Severe-Depression
23-26,Male,IslamicUniversityofTechnology(IUT),Engineering---CS-/-CSE-/-CSC-/-Similar-to-CS,Third-Year-or-Equivalent,3.40---3.79,Yes,3,3,3,3,3,3,3,21,Severe-Anxiety,4,4,4,4,3,4,4,4,4,4,39,High-Perceived-Stress,3,3,3,3,3,3,1,1,3,23,Severe-Depression
23-26,Male,IslamicUniversityofTechnology(IUT),Engineering---CS-/-CSE-/-CSC-/-Similar-to-CS,Other,3.80---4.00,Yes,1,1,1,1,1,1,1,7,Mild-Anxiety,1,3,3,3,1,2,0,1,2,3,19,Moderate-Stress,1,1,2,2,2,0,1,0,0,9,Mild-Depression
18-22,Female,IslamicUniversityofTechnology(IUT),Engineering---CS-/-CSE-/-CSC-/-Similar-to-CS,Third-Year-or-Equivalent,3.40---3.79,No,2,3,2,3,2,2,3,17,Severe-Anxiety,4,2,4,4,2,1,2,4,4,2,29,High-Perceived-Stress,1,3,1,3,3,3,2,3,3,22,Severe-Depression
18-22,Male,AmericanInternationalUniversityBangladesh(AIUB),Engineering---CS-/-CSE-/-CSC-/-Similar-to-CS,First-Year-or-Equivalent,3.00---3.39,No,2,2,1,1,1,1,2,10,Moderate-Anxiety,2,2,2,2,2,2,2,3,2,2,21,Moderate-Stress,1,2,2,2,2,2,2,2,2,17,Moderately-Severe-Depression
23-26,Female,IndependentUniversityBangladesh(IUB),Engineering---CS-/-CSE-/-CSC-/-Similar-to-CS,Fourth-Year-or-Equivalent,2.50---2.99,Yes,2,2,2,2,3,3,3,17,Severe-Anxiety,3,3,4,4,1,1,1,1,1,2,21,Moderate-Stress,3,3,3,3,3,3,3,3,3,27,Severe-Depression
18-22,Female,AmericanInternationalUniversityBangladesh(AIUB),Engineering---CS-/-CSE-/-CSC-/-Similar-to-CS,First-Year-or-Equivalent,3.80---4.00,No,1,2,3,3,2,2,2,15,Severe-Anxiety,3,2,4,4,2,1,2,0,2,3,23,Moderate-Stress,3,1,0,3,3,1,1,0,0,12,Moderate-Depression
18-22,Male,IslamicUniversityofTechnology(IUT),Engineering---CS-/-CSE-/-CSC-/-Similar-to-CS,Third-Year-or-Equivalent,3.40---3.79,Yes,2,1,1,1,1,3,1,10,Moderate-Anxiety,2,2,4,4,1,3,2,1,3,3,25,Moderate-Stress,2,1,2,2,1,1,1,1,2,13,Moderate-Depression
23-26,Male,IslamicUniversityofTechnology(IUT),Engineering---CS-/-CSE-/-CSC-/-Similar-to-CS,Third-Year-or-Equivalent,3.40---3.79,No,2,2,2,1,2,1,1,11,Moderate-Anxiety,3,3,4,3,2,3,2,2,3,3,28,High-Perceived-Stress,2,1,2,3,3,2,2,1,0,16,Moderately-Severe-Depression
18-22,Male,AmericanInternationalUniversityBangladesh(AIUB),Engineering---CS-/-CSE-/-CSC-/-Similar-to-CS,First-Year-or-Equivalent,Other,No,1,1,1,0,1,3,1,8,Mild-Anxiety,2,1,1,1,3,2,1,0,4,1,16,Moderate-Stress,3,1,0,3,1,1,0,1,1,11,Moderate-Depression
18-22,Female,IslamicUniversityofTechnology(IUT),Engineering---CS-/-CSE-/-CSC-/-Similar-to-CS,Third-Year-or-Equivalent,3.40---3.79,No,3,2,2,2,3,3,2,17,Severe-Anxiety,3,3,4,3,2,3,1,4,3,3,29,High-Perceived-Stress,1,3,3,3,3,3,1,2,3,22,Severe-Depression
23-26,Male,IslamicUniversityofTechnology(IUT),Engineering---CS-/-CSE-/-CSC-/-Similar-to-CS,Fourth-Year-or-Equivalent,3.40---3.79,No,0,1,1,1,0,2,0,5,Mild-Anxiety,1,2,1,1,4,4,3,4,0,2,22,Moderate-Stress,1,0,1,1,0,0,1,1,0,5,Mild-Depression
18-22,Male,IslamicUniversityofTechnology(IUT),Engineering---CS-/-CSE-/-CSC-/-Similar-to-CS,Fourth-Year-or-Equivalent,3.80---4.00,Yes,1,1,1,1,1,1,1,7,Mild-Anxiety,2,1,2,2,2,3,2,3,2,2,21,Moderate-Stress,1,1,1,1,1,1,1,1,1,9,Mild-Depression
23-26,Male,IslamicUniversityofTechnology(IUT),Engineering---CS-/-CSE-/-CSC-/-Similar-to-CS,Other,3.40---3.79,No,1,1,1,1,1,1,1,7,Mild-Anxiety,2,2,2,3,2,2,2,2,2,2,21,Moderate-Stress,1,0,0,1,1,0,1,1,0,5,Mild-Depression
18-22,Male,IslamicUniversityofTechnology(IUT),Engineering---CS-/-CSE-/-CSC-/-Similar-to-CS,Third-Year-or-Equivalent,3.40---3.79,No,1,1,2,1,1,0,0,6,Mild-Anxiety,2,2,3,2,1,1,1,2,2,2,18,Moderate-Stress,1,0,0,1,0,0,0,0,0,2,Minimal-Depression
18-22,Female,IndependentUniversityBangladesh(IUB),Engineering---CS-/-CSE-/-CSC-/-Similar-to-CS,Second-Year-or-Equivalent,Below-2.50,No,2,2,2,2,2,2,2,14,Moderate-Anxiety,2,3,3,2,2,1,1,1,3,3,21,Moderate-Stress,2,1,1,1,1,1,1,1,1,10,Moderate-Depression
23-26,Male,IslamicUniversityofTechnology(IUT),Engineering---CS-/-CSE-/-CSC-/-Similar-to-CS,Third-Year-or-Equivalent,3.40---3.79,Yes,2,0,2,2,2,2,2,12,Moderate-Anxiety,2,3,3,3,2,2,2,4,2,3,26,Moderate-Stress,1,2,2,2,2,2,1,2,2,16,Moderately-Severe-Depression
23-26,Male,RajshahiUniversity(RU),Engineering---CS-/-CSE-/-CSC-/-Similar-to-CS,Other,3.00---3.39,No,1,1,1,1,1,0,0,5,Mild-Anxiety,2,2,3,3,2,2,1,2,3,4,24,Moderate-Stress,2,1,1,1,0,1,0,0,0,6,Mild-Depression
23-26,Male,RajshahiUniversity(RU),Engineering---CS-/-CSE-/-CSC-/-Similar-to-CS,Other,2.50---2.99,No,2,2,3,3,3,3,3,19,Severe-Anxiety,1,3,4,2,1,2,2,4,4,4,27,High-Perceived-Stress,3,3,3,3,0,3,3,3,3,24,Severe-Depression
23-26,Male,IslamicUniversityofTechnology(IUT),Engineering---Mechanical-Engineering-/-Similar-to-ME,Other,3.00---3.39,No,2,2,2,2,2,2,2,14,Moderate-Anxiety,3,3,2,3,2,3,2,3,2,3,26,Moderate-Stress,2,2,2,2,2,2,2,0,1,15,Moderately-Severe-Depression
18-22,Male,IslamicUniversityofTechnology(IUT),Engineering---CS-/-CSE-/-CSC-/-Similar-to-CS,Third-Year-or-Equivalent,3.40---3.79,No,1,0,1,1,0,1,1,5,Mild-Anxiety,2,2,1,1,2,1,2,2,2,3,18,Moderate-Stress,1,0,1,1,1,1,1,1,0,7,Mild-Depression
18-22,Female,IslamicUniversityofTechnology(IUT),Engineering---CS-/-CSE-/-CSC-/-Similar-to-CS,Second-Year-or-Equivalent,3.40---3.79,No,3,3,3,3,2,3,3,20,Severe-Anxiety,4,4,4,4,3,4,4,4,3,4,38,High-Perceived-Stress,2,3,3,3,3,3,2,2,3,24,Severe-Depression
18-22,Male,NorthSouthUniversity(NSU),Engineering---CS-/-CSE-/-CSC-/-Similar-to-CS,Third-Year-or-Equivalent,2.50---2.99,No,3,2,2,2,2,2,2,15,Severe-Anxiety,4,0,0,0,4,3,3,2,4,4,24,Moderate-Stress,2,2,2,2,3,1,1,1,1,15,Moderately-Severe-Depression
18-22,Female,DhakaUniversity(DU),Environmental-and-Life-Sciences,Third-Year-or-Equivalent,3.80---4.00,No,3,0,2,2,3,2,3,15,Severe-Anxiety,3,2,4,2,2,1,2,1,4,2,23,Moderate-Stress,1,2,1,1,3,1,3,3,0,15,Moderately-Severe-Depression
18-22,Male,AmericanInternationalUniversityBangladesh(AIUB),Engineering---CS-/-CSE-/-CSC-/-Similar-to-CS,First-Year-or-Equivalent,3.80---4.00,No,1,1,1,1,1,1,1,7,Mild-Anxiety,2,2,2,2,2,2,2,1,1,2,18,Moderate-Stress,1,1,2,2,2,3,2,0,0,13,Moderate-Depression
18-22,Male,IslamicUniversityofTechnology(IUT),Engineering---CS-/-CSE-/-CSC-/-Similar-to-CS,Second-Year-or-Equivalent,3.00---3.39,No,2,3,3,1,2,3,3,17,Severe-Anxiety,3,4,4,4,2,2,2,3,2,3,29,High-Perceived-Stress,1,2,3,3,0,1,1,0,1,12,Moderate-Depression
18-22,Male,IslamicUniversityofTechnology(IUT),Engineering---CS-/-CSE-/-CSC-/-Similar-to-CS,Third-Year-or-Equivalent,3.40---3.79,Yes,3,3,3,3,3,3,3,21,Severe-Anxiety,3,2,3,3,2,2,2,4,2,3,26,Moderate-Stress,2,2,2,3,3,3,2,1,1,19,Moderately-Severe-Depression
23-26,Female,IslamicUniversityofTechnology(IUT),Engineering---CS-/-CSE-/-CSC-/-Similar-to-CS,Third-Year-or-Equivalent,3.00---3.39,No,1,1,2,1,1,1,2,9,Mild-Anxiety,3,4,2,2,2,3,3,3,3,2,27,High-Perceived-Stress,2,3,2,3,2,2,2,2,0,18,Moderately-Severe-Depression
18-22,Male,IslamicUniversityofTechnology(IUT),Engineering---Civil-Engineering-/-Similar-to-CE,Fourth-Year-or-Equivalent,3.00---3.39,No,1,3,3,3,3,3,3,19,Severe-Anxiety,4,4,4,4,4,4,2,4,4,4,38,High-Perceived-Stress,1,1,3,3,1,2,3,0,1,15,Moderately-Severe-Depression
23-26,Male,RajshahiUniversity(RU),Engineering---CS-/-CSE-/-CSC-/-Similar-to-CS,Third-Year-or-Equivalent,3.40---3.79,No,1,1,1,1,1,1,1,7,Mild-Anxiety,2,3,3,3,1,1,2,1,2,2,20,Moderate-Stress,1,1,1,1,1,1,1,1,1,9,Mild-Depression
18-22,Female,IslamicUniversityofTechnology(IUT),Other,Third-Year-or-Equivalent,3.00---3.39,No,3,2,3,2,3,3,3,19,Severe-Anxiety,4,2,4,2,2,2,2,3,3,2,26,Moderate-Stress,1,3,3,2,3,3,3,3,2,23,Severe-Depression
18-22,Male,IslamicUniversityofTechnology(IUT),Business-and-Entrepreneurship-Studies,Third-Year-or-Equivalent,3.00---3.39,No,1,1,0,1,1,1,0,5,Mild-Anxiety,2,1,2,2,1,2,1,1,3,1,16,Moderate-Stress,2,1,1,1,1,1,0,1,0,8,Mild-Depression
18-22,Male,IslamicUniversityofTechnology(IUT),Engineering---Civil-Engineering-/-Similar-to-CE,Fourth-Year-or-Equivalent,3.80---4.00,No,2,2,2,3,3,2,2,16,Severe-Anxiety,4,3,4,2,1,1,2,2,3,4,26,Moderate-Stress,2,3,2,2,2,3,2,3,2,21,Severe-Depression
18-22,Male,AmericanInternationalUniversityBangladesh(AIUB),Engineering---CS-/-CSE-/-CSC-/-Similar-to-CS,Second-Year-or-Equivalent,3.80---4.00,No,1,2,0,2,3,1,2,11,Moderate-Anxiety,0,1,2,0,0,0,2,1,1,3,10,Low-Stress,0,0,1,1,2,2,2,1,1,10,Moderate-Depression
23-26,Female,Dhaka-University-of-Engineering-and-Technology-(DUET),Engineering---EEE/-ECE-/-Similar-to-EEE,Third-Year-or-Equivalent,3.80---4.00,No,0,0,2,1,2,3,0,8,Mild-Anxiety,2,3,4,1,3,2,3,0,0,1,19,Moderate-Stress,1,0,0,0,0,0,0,0,0,1,Minimal-Depression
23-26,Male,Dhaka-University-of-Engineering-and-Technology-(DUET),Engineering---CS-/-CSE-/-CSC-/-Similar-to-CS,Third-Year-or-Equivalent,3.40---3.79,No,2,2,1,1,2,2,2,12,Moderate-Anxiety,4,0,4,3,1,0,2,0,0,0,14,Moderate-Stress,0,2,1,1,2,1,3,1,1,12,Moderate-Depression
23-26,Male,Dhaka-University-of-Engineering-and-Technology-(DUET),Engineering---CS-/-CSE-/-CSC-/-Similar-to-CS,Third-Year-or-Equivalent,3.00---3.39,No,2,0,0,0,1,1,3,7,Mild-Anxiety,0,0,0,0,4,4,4,3,2,0,17,Moderate-Stress,0,1,0,0,0,0,0,0,0,1,Minimal-Depression
23-26,Male,Dhaka-University-of-Engineering-and-Technology-(DUET),Engineering---CS-/-CSE-/-CSC-/-Similar-to-CS,Third-Year-or-Equivalent,2.50---2.99,No,0,0,0,0,0,0,0,0,Minimal-Anxiety,1,1,1,1,3,3,3,3,1,1,18,Moderate-Stress,0,0,0,0,0,0,0,0,0,0,No-Depression
18-22,Male,AmericanInternationalUniversityBangladesh(AIUB),Engineering---CS-/-CSE-/-CSC-/-Similar-to-CS,Second-Year-or-Equivalent,2.50---2.99,No,1,3,1,2,2,2,3,14,Moderate-Anxiety,2,3,3,2,3,3,4,4,3,3,30,High-Perceived-Stress,1,3,2,2,2,3,3,1,1,18,Moderately-Severe-Depression
18-22,Male,IndependentUniversityBangladesh(IUB),Engineering---CS-/-CSE-/-CSC-/-Similar-to-CS,Second-Year-or-Equivalent,3.40---3.79,Yes,3,2,2,2,2,2,2,15,Severe-Anxiety,4,2,4,4,1,3,3,3,4,4,32,High-Perceived-Stress,2,2,2,2,2,2,2,2,2,18,Moderately-Severe-Depression
23-26,Male,IndependentUniversityBangladesh(IUB),Engineering---CS-/-CSE-/-CSC-/-Similar-to-CS,Fourth-Year-or-Equivalent,3.00---3.39,No,1,1,1,2,2,2,2,11,Moderate-Anxiety,2,2,2,2,3,1,2,2,2,2,20,Moderate-Stress,1,2,2,2,2,2,1,2,1,15,Moderately-Severe-Depression
18-22,Male,IslamicUniversityofTechnology(IUT),Business-and-Entrepreneurship-Studies,Third-Year-or-Equivalent,3.40---3.79,No,2,2,2,2,2,2,2,14,Moderate-Anxiety,4,3,3,3,0,1,1,2,4,3,24,Moderate-Stress,2,1,1,1,1,1,1,0,2,10,Moderate-Depression
23-26,Male,IslamicUniversityofTechnology(IUT),Business-and-Entrepreneurship-Studies,Third-Year-or-Equivalent,3.00---3.39,No,2,1,3,3,2,2,2,15,Severe-Anxiety,2,2,3,3,1,1,2,2,3,3,22,Moderate-Stress,1,2,2,3,2,2,2,1,0,15,Moderately-Severe-Depression
18-22,Female,IndependentUniversityBangladesh(IUB),Business-and-Entrepreneurship-Studies,Second-Year-or-Equivalent,3.00---3.39,Yes,2,1,3,1,2,0,3,12,Moderate-Anxiety,2,3,1,2,2,3,2,2,1,2,20,Moderate-Stress,1,1,3,3,0,0,1,0,0,9,Mild-Depression
18-22,Prefer-not-to-say,AmericanInternationalUniversityBangladesh(AIUB),Engineering---CS-/-CSE-/-CSC-/-Similar-to-CS,Third-Year-or-Equivalent,3.40---3.79,No,3,3,3,3,3,3,3,21,Severe-Anxiety,4,4,4,4,0,0,0,0,4,4,24,Moderate-Stress,3,3,3,3,3,3,3,3,3,27,Severe-Depression
23-26,Male,IslamicUniversityofTechnology(IUT),Engineering---CS-/-CSE-/-CSC-/-Similar-to-CS,Fourth-Year-or-Equivalent,3.40---3.79,No,3,3,3,3,2,2,1,17,Severe-Anxiety,3,2,4,3,0,3,2,2,4,4,27,High-Perceived-Stress,3,2,1,2,2,2,1,1,1,15,Moderately-Severe-Depression
23-26,Male,IslamicUniversityofTechnology(IUT),Engineering---CS-/-CSE-/-CSC-/-Similar-to-CS,Fourth-Year-or-Equivalent,3.00---3.39,No,1,1,0,0,0,0,0,2,Minimal-Anxiety,1,3,2,1,1,3,1,3,1,1,17,Moderate-Stress,0,0,0,2,3,0,2,0,0,7,Mild-Depression
23-26,Female,RajshahiUniversity(RU),Law-and-Human-Rights,Other,3.80---4.00,Yes,2,2,1,3,3,2,1,14,Moderate-Anxiety,3,4,2,2,2,3,1,3,1,0,21,Moderate-Stress,1,3,3,2,0,3,3,2,3,20,Severe-Depression
18-22,Male,IndependentUniversityBangladesh(IUB),Engineering---CS-/-CSE-/-CSC-/-Similar-to-CS,Second-Year-or-Equivalent,2.50---2.99,No,1,1,1,1,1,1,1,7,Mild-Anxiety,2,1,1,1,0,2,3,3,1,1,15,Moderate-Stress,0,1,1,1,1,1,1,1,1,8,Mild-Depression
23-26,Male,IslamicUniversityofTechnology(IUT),Engineering---CS-/-CSE-/-CSC-/-Similar-to-CS,First-Year-or-Equivalent,3.80---4.00,No,3,3,3,3,3,3,3,21,Severe-Anxiety,4,3,4,4,2,3,3,4,2,4,33,High-Perceived-Stress,1,3,3,3,0,2,3,1,1,17,Moderately-Severe-Depression
18-22,Male,IndependentUniversityBangladesh(IUB),Business-and-Entrepreneurship-Studies,Second-Year-or-Equivalent,2.50---2.99,No,1,1,1,1,1,3,1,9,Mild-Anxiety,0,0,0,0,0,2,2,2,2,3,11,Low-Stress,0,1,1,0,3,1,1,1,1,9,Mild-Depression
18-22,Male,IndependentUniversityBangladesh(IUB),Business-and-Entrepreneurship-Studies,Second-Year-or-Equivalent,2.50---2.99,No,2,3,3,2,3,3,2,18,Severe-Anxiety,0,3,4,2,2,4,2,3,3,2,25,Moderate-Stress,1,3,3,2,1,2,2,2,0,16,Moderately-Severe-Depression
Below-18,Male,IndependentUniversityBangladesh(IUB),Business-and-Entrepreneurship-Studies,First-Year-or-Equivalent,3.00---3.39,No,1,1,1,1,1,0,1,6,Mild-Anxiety,2,2,2,1,1,1,3,2,2,2,18,Moderate-Stress,1,1,0,1,1,1,1,3,1,10,Moderate-Depression
18-22,Female,IndependentUniversityBangladesh(IUB),Business-and-Entrepreneurship-Studies,Second-Year-or-Equivalent,2.50---2.99,No,2,2,2,2,1,2,2,13,Moderate-Anxiety,3,2,3,0,2,2,4,4,2,2,24,Moderate-Stress,0,2,1,1,0,2,1,1,1,9,Mild-Depression
18-22,Female,IndependentUniversityBangladesh(IUB),Business-and-Entrepreneurship-Studies,Second-Year-or-Equivalent,3.80---4.00,Yes,2,3,1,2,1,2,3,14,Moderate-Anxiety,4,3,4,4,3,2,2,1,4,4,31,High-Perceived-Stress,2,2,3,3,2,3,3,3,0,21,Severe-Depression
27-30,Male,RajshahiUniversity(RU),Engineering---CS-/-CSE-/-CSC-/-Similar-to-CS,Other,3.00---3.39,No,2,1,2,1,2,1,3,12,Moderate-Anxiety,2,2,3,2,1,3,2,3,3,2,23,Moderate-Stress,1,2,2,1,2,3,2,1,0,14,Moderate-Depression
23-26,Female,IslamicUniversityofTechnology(IUT),Other,Third-Year-or-Equivalent,3.40---3.79,No,2,2,2,2,2,1,3,14,Moderate-Anxiety,3,3,2,2,2,2,1,2,4,4,25,Moderate-Stress,2,2,2,2,1,2,2,2,1,16,Moderately-Severe-Depression
18-22,Female,RajshahiUniversity(RU),Other,Second-Year-or-Equivalent,3.40---3.79,Yes,1,1,1,1,1,1,1,7,Mild-Anxiety,2,2,3,2,0,2,1,2,4,3,21,Moderate-Stress,2,1,1,1,2,1,2,0,0,10,Moderate-Depression
18-22,Male,AmericanInternationalUniversityBangladesh(AIUB),Engineering---CS-/-CSE-/-CSC-/-Similar-to-CS,First-Year-or-Equivalent,3.40---3.79,No,1,1,1,1,1,1,0,6,Mild-Anxiety,1,0,2,2,0,1,2,1,0,2,11,Low-Stress,2,0,1,2,1,1,1,0,0,8,Mild-Depression
18-22,Male,IslamicUniversityofTechnology(IUT),Engineering---CS-/-CSE-/-CSC-/-Similar-to-CS,Third-Year-or-Equivalent,3.80---4.00,No,2,2,2,2,2,3,3,16,Severe-Anxiety,4,3,3,4,2,3,2,2,4,4,31,High-Perceived-Stress,1,2,3,3,2,3,2,2,3,21,Severe-Depression
18-22,Male,IndependentUniversityBangladesh(IUB),Environmental-and-Life-Sciences,First-Year-or-Equivalent,2.50---2.99,No,2,2,2,2,1,1,2,12,Moderate-Anxiety,4,2,2,3,1,2,2,4,0,0,20,Moderate-Stress,0,1,1,1,2,2,1,2,0,10,Moderate-Depression
18-22,Male,IndependentUniversityBangladesh(IUB),Environmental-and-Life-Sciences,First-Year-or-Equivalent,3.80---4.00,Yes,3,2,3,3,3,0,2,16,Severe-Anxiety,2,3,4,4,0,2,1,1,4,3,24,Moderate-Stress,3,2,3,1,0,3,3,2,3,20,Severe-Depression
27-30,Female,IndependentUniversityBangladesh(IUB),Environmental-and-Life-Sciences,Second-Year-or-Equivalent,2.50---2.99,Yes,3,3,3,3,3,3,3,21,Severe-Anxiety,2,2,4,4,2,4,4,1,4,4,31,High-Perceived-Stress,3,3,3,3,3,3,3,3,3,27,Severe-Depression
18-22,Female,IndependentUniversityBangladesh(IUB),Other,First-Year-or-Equivalent,3.80---4.00,Yes,1,1,2,1,1,1,1,8,Mild-Anxiety,2,4,3,2,1,2,0,1,2,2,19,Moderate-Stress,1,1,1,1,0,0,2,0,0,6,Mild-Depression
23-26,Female,IndependentUniversityBangladesh(IUB),Business-and-Entrepreneurship-Studies,Fourth-Year-or-Equivalent,3.00---3.39,No,2,3,3,1,0,0,2,11,Moderate-Anxiety,2,1,2,3,2,2,2,3,1,1,19,Moderate-Stress,3,1,1,1,2,3,1,2,2,16,Moderately-Severe-Depression
18-22,Female,IndependentUniversityBangladesh(IUB),Environmental-and-Life-Sciences,First-Year-or-Equivalent,3.80---4.00,Yes,0,0,0,0,1,1,1,3,Minimal-Anxiety,4,4,4,0,3,0,4,4,1,1,25,Moderate-Stress,0,2,1,1,0,1,0,0,1,6,Mild-Depression
18-22,Female,IndependentUniversityBangladesh(IUB),Environmental-and-Life-Sciences,First-Year-or-Equivalent,Below-2.50,Yes,2,1,3,1,1,3,3,14,Moderate-Anxiety,2,2,2,2,2,2,2,4,3,2,23,Moderate-Stress,0,3,2,3,2,3,3,1,3,20,Severe-Depression
18-22,Female,IndependentUniversityBangladesh(IUB),Environmental-and-Life-Sciences,Second-Year-or-Equivalent,3.40---3.79,No,2,0,2,3,2,2,2,13,Moderate-Anxiety,2,2,4,0,3,1,1,2,1,3,19,Moderate-Stress,1,1,1,3,0,2,2,1,0,11,Moderate-Depression
18-22,Male,IslamicUniversityofTechnology(IUT),Business-and-Entrepreneurship-Studies,Third-Year-or-Equivalent,3.40---3.79,No,3,2,2,2,2,3,2,16,Severe-Anxiety,4,3,4,3,1,2,2,2,4,4,29,High-Perceived-Stress,1,3,3,3,2,3,3,2,2,22,Severe-Depression
18-22,Male,AmericanInternationalUniversityBangladesh(AIUB),Engineering---CS-/-CSE-/-CSC-/-Similar-to-CS,First-Year-or-Equivalent,2.50---2.99,No,1,1,1,0,0,1,0,4,Minimal-Anxiety,2,1,2,2,2,1,2,3,1,2,18,Moderate-Stress,2,3,3,1,1,2,1,1,0,14,Moderate-Depression
18-22,Male,AmericanInternationalUniversityBangladesh(AIUB),Engineering---CS-/-CSE-/-CSC-/-Similar-to-CS,First-Year-or-Equivalent,3.00---3.39,No,3,3,3,3,2,2,3,19,Severe-Anxiety,3,3,3,3,2,2,2,2,2,3,25,Moderate-Stress,3,3,3,3,3,3,3,3,3,27,Severe-Depression
23-26,Male,DhakaUniversity(DU),Biological-Sciences,Third-Year-or-Equivalent,3.00---3.39,No,2,3,3,3,3,3,3,20,Severe-Anxiety,3,3,4,3,0,1,0,0,4,4,22,Moderate-Stress,0,3,3,3,0,3,2,0,3,17,Moderately-Severe-Depression
23-26,Male,BangladeshUniversityofEngineeringandTechnology(BUET),Engineering---Mechanical-Engineering-/-Similar-to-ME,Fourth-Year-or-Equivalent,2.50---2.99,No,3,3,3,3,3,3,3,21,Severe-Anxiety,4,4,4,4,2,3,3,4,4,4,36,High-Perceived-Stress,0,3,3,3,3,3,3,3,0,21,Severe-Depression
18-22,Male,AmericanInternationalUniversityBangladesh(AIUB),Engineering---CS-/-CSE-/-CSC-/-Similar-to-CS,Third-Year-or-Equivalent,3.00---3.39,No,3,3,3,3,3,3,3,21,Severe-Anxiety,3,3,4,3,2,2,1,2,3,4,27,High-Perceived-Stress,2,3,3,3,3,3,2,2,3,24,Severe-Depression
18-22,Female,IslamicUniversityofTechnology(IUT),Business-and-Entrepreneurship-Studies,Third-Year-or-Equivalent,3.80---4.00,No,1,1,2,2,2,2,2,12,Moderate-Anxiety,4,2,2,1,2,2,1,1,2,2,19,Moderate-Stress,1,1,2,2,3,1,2,1,0,13,Moderate-Depression
18-22,Male,AmericanInternationalUniversityBangladesh(AIUB),Engineering---CS-/-CSE-/-CSC-/-Similar-to-CS,Second-Year-or-Equivalent,3.80---4.00,No,3,1,0,2,2,2,1,11,Moderate-Anxiety,2,3,3,3,0,0,1,0,3,3,18,Moderate-Stress,1,3,0,3,1,1,1,1,1,12,Moderate-Depression
18-22,Male,IndependentUniversityBangladesh(IUB),Engineering---CS-/-CSE-/-CSC-/-Similar-to-CS,Second-Year-or-Equivalent,3.00---3.39,No,2,2,2,1,1,2,1,11,Moderate-Anxiety,2,2,2,3,1,2,1,3,4,2,22,Moderate-Stress,1,1,1,1,0,2,0,1,0,7,Mild-Depression
18-22,Male,AmericanInternationalUniversityBangladesh(AIUB),Engineering---CS-/-CSE-/-CSC-/-Similar-to-CS,First-Year-or-Equivalent,Other,No,3,2,1,2,2,3,3,16,Severe-Anxiety,4,2,2,2,2,3,2,2,4,3,26,Moderate-Stress,3,2,2,3,3,3,1,1,2,20,Severe-Depression
23-26,Male,IndependentUniversityBangladesh(IUB),Engineering---CS-/-CSE-/-CSC-/-Similar-to-CS,Third-Year-or-Equivalent,2.50---2.99,No,1,2,2,2,2,2,2,13,Moderate-Anxiety,2,1,3,2,2,1,2,0,3,2,18,Moderate-Stress,2,2,3,2,2,2,0,2,0,15,Moderately-Severe-Depression
23-26,Male,IslamicUniversityofTechnology(IUT),Engineering---CS-/-CSE-/-CSC-/-Similar-to-CS,Fourth-Year-or-Equivalent,3.80---4.00,No,3,2,2,2,2,2,3,16,Severe-Anxiety,2,2,3,3,1,2,2,2,4,3,24,Moderate-Stress,1,1,2,2,2,3,1,1,0,13,Moderate-Depression
18-22,Male,IslamicUniversityofTechnology(IUT),Engineering---CS-/-CSE-/-CSC-/-Similar-to-CS,Fourth-Year-or-Equivalent,3.40---3.79,No,1,1,1,1,0,0,0,4,Minimal-Anxiety,4,2,2,2,0,1,1,1,3,3,19,Moderate-Stress,2,1,1,1,1,0,1,0,0,7,Mild-Depression
18-22,Female,RajshahiUniversity(RU),Biological-Sciences,Second-Year-or-Equivalent,3.80---4.00,No,3,3,3,3,3,2,3,20,Severe-Anxiety,4,3,4,4,4,4,4,4,2,4,37,High-Perceived-Stress,2,3,1,1,0,3,3,1,2,16,Moderately-Severe-Depression
18-22,Male,IndependentUniversityBangladesh(IUB),Engineering---CS-/-CSE-/-CSC-/-Similar-to-CS,First-Year-or-Equivalent,Other,No,2,0,1,1,1,2,2,9,Mild-Anxiety,1,0,3,2,1,1,3,1,0,1,13,Low-Stress,3,2,2,2,3,1,0,2,3,18,Moderately-Severe-Depression
18-22,Male,IslamicUniversityofTechnology(IUT),Engineering---CS-/-CSE-/-CSC-/-Similar-to-CS,Third-Year-or-Equivalent,2.50---2.99,No,3,3,3,3,2,3,3,20,Severe-Anxiety,4,4,4,3,2,3,3,1,4,3,31,High-Perceived-Stress,0,3,3,3,2,3,3,3,2,22,Severe-Depression
18-22,Male,IndependentUniversityBangladesh(IUB),Engineering---CS-/-CSE-/-CSC-/-Similar-to-CS,Second-Year-or-Equivalent,Below-2.50,No,2,3,3,3,3,3,3,20,Severe-Anxiety,4,4,4,4,0,3,3,3,4,4,33,High-Perceived-Stress,3,3,1,3,3,3,2,1,0,19,Moderately-Severe-Depression
18-22,Male,AmericanInternationalUniversityBangladesh(AIUB),Engineering---CS-/-CSE-/-CSC-/-Similar-to-CS,Second-Year-or-Equivalent,3.80---4.00,Yes,2,1,2,2,2,2,1,12,Moderate-Anxiety,3,2,3,3,2,2,2,2,2,2,23,Moderate-Stress,0,2,2,2,2,1,2,1,1,13,Moderate-Depression
18-22,Male,AmericanInternationalUniversityBangladesh(AIUB),Engineering---CS-/-CSE-/-CSC-/-Similar-to-CS,First-Year-or-Equivalent,3.80---4.00,No,2,0,1,1,2,1,2,9,Mild-Anxiety,2,2,2,0,2,3,3,3,3,2,22,Moderate-Stress,2,2,3,2,1,3,3,1,0,17,Moderately-Severe-Depression
18-22,Male,AmericanInternationalUniversityBangladesh(AIUB),Engineering---CS-/-CSE-/-CSC-/-Similar-to-CS,First-Year-or-Equivalent,Other,No,2,2,1,3,2,2,2,14,Moderate-Anxiety,3,3,2,3,1,2,2,1,2,3,22,Moderate-Stress,1,3,3,2,2,3,2,2,1,19,Moderately-Severe-Depression
18-22,Female,AmericanInternationalUniversityBangladesh(AIUB),Engineering---CS-/-CSE-/-CSC-/-Similar-to-CS,First-Year-or-Equivalent,3.40---3.79,No,1,2,2,2,3,1,2,13,Moderate-Anxiety,3,3,4,2,2,2,2,2,3,4,27,High-Perceived-Stress,2,2,3,2,2,3,1,2,0,17,Moderately-Severe-Depression
18-22,Female,DhakaUniversity(DU),Biological-Sciences,Fourth-Year-or-Equivalent,3.40---3.79,Yes,2,3,3,3,3,3,3,20,Severe-Anxiety,4,4,4,4,2,4,2,2,4,2,32,High-Perceived-Stress,3,3,2,3,1,3,3,0,3,21,Severe-Depression
23-26,Female,DhakaUniversity(DU),Biological-Sciences,Fourth-Year-or-Equivalent,3.40---3.79,No,2,1,1,1,1,1,1,8,Mild-Anxiety,2,2,2,2,2,2,2,2,2,2,20,Moderate-Stress,1,1,0,1,0,1,1,1,0,6,Mild-Depression
23-26,Female,DhakaUniversity(DU),Biological-Sciences,Fourth-Year-or-Equivalent,3.40---3.79,No,2,0,0,3,3,3,1,12,Moderate-Anxiety,4,3,4,4,3,3,2,4,4,4,35,High-Perceived-Stress,2,3,1,2,1,3,3,3,1,19,Moderately-Severe-Depression
23-26,Female,DhakaUniversity(DU),Biological-Sciences,Fourth-Year-or-Equivalent,2.50---2.99,No,0,0,0,0,0,0,0,0,Minimal-Anxiety,0,0,0,0,4,4,4,3,0,0,15,Moderate-Stress,0,0,0,0,0,0,0,0,0,0,No-Depression
23-26,Female,DhakaUniversity(DU),Other,Other,3.40---3.79,No,2,2,2,1,1,1,1,10,Moderate-Anxiety,2,2,3,2,2,2,2,3,2,2,22,Moderate-Stress,1,3,3,3,2,2,2,2,2,20,Severe-Depression
23-26,Female,DhakaUniversity(DU),Biological-Sciences,Fourth-Year-or-Equivalent,3.40---3.79,No,2,2,2,2,2,2,2,14,Moderate-Anxiety,2,2,2,2,2,3,2,4,2,2,23,Moderate-Stress,1,2,2,2,2,2,2,2,0,15,Moderately-Severe-Depression
23-26,Male,DhakaUniversity(DU),Biological-Sciences,Fourth-Year-or-Equivalent,3.40---3.79,No,1,1,1,1,1,1,1,7,Mild-Anxiety,3,2,3,2,2,2,2,2,2,2,22,Moderate-Stress,1,1,1,1,1,1,1,1,1,9,Mild-Depression
18-22,Male,DhakaUniversity(DU),Environmental-and-Life-Sciences,Fourth-Year-or-Equivalent,2.50---2.99,No,2,2,2,2,2,2,2,14,Moderate-Anxiety,2,2,2,2,3,3,2,2,1,2,21,Moderate-Stress,2,3,2,3,1,3,2,1,1,18,Moderately-Severe-Depression
23-26,Female,DhakaUniversity(DU),Environmental-and-Life-Sciences,Fourth-Year-or-Equivalent,3.00---3.39,No,2,2,2,2,2,2,2,14,Moderate-Anxiety,2,2,2,2,2,2,2,2,2,2,20,Moderate-Stress,2,2,2,2,2,2,2,2,2,18,Moderately-Severe-Depression
18-22,Female,DhakaUniversity(DU),Environmental-and-Life-Sciences,Fourth-Year-or-Equivalent,3.00---3.39,No,3,1,1,2,2,1,2,12,Moderate-Anxiety,4,4,4,2,3,3,3,3,2,2,30,High-Perceived-Stress,1,2,2,2,1,2,2,1,0,13,Moderate-Depression
18-22,Female,RajshahiUniversity(RU),Biological-Sciences,Second-Year-or-Equivalent,3.80---4.00,No,0,0,2,1,1,1,0,5,Mild-Anxiety,1,1,1,0,0,1,0,0,3,0,7,Low-Stress,3,0,0,0,0,1,0,0,0,4,Minimal-Depression
18-22,Female,DhakaUniversity(DU),Biological-Sciences,Fourth-Year-or-Equivalent,3.40---3.79,No,2,1,2,2,2,2,2,13,Moderate-Anxiety,1,1,2,2,3,3,2,2,2,2,20,Moderate-Stress,1,2,1,2,1,1,0,0,0,8,Mild-Depression
23-26,Male,DhakaUniversity(DU),Biological-Sciences,Fourth-Year-or-Equivalent,3.40---3.79,No,3,3,3,3,3,3,3,21,Severe-Anxiety,4,4,4,4,2,2,2,1,3,4,30,High-Perceived-Stress,3,3,3,3,3,1,1,0,0,17,Moderately-Severe-Depression
23-26,Female,DhakaUniversity(DU),Other,Fourth-Year-or-Equivalent,3.00---3.39,No,1,2,1,1,2,1,1,9,Mild-Anxiety,2,2,2,3,1,3,3,4,1,1,22,Moderate-Stress,1,1,2,1,1,1,1,1,1,10,Moderate-Depression
23-26,Male,DhakaUniversity(DU),Other,Fourth-Year-or-Equivalent,3.00---3.39,No,3,3,3,3,3,3,3,21,Severe-Anxiety,4,4,4,4,4,4,0,4,4,4,36,High-Perceived-Stress,0,3,3,0,3,2,3,2,2,18,Moderately-Severe-Depression
23-26,Male,Dhaka-University-of-Engineering-and-Technology-(DUET),Engineering---CS-/-CSE-/-CSC-/-Similar-to-CS,Third-Year-or-Equivalent,3.00---3.39,Yes,2,2,3,2,2,3,2,16,Severe-Anxiety,3,3,3,3,1,1,2,2,2,3,23,Moderate-Stress,2,2,2,2,2,2,2,2,2,18,Moderately-Severe-Depression
18-22,Female,AmericanInternationalUniversityBangladesh(AIUB),Engineering---CS-/-CSE-/-CSC-/-Similar-to-CS,First-Year-or-Equivalent,3.40---3.79,No,3,1,0,3,3,3,2,15,Severe-Anxiety,3,3,3,3,2,3,2,2,2,2,25,Moderate-Stress,2,3,1,1,1,3,1,3,3,18,Moderately-Severe-Depression
23-26,Female,DhakaUniversity(DU),Environmental-and-Life-Sciences,Fourth-Year-or-Equivalent,3.40---3.79,No,1,2,1,2,1,1,1,9,Mild-Anxiety,2,3,2,3,2,3,2,2,2,3,24,Moderate-Stress,1,1,0,3,0,2,1,0,0,8,Mild-Depression
23-26,Male,Dhaka-University-of-Engineering-and-Technology-(DUET),Engineering---CS-/-CSE-/-CSC-/-Similar-to-CS,Third-Year-or-Equivalent,3.00---3.39,No,2,1,2,2,1,0,3,11,Moderate-Anxiety,2,1,1,1,2,1,1,1,3,3,16,Moderate-Stress,3,2,2,1,3,1,3,3,2,20,Severe-Depression
23-26,Male,Dhaka-University-of-Engineering-and-Technology-(DUET),Engineering---CS-/-CSE-/-CSC-/-Similar-to-CS,Second-Year-or-Equivalent,3.00---3.39,No,1,1,1,1,1,1,0,6,Mild-Anxiety,2,3,4,4,2,3,1,3,0,3,25,Moderate-Stress,3,2,3,3,3,3,3,1,0,21,Severe-Depression
23-26,Male,Dhaka-University-of-Engineering-and-Technology-(DUET),Engineering---CS-/-CSE-/-CSC-/-Similar-to-CS,Second-Year-or-Equivalent,2.50---2.99,No,1,1,1,1,1,1,1,7,Mild-Anxiety,2,2,2,1,3,3,3,3,2,1,22,Moderate-Stress,1,1,1,1,1,1,1,1,1,9,Mild-Depression
23-26,Male,Dhaka-University-of-Engineering-and-Technology-(DUET),Engineering---CS-/-CSE-/-CSC-/-Similar-to-CS,Second-Year-or-Equivalent,2.50---2.99,No,2,2,2,1,2,1,1,11,Moderate-Anxiety,3,2,3,2,2,2,1,2,2,2,21,Moderate-Stress,1,3,3,2,1,3,2,2,2,19,Moderately-Severe-Depression
23-26,Female,Dhaka-University-of-Engineering-and-Technology-(DUET),Engineering---Civil-Engineering-/-Similar-to-CE,Second-Year-or-Equivalent,2.50---2.99,No,2,2,2,3,3,3,3,18,Severe-Anxiety,2,2,2,2,1,2,2,4,2,2,21,Moderate-Stress,1,3,2,2,3,3,2,0,2,18,Moderately-Severe-Depression
23-26,Female,DhakaUniversity(DU),Environmental-and-Life-Sciences,Fourth-Year-or-Equivalent,3.40---3.79,No,1,1,2,1,0,3,0,8,Mild-Anxiety,2,3,4,2,2,1,2,1,1,2,20,Moderate-Stress,2,1,1,2,0,0,0,1,0,7,Mild-Depression
18-22,Male,Dhaka-University-of-Engineering-and-Technology-(DUET),Engineering---CS-/-CSE-/-CSC-/-Similar-to-CS,Second-Year-or-Equivalent,3.40---3.79,No,0,1,1,0,0,0,0,2,Minimal-Anxiety,0,0,0,0,4,4,3,2,2,2,17,Moderate-Stress,0,0,0,0,1,1,0,1,0,3,Minimal-Depression
18-22,Male,IndependentUniversityBangladesh(IUB),Other,Second-Year-or-Equivalent,2.50---2.99,No,1,2,2,2,2,1,1,11,Moderate-Anxiety,2,2,2,2,2,2,2,2,2,2,20,Moderate-Stress,1,1,1,1,1,1,1,1,1,9,Mild-Depression
18-22,Male,AmericanInternationalUniversityBangladesh(AIUB),Engineering---CS-/-CSE-/-CSC-/-Similar-to-CS,First-Year-or-Equivalent,Other,No,2,1,1,1,1,1,1,8,Mild-Anxiety,1,3,2,2,2,2,2,2,2,2,20,Moderate-Stress,1,1,1,1,1,1,1,1,1,9,Mild-Depression
23-26,Female,DhakaUniversity(DU),Other,Fourth-Year-or-Equivalent,3.40---3.79,No,2,0,0,2,3,3,2,12,Moderate-Anxiety,1,2,4,3,4,2,2,4,0,4,26,Moderate-Stress,1,2,0,3,1,1,0,2,0,10,Moderate-Depression
18-22,Male,AmericanInternationalUniversityBangladesh(AIUB),Engineering---CS-/-CSE-/-CSC-/-Similar-to-CS,Third-Year-or-Equivalent,3.80---4.00,Yes,1,1,1,2,2,2,2,11,Moderate-Anxiety,3,3,3,3,0,2,2,1,2,2,21,Moderate-Stress,1,2,3,2,1,2,2,2,1,16,Moderately-Severe-Depression
27-30,Male,IndependentUniversityBangladesh(IUB),Environmental-and-Life-Sciences,Fourth-Year-or-Equivalent,3.40---3.79,No,1,1,1,1,1,1,1,7,Mild-Anxiety,2,2,2,2,2,2,2,2,2,2,20,Moderate-Stress,1,1,1,1,1,1,1,1,0,8,Mild-Depression
23-26,Male,Dhaka-University-of-Engineering-and-Technology-(DUET),Engineering---CS-/-CSE-/-CSC-/-Similar-to-CS,Third-Year-or-Equivalent,2.50---2.99,No,3,2,3,3,2,1,3,17,Severe-Anxiety,2,1,2,2,0,0,4,4,2,0,17,Moderate-Stress,1,3,3,3,3,3,3,3,3,25,Severe-Depression
23-26,Female,IndependentUniversityBangladesh(IUB),Business-and-Entrepreneurship-Studies,Fourth-Year-or-Equivalent,Below-2.50,No,2,2,2,1,2,2,1,12,Moderate-Anxiety,3,3,4,3,2,3,2,4,4,4,32,High-Perceived-Stress,1,2,3,1,2,3,1,1,1,15,Moderately-Severe-Depression
18-22,Female,IndependentUniversityBangladesh(IUB),Other,First-Year-or-Equivalent,3.40---3.79,No,2,2,2,0,0,0,1,7,Mild-Anxiety,0,0,2,2,3,3,3,2,2,2,19,Moderate-Stress,0,0,0,0,0,2,1,0,0,3,Minimal-Depression
23-26,Male,IndependentUniversityBangladesh(IUB),Environmental-and-Life-Sciences,Fourth-Year-or-Equivalent,2.50---2.99,No,2,2,2,2,2,2,2,14,Moderate-Anxiety,2,2,2,2,2,2,2,2,2,2,20,Moderate-Stress,2,2,2,2,2,2,2,2,2,18,Moderately-Severe-Depression
23-26,Female,DhakaUniversity(DU),Biological-Sciences,Fourth-Year-or-Equivalent,3.40---3.79,No,3,0,0,3,3,3,3,15,Severe-Anxiety,4,4,4,4,0,4,4,2,4,4,34,High-Perceived-Stress,0,3,3,3,3,3,3,3,3,24,Severe-Depression
23-26,Male,DhakaUniversity(DU),Biological-Sciences,Fourth-Year-or-Equivalent,3.40---3.79,No,2,1,2,1,1,2,1,10,Moderate-Anxiety,2,2,3,3,1,3,2,2,4,2,24,Moderate-Stress,1,2,2,0,2,1,1,1,2,12,Moderate-Depression
23-26,Male,DhakaUniversity(DU),Biological-Sciences,Fourth-Year-or-Equivalent,3.40---3.79,No,3,3,0,3,3,1,3,16,Severe-Anxiety,2,2,2,2,2,4,3,4,2,2,25,Moderate-Stress,2,2,1,1,1,1,1,0,0,9,Mild-Depression
23-26,Female,DhakaUniversity(DU),Biological-Sciences,Fourth-Year-or-Equivalent,2.50---2.99,No,2,0,2,2,2,2,2,12,Moderate-Anxiety,1,2,1,2,2,2,4,4,0,2,20,Moderate-Stress,0,2,2,2,1,1,1,1,1,11,Moderate-Depression
23-26,Male,Dhaka-University-of-Engineering-and-Technology-(DUET),Engineering---CS-/-CSE-/-CSC-/-Similar-to-CS,Second-Year-or-Equivalent,Below-2.50,No,1,1,2,2,2,2,2,12,Moderate-Anxiety,2,4,3,4,1,2,1,2,3,2,24,Moderate-Stress,1,3,1,1,1,3,0,1,1,12,Moderate-Depression
23-26,Female,DhakaUniversity(DU),Biological-Sciences,Fourth-Year-or-Equivalent,3.40---3.79,No,2,1,3,2,2,2,2,14,Moderate-Anxiety,2,2,2,2,1,3,3,3,2,2,22,Moderate-Stress,1,2,1,1,1,1,1,1,0,9,Mild-Depression
18-22,Male,IslamicUniversityofTechnology(IUT),Engineering---CS-/-CSE-/-CSC-/-Similar-to-CS,Second-Year-or-Equivalent,3.40---3.79,No,2,3,3,3,3,2,3,19,Severe-Anxiety,3,4,4,2,2,2,3,4,4,3,31,High-Perceived-Stress,0,3,0,3,1,3,3,2,3,18,Moderately-Severe-Depression
23-26,Male,Dhaka-University-of-Engineering-and-Technology-(DUET),Engineering---Other,Third-Year-or-Equivalent,3.00---3.39,Yes,3,2,2,3,3,3,3,19,Severe-Anxiety,1,2,1,2,2,3,4,3,2,2,22,Moderate-Stress,2,3,3,3,3,3,3,3,3,26,Severe-Depression
23-26,Male,AmericanInternationalUniversityBangladesh(AIUB),Engineering---CS-/-CSE-/-CSC-/-Similar-to-CS,Fourth-Year-or-Equivalent,3.00---3.39,No,3,3,3,3,3,3,0,18,Severe-Anxiety,0,0,4,4,0,4,4,4,2,0,22,Moderate-Stress,3,3,0,3,3,3,3,3,3,24,Severe-Depression
18-22,Male,IndependentUniversityBangladesh(IUB),Business-and-Entrepreneurship-Studies,First-Year-or-Equivalent,2.50---2.99,No,1,1,3,1,0,1,0,7,Mild-Anxiety,3,1,3,2,2,2,2,2,2,2,21,Moderate-Stress,1,2,3,3,2,3,0,3,1,18,Moderately-Severe-Depression
23-26,Female,DhakaUniversity(DU),Biological-Sciences,Fourth-Year-or-Equivalent,3.40---3.79,No,1,1,1,1,1,3,1,9,Mild-Anxiety,4,1,3,2,2,2,1,1,3,2,21,Moderate-Stress,1,1,3,2,1,1,1,0,0,10,Moderate-Depression
18-22,Male,IndependentUniversityBangladesh(IUB),Business-and-Entrepreneurship-Studies,First-Year-or-Equivalent,2.50---2.99,No,1,1,2,2,2,2,1,11,Moderate-Anxiety,2,2,2,2,1,1,2,1,3,2,18,Moderate-Stress,1,1,1,1,1,1,1,1,0,8,Mild-Depression
23-26,Male,IslamicUniversityofTechnology(IUT),Engineering---CS-/-CSE-/-CSC-/-Similar-to-CS,Fourth-Year-or-Equivalent,3.00---3.39,No,1,1,1,1,1,1,0,6,Mild-Anxiety,2,1,2,1,1,2,1,4,2,3,19,Moderate-Stress,2,1,1,1,1,2,0,0,0,8,Mild-Depression
18-22,Female,IslamicUniversityofTechnology(IUT),Engineering---CS-/-CSE-/-CSC-/-Similar-to-CS,Second-Year-or-Equivalent,3.40---3.79,No,3,3,3,3,3,3,3,21,Severe-Anxiety,4,4,4,4,4,4,3,4,4,4,39,High-Perceived-Stress,2,3,3,3,3,3,3,3,3,26,Severe-Depression
23-26,Female,IndependentUniversityBangladesh(IUB),Environmental-and-Life-Sciences,First-Year-or-Equivalent,3.40---3.79,No,2,1,1,1,2,1,1,9,Mild-Anxiety,2,2,2,2,2,3,2,2,2,2,21,Moderate-Stress,1,1,1,1,0,1,1,0,0,6,Mild-Depression
23-26,Male,IslamicUniversityofTechnology(IUT),Engineering---CS-/-CSE-/-CSC-/-Similar-to-CS,Fourth-Year-or-Equivalent,3.80---4.00,Yes,2,3,2,2,2,2,3,16,Severe-Anxiety,3,4,3,4,2,3,1,2,4,4,30,High-Perceived-Stress,0,2,1,3,2,2,3,1,0,14,Moderate-Depression
18-22,Male,IslamicUniversityofTechnology(IUT),Engineering---CS-/-CSE-/-CSC-/-Similar-to-CS,First-Year-or-Equivalent,3.80---4.00,No,2,2,2,2,3,3,3,17,Severe-Anxiety,4,4,4,4,4,3,3,3,4,3,36,High-Perceived-Stress,2,2,1,3,1,2,2,2,2,17,Moderately-Severe-Depression
18-22,Male,IslamicUniversityofTechnology(IUT),Engineering---CS-/-CSE-/-CSC-/-Similar-to-CS,First-Year-or-Equivalent,Other,Yes,3,3,3,3,3,3,3,21,Severe-Anxiety,3,3,3,3,2,2,2,2,3,2,25,Moderate-Stress,3,3,3,3,3,3,3,3,3,27,Severe-Depression
18-22,Female,IslamicUniversityofTechnology(IUT),Engineering---CS-/-CSE-/-CSC-/-Similar-to-CS,First-Year-or-Equivalent,Other,Yes,3,3,3,1,2,3,3,18,Severe-Anxiety,4,2,3,3,2,3,1,2,2,2,24,Moderate-Stress,1,2,2,2,2,3,2,1,0,15,Moderately-Severe-Depression
18-22,Male,IslamicUniversityofTechnology(IUT),Engineering---CS-/-CSE-/-CSC-/-Similar-to-CS,First-Year-or-Equivalent,Other,No,1,1,1,1,2,2,2,10,Moderate-Anxiety,2,1,3,3,0,2,0,2,2,2,17,Moderate-Stress,1,2,2,2,1,1,1,1,1,12,Moderate-Depression
18-22,Male,IslamicUniversityofTechnology(IUT),Engineering---CS-/-CSE-/-CSC-/-Similar-to-CS,First-Year-or-Equivalent,Other,No,2,1,2,2,2,1,1,11,Moderate-Anxiety,2,3,3,2,1,1,1,2,3,2,20,Moderate-Stress,2,2,1,2,1,1,2,2,1,14,Moderate-Depression
18-22,Male,IslamicUniversityofTechnology(IUT),Engineering---CS-/-CSE-/-CSC-/-Similar-to-CS,First-Year-or-Equivalent,Other,No,1,2,1,0,0,2,0,6,Mild-Anxiety,1,3,2,1,3,2,0,2,2,0,16,Moderate-Stress,2,0,0,2,0,1,2,0,0,7,Mild-Depression
18-22,Male,IslamicUniversityofTechnology(IUT),Engineering---CS-/-CSE-/-CSC-/-Similar-to-CS,First-Year-or-Equivalent,3.80---4.00,Yes,2,2,1,1,1,1,1,9,Mild-Anxiety,3,4,2,3,2,3,2,3,3,3,28,High-Perceived-Stress,1,1,2,2,1,3,3,1,3,17,Moderately-Severe-Depression
18-22,Male,IslamicUniversityofTechnology(IUT),Engineering---CS-/-CSE-/-CSC-/-Similar-to-CS,First-Year-or-Equivalent,3.40---3.79,No,1,1,1,1,2,1,2,9,Mild-Anxiety,4,3,2,1,1,4,2,2,1,2,22,Moderate-Stress,1,3,1,1,0,0,1,1,0,8,Mild-Depression
18-22,Male,IslamicUniversityofTechnology(IUT),Engineering---CS-/-CSE-/-CSC-/-Similar-to-CS,First-Year-or-Equivalent,3.80---4.00,Yes,1,1,3,1,1,3,0,10,Moderate-Anxiety,3,3,2,2,1,2,2,2,2,0,19,Moderate-Stress,1,1,0,1,1,1,1,2,0,8,Mild-Depression
18-22,Male,IslamicUniversityofTechnology(IUT),Engineering---CS-/-CSE-/-CSC-/-Similar-to-CS,First-Year-or-Equivalent,Other,No,3,3,3,3,3,3,2,20,Severe-Anxiety,4,4,4,4,4,4,3,4,4,4,39,High-Perceived-Stress,1,3,1,3,1,3,3,3,1,19,Moderately-Severe-Depression
18-22,Male,IslamicUniversityofTechnology(IUT),Engineering---CS-/-CSE-/-CSC-/-Similar-to-CS,First-Year-or-Equivalent,Other,No,2,0,1,3,3,1,3,13,Moderate-Anxiety,4,3,3,3,3,4,2,4,2,4,32,High-Perceived-Stress,2,3,3,3,1,3,1,2,2,20,Severe-Depression
18-22,Male,IslamicUniversityofTechnology(IUT),Engineering---CS-/-CSE-/-CSC-/-Similar-to-CS,Second-Year-or-Equivalent,3.40---3.79,No,1,1,2,1,2,2,1,10,Moderate-Anxiety,2,2,3,3,2,2,1,2,2,2,21,Moderate-Stress,1,1,0,1,0,1,0,1,0,5,Mild-Depression
18-22,Female,IslamicUniversityofTechnology(IUT),Engineering---CS-/-CSE-/-CSC-/-Similar-to-CS,First-Year-or-Equivalent,Other,No,3,3,3,3,3,3,3,21,Severe-Anxiety,4,3,4,4,3,3,3,3,4,4,35,High-Perceived-Stress,2,3,3,3,3,3,3,3,3,26,Severe-Depression
18-22,Male,IslamicUniversityofTechnology(IUT),Engineering---CS-/-CSE-/-CSC-/-Similar-to-CS,First-Year-or-Equivalent,3.80---4.00,No,2,1,1,2,3,3,1,13,Moderate-Anxiety,4,3,2,2,1,1,2,2,2,2,21,Moderate-Stress,1,1,3,3,1,1,2,3,2,17,Moderately-Severe-Depression
18-22,Male,IslamicUniversityofTechnology(IUT),Other,Third-Year-or-Equivalent,3.40---3.79,No,3,2,3,2,3,3,1,17,Severe-Anxiety,2,2,3,4,1,0,2,0,3,4,21,Moderate-Stress,1,3,2,1,3,2,1,2,3,18,Moderately-Severe-Depression
18-22,Male,IslamicUniversityofTechnology(IUT),Engineering---CS-/-CSE-/-CSC-/-Similar-to-CS,First-Year-or-Equivalent,Other,Yes,1,2,2,1,1,3,2,12,Moderate-Anxiety,4,2,4,3,2,1,2,1,3,2,24,Moderate-Stress,1,1,2,2,3,2,1,1,1,14,Moderate-Depression
18-22,Male,IslamicUniversityofTechnology(IUT),Engineering---CS-/-CSE-/-CSC-/-Similar-to-CS,First-Year-or-Equivalent,Other,No,2,3,3,3,3,1,1,16,Severe-Anxiety,2,3,3,3,3,2,1,3,3,3,26,Moderate-Stress,2,2,1,1,1,1,1,1,1,11,Moderate-Depression
23-26,Male,Dhaka-University-of-Engineering-and-Technology-(DUET),Engineering---CS-/-CSE-/-CSC-/-Similar-to-CS,Second-Year-or-Equivalent,3.00---3.39,No,1,1,3,1,3,3,2,14,Moderate-Anxiety,2,2,3,3,1,2,2,2,3,2,22,Moderate-Stress,1,3,1,3,1,2,2,0,0,13,Moderate-Depression
18-22,Female,IndependentUniversityBangladesh(IUB),Environmental-and-Life-Sciences,Second-Year-or-Equivalent,3.40---3.79,Yes,1,1,1,1,0,1,1,6,Mild-Anxiety,2,2,2,2,2,3,2,2,2,2,21,Moderate-Stress,2,1,1,1,1,1,1,1,0,9,Mild-Depression
23-26,Female,DhakaUniversity(DU),Biological-Sciences,Fourth-Year-or-Equivalent,3.40---3.79,No,3,3,3,2,2,2,2,17,Severe-Anxiety,2,2,4,4,2,3,2,4,4,3,30,High-Perceived-Stress,1,3,3,3,2,3,2,2,1,20,Severe-Depression
18-22,Male,AmericanInternationalUniversityBangladesh(AIUB),Engineering---CS-/-CSE-/-CSC-/-Similar-to-CS,First-Year-or-Equivalent,Other,No,1,0,3,1,2,0,1,8,Mild-Anxiety,0,0,2,3,1,1,1,1,4,3,16,Moderate-Stress,1,0,1,3,2,1,0,0,0,8,Mild-Depression
18-22,Male,IslamicUniversityofTechnology(IUT),Engineering---CS-/-CSE-/-CSC-/-Similar-to-CS,Second-Year-or-Equivalent,3.40---3.79,No,3,3,3,3,3,3,3,21,Severe-Anxiety,4,4,4,4,4,4,3,4,4,4,39,High-Perceived-Stress,3,3,3,3,3,3,3,3,0,24,Severe-Depression
18-22,Male,IslamicUniversityofTechnology(IUT),Engineering---CS-/-CSE-/-CSC-/-Similar-to-CS,Third-Year-or-Equivalent,Other,No,2,0,2,2,2,1,3,12,Moderate-Anxiety,4,4,3,4,4,3,1,4,4,4,35,High-Perceived-Stress,3,3,3,3,2,3,2,2,0,21,Severe-Depression
23-26,Male,IndependentUniversityBangladesh(IUB),Engineering---CS-/-CSE-/-CSC-/-Similar-to-CS,Third-Year-or-Equivalent,Below-2.50,No,2,2,2,1,1,1,2,11,Moderate-Anxiety,2,3,4,2,2,2,1,2,2,2,22,Moderate-Stress,1,2,2,2,2,2,2,2,2,17,Moderately-Severe-Depression
23-26,Male,Dhaka-University-of-Engineering-and-Technology-(DUET),Engineering---Mechanical-Engineering-/-Similar-to-ME,Second-Year-or-Equivalent,3.00---3.39,Yes,0,3,2,2,3,2,0,12,Moderate-Anxiety,2,2,0,2,4,2,2,3,1,2,20,Moderate-Stress,2,1,2,2,2,3,3,0,1,16,Moderately-Severe-Depression
18-22,Female,IslamicUniversityofTechnology(IUT),Engineering---CS-/-CSE-/-CSC-/-Similar-to-CS,First-Year-or-Equivalent,Other,No,3,3,3,3,3,3,3,21,Severe-Anxiety,0,0,4,0,4,4,4,4,3,4,27,High-Perceived-Stress,2,3,3,3,3,3,3,3,0,23,Severe-Depression
18-22,Male,AmericanInternationalUniversityBangladesh(AIUB),Engineering---CS-/-CSE-/-CSC-/-Similar-to-CS,Third-Year-or-Equivalent,3.00---3.39,No,1,2,2,2,2,1,1,11,Moderate-Anxiety,2,1,1,1,1,1,1,1,2,1,12,Low-Stress,1,1,1,1,1,1,1,1,0,8,Mild-Depression
23-26,Male,AmericanInternationalUniversityBangladesh(AIUB),Engineering---CS-/-CSE-/-CSC-/-Similar-to-CS,Third-Year-or-Equivalent,2.50---2.99,No,3,1,1,2,2,3,2,14,Moderate-Anxiety,2,2,2,1,2,2,2,2,2,2,19,Moderate-Stress,1,2,0,2,2,2,2,2,2,15,Moderately-Severe-Depression
18-22,Male,IslamicUniversityofTechnology(IUT),Engineering---CS-/-CSE-/-CSC-/-Similar-to-CS,First-Year-or-Equivalent,Other,No,3,3,3,3,3,3,3,21,Severe-Anxiety,4,2,4,4,3,4,3,3,3,3,33,High-Perceived-Stress,1,3,0,3,2,3,3,3,0,18,Moderately-Severe-Depression
18-22,Male,IndependentUniversityBangladesh(IUB),Environmental-and-Life-Sciences,Second-Year-or-Equivalent,2.50---2.99,No,0,0,0,0,0,0,0,0,Minimal-Anxiety,0,0,3,0,4,4,4,3,0,0,18,Moderate-Stress,0,0,0,0,0,0,0,0,0,0,No-Depression
18-22,Male,IndependentUniversityBangladesh(IUB),Engineering---CS-/-CSE-/-CSC-/-Similar-to-CS,Second-Year-or-Equivalent,3.80---4.00,Yes,0,1,2,0,1,0,2,6,Mild-Anxiety,1,2,3,1,2,4,3,2,0,3,21,Moderate-Stress,3,0,3,3,0,1,2,0,0,12,Moderate-Depression
18-22,Male,AmericanInternationalUniversityBangladesh(AIUB),Engineering---CS-/-CSE-/-CSC-/-Similar-to-CS,First-Year-or-Equivalent,3.40---3.79,No,2,2,1,1,1,1,1,9,Mild-Anxiety,2,2,2,2,2,4,2,2,2,2,22,Moderate-Stress,1,2,1,2,1,2,3,1,3,16,Moderately-Severe-Depression
18-22,Male,UnitedInternationalUniversity(UIU),Engineering---CS-/-CSE-/-CSC-/-Similar-to-CS,First-Year-or-Equivalent,3.40---3.79,No,0,0,0,1,0,0,0,1,Minimal-Anxiety,0,0,1,0,2,2,2,2,2,1,12,Low-Stress,2,1,1,2,0,0,0,1,0,7,Mild-Depression
18-22,Male,PatuakhaliScienceandTechnologyUniversity,Engineering---CS-/-CSE-/-CSC-/-Similar-to-CS,First-Year-or-Equivalent,2.50---2.99,No,1,0,0,2,1,1,1,6,Mild-Anxiety,1,0,2,0,3,3,4,2,1,1,17,Moderate-Stress,0,1,2,2,0,1,0,1,2,9,Mild-Depression
18-22,Female,PatuakhaliScienceandTechnologyUniversity,Engineering---CS-/-CSE-/-CSC-/-Similar-to-CS,First-Year-or-Equivalent,2.50---2.99,No,0,0,0,0,0,0,0,0,Minimal-Anxiety,0,0,1,1,3,3,3,3,1,1,16,Moderate-Stress,1,0,0,0,0,0,0,0,0,1,Minimal-Depression
18-22,Female,PatuakhaliScienceandTechnologyUniversity,Engineering---CS-/-CSE-/-CSC-/-Similar-to-CS,First-Year-or-Equivalent,3.00---3.39,No,3,3,3,3,3,3,3,21,Severe-Anxiety,3,3,3,4,0,1,2,3,4,3,26,Moderate-Stress,3,3,3,3,3,3,3,3,3,27,Severe-Depression
18-22,Female,PatuakhaliScienceandTechnologyUniversity,Engineering---CS-/-CSE-/-CSC-/-Similar-to-CS,First-Year-or-Equivalent,3.40---3.79,No,1,1,1,1,1,1,1,7,Mild-Anxiety,1,1,2,1,1,1,0,1,2,2,12,Low-Stress,2,1,1,1,1,0,1,1,0,8,Mild-Depression
23-26,Male,IslamicUniversityofTechnology(IUT),Engineering---CS-/-CSE-/-CSC-/-Similar-to-CS,Fourth-Year-or-Equivalent,3.40---3.79,No,1,1,1,1,1,1,1,7,Mild-Anxiety,2,2,2,1,1,1,2,1,2,2,16,Moderate-Stress,1,1,1,1,0,1,1,1,0,7,Mild-Depression
18-22,Female,PatuakhaliScienceandTechnologyUniversity,Engineering---CS-/-CSE-/-CSC-/-Similar-to-CS,First-Year-or-Equivalent,3.00---3.39,No,1,1,1,1,1,1,1,7,Mild-Anxiety,2,2,2,2,1,1,2,2,2,2,18,Moderate-Stress,1,1,1,1,1,1,1,1,0,8,Mild-Depression
18-22,Male,PatuakhaliScienceandTechnologyUniversity,Engineering---CS-/-CSE-/-CSC-/-Similar-to-CS,First-Year-or-Equivalent,2.50---2.99,No,2,1,2,2,2,1,2,12,Moderate-Anxiety,3,3,3,2,1,1,1,2,4,3,23,Moderate-Stress,2,2,2,2,2,2,2,2,2,18,Moderately-Severe-Depression
23-26,Male,BangladeshUniversityofEngineeringandTechnology(BUET),Engineering---EEE/-ECE-/-Similar-to-EEE,Third-Year-or-Equivalent,3.80---4.00,Yes,1,2,2,1,1,2,1,10,Moderate-Anxiety,2,1,2,3,2,2,2,1,2,2,19,Moderate-Stress,1,1,1,1,1,1,1,1,1,9,Mild-Depression
18-22,Female,PatuakhaliScienceandTechnologyUniversity,Engineering---CS-/-CSE-/-CSC-/-Similar-to-CS,Third-Year-or-Equivalent,3.00---3.39,No,3,0,0,3,3,3,3,15,Severe-Anxiety,4,4,4,4,2,0,3,4,4,4,33,High-Perceived-Stress,0,3,3,3,3,3,3,3,0,21,Severe-Depression
18-22,Female,PatuakhaliScienceandTechnologyUniversity,Engineering---CS-/-CSE-/-CSC-/-Similar-to-CS,First-Year-or-Equivalent,2.50---2.99,No,1,1,1,2,1,2,2,10,Moderate-Anxiety,2,2,2,2,2,2,2,3,3,2,22,Moderate-Stress,1,1,2,2,1,2,1,1,0,11,Moderate-Depression
23-26,Female,PatuakhaliScienceandTechnologyUniversity,Engineering---CS-/-CSE-/-CSC-/-Similar-to-CS,Third-Year-or-Equivalent,3.40---3.79,No,1,1,0,2,1,0,0,5,Mild-Anxiety,1,1,3,2,1,3,2,2,1,2,18,Moderate-Stress,0,0,0,0,0,0,0,0,0,0,No-Depression
18-22,Male,PatuakhaliScienceandTechnologyUniversity,Engineering---CS-/-CSE-/-CSC-/-Similar-to-CS,First-Year-or-Equivalent,3.00---3.39,No,2,1,1,1,1,1,2,9,Mild-Anxiety,4,3,2,2,2,2,2,3,2,2,24,Moderate-Stress,1,2,1,2,1,1,1,1,1,11,Moderate-Depression
18-22,Male,PatuakhaliScienceandTechnologyUniversity,Engineering---CS-/-CSE-/-CSC-/-Similar-to-CS,First-Year-or-Equivalent,3.40---3.79,No,2,1,1,1,1,1,0,7,Mild-Anxiety,1,1,2,1,2,2,3,3,1,1,17,Moderate-Stress,1,0,1,1,1,1,0,2,1,8,Mild-Depression
23-26,Male,Dhaka-University-of-Engineering-and-Technology-(DUET),Engineering---CS-/-CSE-/-CSC-/-Similar-to-CS,Third-Year-or-Equivalent,3.40---3.79,Yes,3,1,3,3,3,3,2,18,Severe-Anxiety,1,2,3,2,3,2,2,2,2,2,21,Moderate-Stress,0,2,0,3,1,1,3,0,2,12,Moderate-Depression
23-26,Male,PatuakhaliScienceandTechnologyUniversity,Engineering---CS-/-CSE-/-CSC-/-Similar-to-CS,Third-Year-or-Equivalent,2.50---2.99,No,1,3,1,1,2,1,0,9,Mild-Anxiety,3,3,3,2,2,4,2,2,2,2,25,Moderate-Stress,0,1,1,1,1,3,2,2,0,11,Moderate-Depression
18-22,Male,PatuakhaliScienceandTechnologyUniversity,Engineering---CS-/-CSE-/-CSC-/-Similar-to-CS,Third-Year-or-Equivalent,3.00---3.39,No,3,0,0,3,3,3,3,15,Severe-Anxiety,4,4,4,4,2,2,3,3,4,4,34,High-Perceived-Stress,1,3,3,3,2,3,3,1,2,21,Severe-Depression
18-22,Male,PatuakhaliScienceandTechnologyUniversity,Engineering---CS-/-CSE-/-CSC-/-Similar-to-CS,First-Year-or-Equivalent,3.00---3.39,No,1,1,1,1,1,1,1,7,Mild-Anxiety,2,2,1,1,1,2,3,3,3,2,20,Moderate-Stress,0,0,0,0,0,0,0,0,0,0,No-Depression
18-22,Male,PatuakhaliScienceandTechnologyUniversity,Engineering---CS-/-CSE-/-CSC-/-Similar-to-CS,Second-Year-or-Equivalent,2.50---2.99,Yes,3,1,2,3,3,2,2,16,Severe-Anxiety,2,3,3,4,3,3,2,3,4,2,29,High-Perceived-Stress,2,3,2,2,1,2,2,1,2,17,Moderately-Severe-Depression
18-22,Female,PatuakhaliScienceandTechnologyUniversity,Engineering---CS-/-CSE-/-CSC-/-Similar-to-CS,First-Year-or-Equivalent,3.00---3.39,No,1,1,0,1,1,1,3,8,Mild-Anxiety,2,2,2,2,1,2,2,3,3,2,21,Moderate-Stress,1,0,1,1,1,1,3,3,0,11,Moderate-Depression
18-22,Male,PatuakhaliScienceandTechnologyUniversity,Engineering---CS-/-CSE-/-CSC-/-Similar-to-CS,First-Year-or-Equivalent,3.00---3.39,No,2,3,3,3,3,3,3,20,Severe-Anxiety,4,3,4,4,4,4,4,4,4,4,39,High-Perceived-Stress,3,3,1,3,3,3,3,1,3,23,Severe-Depression
18-22,Male,PatuakhaliScienceandTechnologyUniversity,Engineering---CS-/-CSE-/-CSC-/-Similar-to-CS,First-Year-or-Equivalent,2.50---2.99,No,2,3,2,3,1,1,2,14,Moderate-Anxiety,3,2,3,3,1,2,2,3,2,2,23,Moderate-Stress,1,1,1,2,1,1,1,1,1,10,Moderate-Depression
23-26,Male,PatuakhaliScienceandTechnologyUniversity,Engineering---CS-/-CSE-/-CSC-/-Similar-to-CS,Third-Year-or-Equivalent,3.00---3.39,No,2,1,1,1,3,2,2,12,Moderate-Anxiety,2,3,3,2,2,2,2,3,2,3,24,Moderate-Stress,2,3,3,2,0,1,1,2,1,15,Moderately-Severe-Depression
23-26,Male,PatuakhaliScienceandTechnologyUniversity,Engineering---CS-/-CSE-/-CSC-/-Similar-to-CS,Third-Year-or-Equivalent,3.40---3.79,Yes,3,0,1,1,3,3,3,14,Moderate-Anxiety,2,1,0,0,2,3,3,2,0,0,13,Low-Stress,1,1,1,1,1,1,1,1,0,8,Mild-Depression
23-26,Female,PatuakhaliScienceandTechnologyUniversity,Business-and-Entrepreneurship-Studies,Third-Year-or-Equivalent,3.00---3.39,No,2,2,2,2,3,1,1,13,Moderate-Anxiety,2,2,3,3,2,3,1,2,4,4,26,Moderate-Stress,1,3,1,1,1,1,2,1,0,11,Moderate-Depression
23-26,Female,PatuakhaliScienceandTechnologyUniversity,Engineering---CS-/-CSE-/-CSC-/-Similar-to-CS,Third-Year-or-Equivalent,3.00---3.39,No,3,3,3,3,3,3,3,21,Severe-Anxiety,4,3,4,3,1,4,2,1,3,4,29,High-Perceived-Stress,3,3,2,2,2,2,3,3,3,23,Severe-Depression
18-22,Female,PatuakhaliScienceandTechnologyUniversity,Engineering---CS-/-CSE-/-CSC-/-Similar-to-CS,Second-Year-or-Equivalent,2.50---2.99,No,1,2,1,1,2,1,2,10,Moderate-Anxiety,2,1,3,3,2,2,2,1,2,2,20,Moderate-Stress,1,2,0,1,0,1,1,0,1,7,Mild-Depression
23-26,Male,IndependentUniversityBangladesh(IUB),Environmental-and-Life-Sciences,Other,2.50---2.99,Yes,2,3,1,3,3,3,3,18,Severe-Anxiety,3,3,3,2,1,2,0,0,2,4,20,Moderate-Stress,3,3,3,2,3,2,3,3,2,24,Severe-Depression
23-26,Male,PatuakhaliScienceandTechnologyUniversity,Engineering---CS-/-CSE-/-CSC-/-Similar-to-CS,Third-Year-or-Equivalent,Below-2.50,No,2,1,2,3,2,2,3,15,Severe-Anxiety,2,2,3,2,2,2,2,0,3,2,20,Moderate-Stress,2,2,1,2,0,3,2,2,2,16,Moderately-Severe-Depression
18-22,Male,PatuakhaliScienceandTechnologyUniversity,Engineering---CS-/-CSE-/-CSC-/-Similar-to-CS,Third-Year-or-Equivalent,3.00---3.39,No,3,2,0,3,2,2,3,15,Severe-Anxiety,4,4,4,3,3,4,4,4,4,4,38,High-Perceived-Stress,3,2,3,1,3,1,1,2,0,16,Moderately-Severe-Depression
18-22,Prefer-not-to-say,PatuakhaliScienceandTechnologyUniversity,Engineering---CS-/-CSE-/-CSC-/-Similar-to-CS,First-Year-or-Equivalent,3.00---3.39,No,2,1,1,1,2,0,3,10,Moderate-Anxiety,2,1,2,1,2,2,1,4,4,3,22,Moderate-Stress,0,3,1,3,0,3,3,1,1,15,Moderately-Severe-Depression
18-22,Male,PatuakhaliScienceandTechnologyUniversity,Engineering---CS-/-CSE-/-CSC-/-Similar-to-CS,First-Year-or-Equivalent,3.00---3.39,No,2,1,1,1,1,1,2,9,Mild-Anxiety,2,4,4,2,2,2,2,4,4,1,27,High-Perceived-Stress,1,1,2,1,1,2,1,1,1,11,Moderate-Depression
18-22,Male,PatuakhaliScienceandTechnologyUniversity,Engineering---CS-/-CSE-/-CSC-/-Similar-to-CS,First-Year-or-Equivalent,2.50---2.99,No,1,0,3,3,3,1,0,11,Moderate-Anxiety,2,2,2,0,2,2,2,3,2,0,17,Moderate-Stress,1,0,0,1,0,0,0,1,1,4,Minimal-Depression
23-26,Male,Dhaka-University-of-Engineering-and-Technology-(DUET),Engineering---Mechanical-Engineering-/-Similar-to-ME,Fourth-Year-or-Equivalent,3.80---4.00,No,1,1,1,2,0,1,1,7,Mild-Anxiety,1,2,2,1,3,4,2,3,0,2,20,Moderate-Stress,1,3,3,2,0,2,0,1,2,14,Moderate-Depression
18-22,Male,IndependentUniversityBangladesh(IUB),Business-and-Entrepreneurship-Studies,Second-Year-or-Equivalent,2.50---2.99,No,2,1,1,1,1,1,1,8,Mild-Anxiety,1,0,2,2,2,2,2,2,2,2,17,Moderate-Stress,1,1,1,1,1,1,1,1,1,9,Mild-Depression
18-22,Male,PatuakhaliScienceandTechnologyUniversity,Engineering---CS-/-CSE-/-CSC-/-Similar-to-CS,Third-Year-or-Equivalent,3.00---3.39,Yes,3,0,3,2,3,3,2,16,Severe-Anxiety,2,3,4,2,1,2,3,2,4,3,26,Moderate-Stress,1,3,3,3,3,2,3,3,2,23,Severe-Depression
18-22,Female,PatuakhaliScienceandTechnologyUniversity,Engineering---CS-/-CSE-/-CSC-/-Similar-to-CS,First-Year-or-Equivalent,2.50---2.99,No,1,1,1,3,1,1,1,9,Mild-Anxiety,2,2,4,4,4,4,3,3,4,2,32,High-Perceived-Stress,1,3,1,1,1,1,1,1,1,11,Moderate-Depression
23-26,Female,DhakaUniversity(DU),Biological-Sciences,Fourth-Year-or-Equivalent,3.00---3.39,No,3,3,2,3,3,3,3,20,Severe-Anxiety,3,2,4,2,1,2,2,3,4,4,27,High-Perceived-Stress,1,3,1,3,3,3,3,1,0,18,Moderately-Severe-Depression
18-22,Male,AmericanInternationalUniversityBangladesh(AIUB),Engineering---CS-/-CSE-/-CSC-/-Similar-to-CS,Third-Year-or-Equivalent,3.00---3.39,No,1,0,1,0,1,0,1,4,Minimal-Anxiety,1,2,2,2,3,1,1,3,1,1,17,Moderate-Stress,1,0,2,0,1,2,2,3,1,12,Moderate-Depression
23-26,Male,DhakaUniversity(DU),Other,Fourth-Year-or-Equivalent,3.00---3.39,No,0,0,0,0,0,0,0,0,Minimal-Anxiety,4,4,4,4,0,0,0,0,4,4,24,Moderate-Stress,0,0,0,0,0,0,0,0,0,0,No-Depression
23-26,Male,Dhaka-University-of-Engineering-and-Technology-(DUET),Engineering---CS-/-CSE-/-CSC-/-Similar-to-CS,Third-Year-or-Equivalent,3.00---3.39,No,2,2,2,2,2,3,2,15,Severe-Anxiety,2,1,2,2,2,2,3,3,2,2,21,Moderate-Stress,2,1,2,2,1,2,2,2,2,16,Moderately-Severe-Depression
23-26,Male,Dhaka-University-of-Engineering-and-Technology-(DUET),Engineering---CS-/-CSE-/-CSC-/-Similar-to-CS,Third-Year-or-Equivalent,3.00---3.39,No,3,2,2,2,3,3,2,17,Severe-Anxiety,2,2,1,1,2,2,2,3,1,1,17,Moderate-Stress,3,3,1,2,3,3,3,2,3,23,Severe-Depression
23-26,Male,PatuakhaliScienceandTechnologyUniversity,Engineering---CS-/-CSE-/-CSC-/-Similar-to-CS,Third-Year-or-Equivalent,3.00---3.39,No,1,1,1,1,1,1,1,7,Mild-Anxiety,2,1,3,0,2,3,2,1,3,2,19,Moderate-Stress,1,2,1,3,1,0,1,1,2,12,Moderate-Depression
18-22,Male,AmericanInternationalUniversityBangladesh(AIUB),Engineering---CS-/-CSE-/-CSC-/-Similar-to-CS,First-Year-or-Equivalent,3.00---3.39,No,2,3,1,3,3,3,3,18,Severe-Anxiety,2,3,3,2,2,0,2,0,3,2,19,Moderate-Stress,1,2,3,3,1,2,3,1,1,17,Moderately-Severe-Depression
18-22,Female,AmericanInternationalUniversityBangladesh(AIUB),Engineering---CS-/-CSE-/-CSC-/-Similar-to-CS,First-Year-or-Equivalent,3.40---3.79,No,3,3,2,3,3,3,3,20,Severe-Anxiety,0,2,2,0,2,4,4,2,2,2,20,Moderate-Stress,2,3,2,2,0,0,0,0,0,9,Mild-Depression
18-22,Male,AmericanInternationalUniversityBangladesh(AIUB),Engineering---CS-/-CSE-/-CSC-/-Similar-to-CS,Second-Year-or-Equivalent,3.00---3.39,No,0,0,0,0,0,0,0,0,Minimal-Anxiety,2,2,2,2,2,2,2,2,2,2,20,Moderate-Stress,0,0,0,0,0,0,0,0,0,0,No-Depression
18-22,Male,IslamicUniversityofTechnology(IUT),Engineering---CS-/-CSE-/-CSC-/-Similar-to-CS,First-Year-or-Equivalent,Other,No,3,1,3,1,1,2,2,13,Moderate-Anxiety,4,4,3,4,1,3,1,2,2,4,28,High-Perceived-Stress,1,2,2,2,1,2,3,1,1,15,Moderately-Severe-Depression
18-22,Male,PatuakhaliScienceandTechnologyUniversity,Engineering---CS-/-CSE-/-CSC-/-Similar-to-CS,Third-Year-or-Equivalent,2.50---2.99,No,3,2,1,3,2,2,3,16,Severe-Anxiety,1,2,2,2,2,2,2,4,2,2,21,Moderate-Stress,1,2,3,2,2,3,3,1,1,18,Moderately-Severe-Depression
18-22,Male,AmericanInternationalUniversityBangladesh(AIUB),Engineering---CS-/-CSE-/-CSC-/-Similar-to-CS,First-Year-or-Equivalent,3.00---3.39,No,2,2,3,3,3,3,3,19,Severe-Anxiety,2,2,2,2,2,2,2,2,2,2,20,Moderate-Stress,3,3,3,3,3,3,3,3,3,27,Severe-Depression
18-22,Male,PatuakhaliScienceandTechnologyUniversity,Engineering---CS-/-CSE-/-CSC-/-Similar-to-CS,First-Year-or-Equivalent,2.50---2.99,No,2,3,2,3,3,2,3,18,Severe-Anxiety,3,4,3,3,0,4,2,2,4,2,27,High-Perceived-Stress,1,2,3,3,2,3,1,2,0,17,Moderately-Severe-Depression
18-22,Male,AmericanInternationalUniversityBangladesh(AIUB),Engineering---CS-/-CSE-/-CSC-/-Similar-to-CS,First-Year-or-Equivalent,3.00---3.39,No,1,0,1,0,1,0,0,3,Minimal-Anxiety,2,2,2,1,0,0,0,1,3,3,14,Moderate-Stress,3,0,0,1,1,0,0,0,0,5,Mild-Depression
18-22,Male,IslamicUniversityofTechnology(IUT),Engineering---CS-/-CSE-/-CSC-/-Similar-to-CS,First-Year-or-Equivalent,Other,No,2,2,1,3,3,2,3,16,Severe-Anxiety,3,4,4,4,0,1,2,1,3,3,25,Moderate-Stress,2,3,3,1,1,1,0,0,0,11,Moderate-Depression
18-22,Male,PatuakhaliScienceandTechnologyUniversity,Engineering---CS-/-CSE-/-CSC-/-Similar-to-CS,First-Year-or-Equivalent,2.50---2.99,No,1,1,1,0,1,1,1,6,Mild-Anxiety,1,1,1,0,2,1,1,1,2,2,12,Low-Stress,1,3,0,3,3,0,1,3,0,14,Moderate-Depression
23-26,Male,Dhaka-University-of-Engineering-and-Technology-(DUET),Engineering---CS-/-CSE-/-CSC-/-Similar-to-CS,Third-Year-or-Equivalent,3.00---3.39,No,2,0,0,3,2,1,0,8,Mild-Anxiety,2,2,2,2,4,2,2,4,2,2,24,Moderate-Stress,2,3,1,1,0,2,2,0,0,11,Moderate-Depression
27-30,Male,Dhaka-University-of-Engineering-and-Technology-(DUET),Engineering---CS-/-CSE-/-CSC-/-Similar-to-CS,Fourth-Year-or-Equivalent,2.50---2.99,No,2,1,1,1,1,1,0,7,Mild-Anxiety,1,1,2,4,2,3,4,4,4,4,29,High-Perceived-Stress,3,3,0,1,1,1,0,0,1,10,Moderate-Depression
23-26,Male,Dhaka-University-of-Engineering-and-Technology-(DUET),Engineering---CS-/-CSE-/-CSC-/-Similar-to-CS,Fourth-Year-or-Equivalent,3.00---3.39,No,2,1,1,1,2,2,3,12,Moderate-Anxiety,2,2,3,3,1,1,2,3,2,2,21,Moderate-Stress,3,2,2,2,2,1,2,1,1,16,Moderately-Severe-Depression
23-26,Male,IslamicUniversityofTechnology(IUT),Engineering---Mechanical-Engineering-/-Similar-to-ME,Other,3.40---3.79,No,1,1,1,1,1,1,1,7,Mild-Anxiety,3,2,3,2,1,2,3,1,2,2,21,Moderate-Stress,1,1,0,1,0,1,0,1,0,5,Mild-Depression
18-22,Male,BRACUniversity,Engineering---CS-/-CSE-/-CSC-/-Similar-to-CS,Other,3.00---3.39,No,2,3,2,0,3,1,2,13,Moderate-Anxiety,2,2,4,2,2,2,4,1,1,2,22,Moderate-Stress,2,2,1,2,2,2,1,2,1,15,Moderately-Severe-Depression
18-22,Male,PatuakhaliScienceandTechnologyUniversity,Engineering---CS-/-CSE-/-CSC-/-Similar-to-CS,First-Year-or-Equivalent,2.50---2.99,Yes,2,3,1,3,3,3,1,16,Severe-Anxiety,3,2,2,2,1,3,2,3,2,0,20,Moderate-Stress,2,2,3,2,1,3,0,1,2,16,Moderately-Severe-Depression
23-26,Male,BRACUniversity,Business-and-Entrepreneurship-Studies,Fourth-Year-or-Equivalent,3.40---3.79,No,1,1,2,2,2,2,2,12,Moderate-Anxiety,3,4,4,2,2,2,2,2,2,2,25,Moderate-Stress,1,2,2,2,2,2,2,2,2,17,Moderately-Severe-Depression
23-26,Male,BRACUniversity,Business-and-Entrepreneurship-Studies,Fourth-Year-or-Equivalent,3.00---3.39,Yes,1,1,1,1,1,1,1,7,Mild-Anxiety,2,2,2,2,2,2,2,2,2,2,20,Moderate-Stress,1,1,1,1,1,1,1,1,1,9,Mild-Depression
18-22,Male,IndependentUniversityBangladesh(IUB),Engineering---CS-/-CSE-/-CSC-/-Similar-to-CS,First-Year-or-Equivalent,2.50---2.99,No,0,1,1,1,1,1,1,6,Mild-Anxiety,1,1,1,2,1,2,3,3,1,1,16,Moderate-Stress,2,1,1,1,1,1,1,1,1,10,Moderate-Depression
18-22,Male,IndependentUniversityBangladesh(IUB),Engineering---CS-/-CSE-/-CSC-/-Similar-to-CS,First-Year-or-Equivalent,2.50---2.99,No,2,3,3,3,3,3,3,20,Severe-Anxiety,3,3,4,3,3,4,2,3,3,4,32,High-Perceived-Stress,2,3,3,3,3,3,3,3,3,26,Severe-Depression
18-22,Male,IndependentUniversityBangladesh(IUB),Engineering---CS-/-CSE-/-CSC-/-Similar-to-CS,First-Year-or-Equivalent,2.50---2.99,No,1,1,1,1,0,0,0,4,Minimal-Anxiety,2,2,0,2,1,2,1,2,1,2,15,Moderate-Stress,1,0,1,1,3,0,0,1,1,8,Mild-Depression
18-22,Male,IndependentUniversityBangladesh(IUB),Engineering---CS-/-CSE-/-CSC-/-Similar-to-CS,First-Year-or-Equivalent,3.40---3.79,No,1,1,1,1,1,1,1,7,Mild-Anxiety,2,2,2,2,2,2,2,2,2,2,20,Moderate-Stress,1,1,1,1,1,1,1,1,1,9,Mild-Depression
18-22,Female,IndependentUniversityBangladesh(IUB),Engineering---CS-/-CSE-/-CSC-/-Similar-to-CS,First-Year-or-Equivalent,Below-2.50,No,3,3,1,1,3,3,3,17,Severe-Anxiety,4,4,4,0,2,1,2,2,4,4,27,High-Perceived-Stress,1,3,1,1,0,3,2,1,1,13,Moderate-Depression
18-22,Male,IndependentUniversityBangladesh(IUB),Engineering---CS-/-CSE-/-CSC-/-Similar-to-CS,First-Year-or-Equivalent,3.40---3.79,Yes,1,2,1,1,1,1,0,7,Mild-Anxiety,2,2,2,0,1,2,1,1,2,1,14,Moderate-Stress,1,0,1,1,1,0,1,1,0,6,Mild-Depression
18-22,Male,IndependentUniversityBangladesh(IUB),Engineering---CS-/-CSE-/-CSC-/-Similar-to-CS,First-Year-or-Equivalent,Below-2.50,No,2,2,2,2,2,1,1,12,Moderate-Anxiety,2,2,2,2,2,1,1,2,2,2,18,Moderate-Stress,1,1,1,1,1,1,1,1,1,9,Mild-Depression
23-26,Male,Dhaka-University-of-Engineering-and-Technology-(DUET),Engineering---CS-/-CSE-/-CSC-/-Similar-to-CS,Fourth-Year-or-Equivalent,3.40---3.79,No,0,0,0,1,0,0,0,1,Minimal-Anxiety,0,0,2,0,2,2,3,4,0,1,14,Moderate-Stress,2,0,1,1,1,1,1,1,1,9,Mild-Depression
18-22,Female,IndependentUniversityBangladesh(IUB),Engineering---CS-/-CSE-/-CSC-/-Similar-to-CS,First-Year-or-Equivalent,3.40---3.79,No,0,0,0,0,0,0,0,0,Minimal-Anxiety,0,1,1,1,3,3,4,3,1,1,18,Moderate-Stress,3,0,0,1,0,0,1,0,0,5,Mild-Depression
18-22,Male,IndependentUniversityBangladesh(IUB),Engineering---CS-/-CSE-/-CSC-/-Similar-to-CS,Third-Year-or-Equivalent,3.00---3.39,No,0,1,3,1,1,3,1,10,Moderate-Anxiety,2,2,2,1,0,2,2,1,4,2,18,Moderate-Stress,3,1,0,1,1,0,1,0,0,7,Mild-Depression
23-26,Male,IndependentUniversityBangladesh(IUB),Engineering---CS-/-CSE-/-CSC-/-Similar-to-CS,Second-Year-or-Equivalent,2.50---2.99,No,2,1,2,1,2,0,3,11,Moderate-Anxiety,1,2,3,2,2,3,2,2,3,2,22,Moderate-Stress,1,2,1,3,1,1,1,0,0,10,Moderate-Depression
18-22,Male,IndependentUniversityBangladesh(IUB),Engineering---CS-/-CSE-/-CSC-/-Similar-to-CS,First-Year-or-Equivalent,3.40---3.79,Yes,3,3,3,3,3,3,3,21,Severe-Anxiety,4,4,4,4,0,0,0,2,4,4,26,Moderate-Stress,3,3,3,3,3,3,3,3,3,27,Severe-Depression
18-22,Female,IndependentUniversityBangladesh(IUB),Engineering---CS-/-CSE-/-CSC-/-Similar-to-CS,First-Year-or-Equivalent,Below-2.50,No,1,0,1,0,0,0,0,2,Minimal-Anxiety,1,1,1,1,3,3,3,3,1,1,18,Moderate-Stress,1,1,1,1,1,1,0,1,0,7,Mild-Depression
23-26,Female,IslamicUniversityofTechnology(IUT),Other,Other,3.00---3.39,No,2,2,3,2,3,2,3,17,Severe-Anxiety,3,3,4,3,2,4,2,4,4,4,33,High-Perceived-Stress,2,2,3,3,3,2,3,1,0,19,Moderately-Severe-Depression
23-26,Male,IslamicUniversityofTechnology(IUT),Business-and-Entrepreneurship-Studies,Other,2.50---2.99,No,1,1,1,2,1,1,1,8,Mild-Anxiety,2,3,2,3,3,3,3,4,3,4,30,High-Perceived-Stress,1,1,1,1,0,0,1,1,0,6,Mild-Depression
23-26,Male,IslamicUniversityofTechnology(IUT),Business-and-Entrepreneurship-Studies,Other,3.00---3.39,Yes,2,1,2,2,2,2,2,13,Moderate-Anxiety,2,2,3,2,2,2,2,2,4,2,23,Moderate-Stress,1,1,2,2,1,2,2,2,2,15,Moderately-Severe-Depression
18-22,Female,IndependentUniversityBangladesh(IUB),Engineering---CS-/-CSE-/-CSC-/-Similar-to-CS,First-Year-or-Equivalent,Below-2.50,No,2,0,1,3,1,3,2,12,Moderate-Anxiety,4,3,4,4,1,2,2,3,2,4,29,High-Perceived-Stress,1,3,1,2,0,3,0,2,3,15,Moderately-Severe-Depression
23-26,Male,BRACUniversity,Engineering---CS-/-CSE-/-CSC-/-Similar-to-CS,Other,3.40---3.79,No,1,1,1,1,1,1,1,7,Mild-Anxiety,0,0,4,2,1,4,4,4,0,4,23,Moderate-Stress,0,0,0,0,0,0,0,0,0,0,No-Depression
18-22,Male,IndependentUniversityBangladesh(IUB),Engineering---CS-/-CSE-/-CSC-/-Similar-to-CS,First-Year-or-Equivalent,3.40---3.79,Yes,3,3,3,3,3,3,3,21,Severe-Anxiety,4,4,4,4,4,3,3,2,4,4,36,High-Perceived-Stress,1,3,3,3,3,3,2,3,3,24,Severe-Depression
23-26,Female,IslamicUniversityofTechnology(IUT),Engineering---CS-/-CSE-/-CSC-/-Similar-to-CS,Other,3.40---3.79,No,1,2,1,0,1,1,0,6,Mild-Anxiety,3,2,3,2,2,4,3,3,2,2,26,Moderate-Stress,3,3,2,3,1,3,1,0,0,16,Moderately-Severe-Depression
18-22,Male,IndependentUniversityBangladesh(IUB),Engineering---CS-/-CSE-/-CSC-/-Similar-to-CS,First-Year-or-Equivalent,3.80---4.00,Yes,2,1,1,2,1,2,2,11,Moderate-Anxiety,4,4,4,3,0,1,2,1,3,3,25,Moderate-Stress,2,2,2,1,1,3,2,2,0,15,Moderately-Severe-Depression
18-22,Male,IndependentUniversityBangladesh(IUB),Engineering---CS-/-CSE-/-CSC-/-Similar-to-CS,First-Year-or-Equivalent,Below-2.50,No,0,0,0,0,0,0,0,0,Minimal-Anxiety,2,2,2,2,2,2,2,2,2,2,20,Moderate-Stress,0,0,0,0,0,0,0,0,0,0,No-Depression
18-22,Female,IndependentUniversityBangladesh(IUB),Other,First-Year-or-Equivalent,2.50---2.99,No,3,2,2,2,2,2,3,16,Severe-Anxiety,2,2,2,2,3,4,2,3,2,0,22,Moderate-Stress,2,3,3,1,2,2,0,2,1,16,Moderately-Severe-Depression
18-22,Male,IndependentUniversityBangladesh(IUB),Engineering---CS-/-CSE-/-CSC-/-Similar-to-CS,First-Year-or-Equivalent,3.40---3.79,Yes,2,1,3,3,1,2,3,15,Severe-Anxiety,2,3,3,2,1,2,1,0,3,3,20,Moderate-Stress,2,3,2,3,1,3,1,1,1,17,Moderately-Severe-Depression
23-26,Male,IslamicUniversityofTechnology(IUT),Other,Other,3.00---3.39,Yes,2,1,3,2,1,2,1,12,Moderate-Anxiety,1,2,2,3,2,3,3,2,3,3,24,Moderate-Stress,1,1,1,2,2,1,1,1,0,10,Moderate-Depression
23-26,Male,Dhaka-University-of-Engineering-and-Technology-(DUET),Engineering---CS-/-CSE-/-CSC-/-Similar-to-CS,Fourth-Year-or-Equivalent,3.00---3.39,No,1,1,1,1,1,1,1,7,Mild-Anxiety,0,2,2,2,2,2,2,3,1,1,17,Moderate-Stress,1,1,1,1,1,1,1,1,0,8,Mild-Depression
18-22,Male,IndependentUniversityBangladesh(IUB),Engineering---CS-/-CSE-/-CSC-/-Similar-to-CS,First-Year-or-Equivalent,3.40---3.79,Yes,1,1,1,1,1,1,1,7,Mild-Anxiety,2,2,2,2,2,2,2,2,2,2,20,Moderate-Stress,1,1,1,1,1,1,1,1,1,9,Mild-Depression
18-22,Female,PatuakhaliScienceandTechnologyUniversity,Engineering---CS-/-CSE-/-CSC-/-Similar-to-CS,First-Year-or-Equivalent,3.40---3.79,No,1,1,1,0,1,1,0,5,Mild-Anxiety,2,1,1,1,2,2,2,4,1,1,17,Moderate-Stress,2,1,1,1,1,2,1,2,2,13,Moderate-Depression
18-22,Male,IndependentUniversityBangladesh(IUB),Engineering---CS-/-CSE-/-CSC-/-Similar-to-CS,First-Year-or-Equivalent,2.50---2.99,No,2,1,1,1,1,1,1,8,Mild-Anxiety,1,1,2,0,1,1,4,2,3,2,17,Moderate-Stress,2,1,1,2,1,1,2,0,0,10,Moderate-Depression
23-26,Male,IslamicUniversityofTechnology(IUT),Business-and-Entrepreneurship-Studies,Other,3.00---3.39,No,0,1,1,1,1,0,1,5,Mild-Anxiety,1,2,4,2,0,1,2,1,2,2,17,Moderate-Stress,0,0,0,0,0,0,0,0,0,0,No-Depression
18-22,Male,IndependentUniversityBangladesh(IUB),Engineering---CS-/-CSE-/-CSC-/-Similar-to-CS,Second-Year-or-Equivalent,Other,Yes,2,2,3,0,2,2,2,13,Moderate-Anxiety,3,3,2,3,2,2,2,2,2,2,23,Moderate-Stress,2,0,1,3,1,0,0,3,0,10,Moderate-Depression
18-22,Female,IndependentUniversityBangladesh(IUB),Engineering---CS-/-CSE-/-CSC-/-Similar-to-CS,First-Year-or-Equivalent,3.40---3.79,Yes,2,1,1,2,2,2,2,12,Moderate-Anxiety,2,2,1,2,2,2,2,2,2,2,19,Moderate-Stress,1,2,1,2,2,1,2,1,2,14,Moderate-Depression
18-22,Female,IndependentUniversityBangladesh(IUB),Engineering---CS-/-CSE-/-CSC-/-Similar-to-CS,First-Year-or-Equivalent,2.50---2.99,No,1,1,1,1,1,1,1,7,Mild-Anxiety,2,3,4,0,2,3,2,2,1,2,21,Moderate-Stress,1,1,1,1,1,1,1,1,1,9,Mild-Depression
18-22,Male,IndependentUniversityBangladesh(IUB),Engineering---CS-/-CSE-/-CSC-/-Similar-to-CS,First-Year-or-Equivalent,3.40---3.79,No,1,1,0,1,0,1,1,5,Mild-Anxiety,2,1,1,1,1,1,1,1,2,2,13,Low-Stress,2,1,0,1,1,1,2,3,1,12,Moderate-Depression
23-26,Female,IslamicUniversityofTechnology(IUT),Engineering---CS-/-CSE-/-CSC-/-Similar-to-CS,Other,3.00---3.39,No,3,2,1,2,1,2,1,12,Moderate-Anxiety,3,1,4,2,0,2,1,2,1,2,18,Moderate-Stress,2,2,1,1,1,1,1,0,0,9,Mild-Depression
18-22,Female,AmericanInternationalUniversityBangladesh(AIUB),Engineering---CS-/-CSE-/-CSC-/-Similar-to-CS,Third-Year-or-Equivalent,3.40---3.79,No,1,1,1,2,2,2,3,12,Moderate-Anxiety,2,1,2,1,1,1,1,2,2,2,15,Moderate-Stress,2,2,3,3,3,3,3,3,0,22,Severe-Depression
18-22,Male,IndependentUniversityBangladesh(IUB),Engineering---CS-/-CSE-/-CSC-/-Similar-to-CS,Second-Year-or-Equivalent,2.50---2.99,No,2,2,1,1,2,2,1,11,Moderate-Anxiety,2,2,3,2,2,2,2,2,4,2,23,Moderate-Stress,0,1,1,2,0,2,3,0,0,9,Mild-Depression
18-22,Male,IndependentUniversityBangladesh(IUB),Engineering---CS-/-CSE-/-CSC-/-Similar-to-CS,First-Year-or-Equivalent,2.50---2.99,No,2,3,3,3,3,3,3,20,Severe-Anxiety,1,1,2,2,2,3,2,2,0,2,17,Moderate-Stress,3,3,3,3,3,3,3,3,3,27,Severe-Depression
18-22,Male,IndependentUniversityBangladesh(IUB),Engineering---CS-/-CSE-/-CSC-/-Similar-to-CS,First-Year-or-Equivalent,3.40---3.79,No,2,2,2,3,3,2,3,17,Severe-Anxiety,2,3,3,3,4,3,4,4,3,3,32,High-Perceived-Stress,3,3,3,2,3,3,2,1,2,22,Severe-Depression
18-22,Male,IndependentUniversityBangladesh(IUB),Engineering---CS-/-CSE-/-CSC-/-Similar-to-CS,Second-Year-or-Equivalent,2.50---2.99,No,2,2,2,2,2,2,2,14,Moderate-Anxiety,2,2,3,3,2,2,2,2,4,4,26,Moderate-Stress,0,2,2,2,1,3,3,3,1,17,Moderately-Severe-Depression
23-26,Male,Dhaka-University-of-Engineering-and-Technology-(DUET),Engineering---CS-/-CSE-/-CSC-/-Similar-to-CS,Other,3.00---3.39,Yes,2,1,1,3,3,3,1,14,Moderate-Anxiety,2,2,2,2,2,2,3,1,3,3,22,Moderate-Stress,1,1,1,1,1,1,1,1,1,9,Mild-Depression
18-22,Male,IndependentUniversityBangladesh(IUB),Engineering---CS-/-CSE-/-CSC-/-Similar-to-CS,First-Year-or-Equivalent,3.40---3.79,Yes,1,1,1,1,1,1,1,7,Mild-Anxiety,2,2,2,2,2,2,2,2,2,2,20,Moderate-Stress,1,1,1,1,1,1,1,1,1,9,Mild-Depression
18-22,Male,IndependentUniversityBangladesh(IUB),Engineering---CS-/-CSE-/-CSC-/-Similar-to-CS,First-Year-or-Equivalent,Other,No,2,3,0,1,0,0,1,7,Mild-Anxiety,2,2,2,2,3,3,3,3,2,2,24,Moderate-Stress,0,1,0,1,0,3,0,0,0,5,Mild-Depression
18-22,Male,IndependentUniversityBangladesh(IUB),Engineering---CS-/-CSE-/-CSC-/-Similar-to-CS,First-Year-or-Equivalent,2.50---2.99,No,2,1,1,1,2,1,2,10,Moderate-Anxiety,4,2,2,2,2,2,2,2,3,3,24,Moderate-Stress,2,1,1,1,2,1,1,2,1,12,Moderate-Depression
18-22,Male,IndependentUniversityBangladesh(IUB),Engineering---CS-/-CSE-/-CSC-/-Similar-to-CS,First-Year-or-Equivalent,3.00---3.39,No,1,0,2,1,1,3,1,9,Mild-Anxiety,2,2,3,4,1,3,3,2,4,3,27,High-Perceived-Stress,0,1,0,3,1,0,1,0,0,6,Mild-Depression
18-22,Female,IndependentUniversityBangladesh(IUB),Engineering---CS-/-CSE-/-CSC-/-Similar-to-CS,Second-Year-or-Equivalent,3.80---4.00,Yes,3,2,3,1,2,2,2,15,Severe-Anxiety,4,2,2,2,0,0,2,1,0,2,15,Moderate-Stress,1,2,3,3,3,3,3,3,3,24,Severe-Depression
18-22,Male,IndependentUniversityBangladesh(IUB),Engineering---CS-/-CSE-/-CSC-/-Similar-to-CS,First-Year-or-Equivalent,3.00---3.39,No,1,2,2,2,2,2,2,13,Moderate-Anxiety,2,2,2,2,2,2,2,2,2,2,20,Moderate-Stress,2,2,2,2,2,2,2,2,2,18,Moderately-Severe-Depression
18-22,Female,IndependentUniversityBangladesh(IUB),Engineering---CS-/-CSE-/-CSC-/-Similar-to-CS,First-Year-or-Equivalent,2.50---2.99,No,0,1,2,1,1,0,0,5,Mild-Anxiety,1,1,2,0,1,1,1,1,1,1,10,Low-Stress,3,0,0,0,0,0,0,0,0,3,Minimal-Depression
18-22,Male,IndependentUniversityBangladesh(IUB),Engineering---CS-/-CSE-/-CSC-/-Similar-to-CS,First-Year-or-Equivalent,Other,No,3,3,3,3,3,3,3,21,Severe-Anxiety,3,2,2,4,2,3,3,2,4,2,27,High-Perceived-Stress,3,1,3,3,3,3,3,3,3,25,Severe-Depression
18-22,Female,AmericanInternationalUniversityBangladesh(AIUB),Engineering---CS-/-CSE-/-CSC-/-Similar-to-CS,First-Year-or-Equivalent,3.40---3.79,Yes,2,2,1,2,2,2,2,13,Moderate-Anxiety,2,2,2,2,2,3,2,2,2,2,21,Moderate-Stress,1,2,2,2,2,2,1,2,2,16,Moderately-Severe-Depression
23-26,Female,Dhaka-University-of-Engineering-and-Technology-(DUET),Engineering---CS-/-CSE-/-CSC-/-Similar-to-CS,Fourth-Year-or-Equivalent,3.00---3.39,No,0,1,1,1,1,1,1,6,Mild-Anxiety,0,0,2,0,0,0,0,2,3,0,7,Low-Stress,3,1,1,1,1,1,1,1,1,11,Moderate-Depression
23-26,Male,Dhaka-University-of-Engineering-and-Technology-(DUET),Engineering---CS-/-CSE-/-CSC-/-Similar-to-CS,Fourth-Year-or-Equivalent,3.00---3.39,No,0,1,2,1,1,2,1,8,Mild-Anxiety,0,0,1,2,2,2,2,2,2,2,15,Moderate-Stress,3,1,0,2,2,1,1,1,0,11,Moderate-Depression
23-26,Male,Dhaka-University-of-Engineering-and-Technology-(DUET),Engineering---CS-/-CSE-/-CSC-/-Similar-to-CS,Fourth-Year-or-Equivalent,3.00---3.39,No,1,1,1,3,1,1,1,9,Mild-Anxiety,2,0,2,1,3,2,3,2,2,1,18,Moderate-Stress,1,2,2,1,2,1,1,2,1,13,Moderate-Depression
23-26,Male,IndependentUniversityBangladesh(IUB),Engineering---CS-/-CSE-/-CSC-/-Similar-to-CS,Fourth-Year-or-Equivalent,Below-2.50,No,3,3,3,1,2,2,3,17,Severe-Anxiety,3,4,4,4,1,2,2,2,4,4,30,High-Perceived-Stress,2,3,3,3,3,3,3,3,3,26,Severe-Depression
23-26,Male,IndependentUniversityBangladesh(IUB),Engineering---CS-/-CSE-/-CSC-/-Similar-to-CS,First-Year-or-Equivalent,3.40---3.79,Yes,1,2,0,1,1,2,1,8,Mild-Anxiety,3,2,2,0,1,4,0,3,1,2,18,Moderate-Stress,2,1,0,2,2,3,0,2,1,13,Moderate-Depression
23-26,Male,AmericanInternationalUniversityBangladesh(AIUB),Engineering---CS-/-CSE-/-CSC-/-Similar-to-CS,Third-Year-or-Equivalent,3.40---3.79,No,1,1,1,1,1,1,1,7,Mild-Anxiety,2,2,2,2,2,2,2,2,2,2,20,Moderate-Stress,0,0,2,2,2,2,2,2,2,14,Moderate-Depression
18-22,Male,AmericanInternationalUniversityBangladesh(AIUB),Engineering---CS-/-CSE-/-CSC-/-Similar-to-CS,Third-Year-or-Equivalent,3.40---3.79,No,1,1,0,1,1,0,0,4,Minimal-Anxiety,1,1,0,1,2,2,2,4,0,1,14,Moderate-Stress,3,1,1,3,0,0,1,1,0,10,Moderate-Depression
18-22,Male,AmericanInternationalUniversityBangladesh(AIUB),Engineering---CS-/-CSE-/-CSC-/-Similar-to-CS,Fourth-Year-or-Equivalent,3.00---3.39,No,1,0,1,2,1,2,1,8,Mild-Anxiety,2,3,3,2,3,2,1,3,3,2,24,Moderate-Stress,1,1,1,2,1,2,1,2,1,12,Moderate-Depression
18-22,Female,AmericanInternationalUniversityBangladesh(AIUB),Engineering---CS-/-CSE-/-CSC-/-Similar-to-CS,Third-Year-or-Equivalent,3.40---3.79,No,3,2,3,3,3,2,3,19,Severe-Anxiety,3,4,4,4,4,2,3,4,4,4,36,High-Perceived-Stress,1,3,3,3,3,3,1,3,3,23,Severe-Depression
23-26,Female,AmericanInternationalUniversityBangladesh(AIUB),Engineering---CS-/-CSE-/-CSC-/-Similar-to-CS,Fourth-Year-or-Equivalent,3.80---4.00,No,2,3,2,2,3,2,1,15,Severe-Anxiety,3,2,4,2,1,1,2,1,2,2,20,Moderate-Stress,1,2,2,2,1,1,2,2,0,13,Moderate-Depression
18-22,Male,AmericanInternationalUniversityBangladesh(AIUB),Engineering---CS-/-CSE-/-CSC-/-Similar-to-CS,Third-Year-or-Equivalent,3.40---3.79,No,2,2,1,2,2,2,2,13,Moderate-Anxiety,1,0,2,3,0,3,3,0,2,2,16,Moderate-Stress,2,2,2,2,2,2,2,2,2,18,Moderately-Severe-Depression
18-22,Male,AmericanInternationalUniversityBangladesh(AIUB),Engineering---CS-/-CSE-/-CSC-/-Similar-to-CS,Fourth-Year-or-Equivalent,3.40---3.79,No,1,2,2,2,2,2,2,13,Moderate-Anxiety,3,2,3,1,1,2,1,1,2,1,17,Moderate-Stress,1,1,2,3,3,2,0,2,1,15,Moderately-Severe-Depression
18-22,Male,AmericanInternationalUniversityBangladesh(AIUB),Engineering---CS-/-CSE-/-CSC-/-Similar-to-CS,Third-Year-or-Equivalent,3.00---3.39,No,1,1,1,1,1,1,1,7,Mild-Anxiety,2,2,2,2,2,2,2,2,2,2,20,Moderate-Stress,1,1,1,1,1,1,1,1,1,9,Mild-Depression
23-26,Male,AmericanInternationalUniversityBangladesh(AIUB),Engineering---CS-/-CSE-/-CSC-/-Similar-to-CS,Fourth-Year-or-Equivalent,3.00---3.39,No,1,1,0,2,2,2,2,10,Moderate-Anxiety,1,1,2,1,3,4,3,3,1,1,20,Moderate-Stress,2,2,2,2,2,1,2,2,2,17,Moderately-Severe-Depression
23-26,Female,AmericanInternationalUniversityBangladesh(AIUB),Engineering---CS-/-CSE-/-CSC-/-Similar-to-CS,Third-Year-or-Equivalent,3.40---3.79,No,2,3,1,3,2,1,1,13,Moderate-Anxiety,2,2,3,3,1,1,2,2,2,3,21,Moderate-Stress,1,2,1,3,1,1,2,0,0,11,Moderate-Depression
18-22,Male,AmericanInternationalUniversityBangladesh(AIUB),Engineering---CS-/-CSE-/-CSC-/-Similar-to-CS,Third-Year-or-Equivalent,3.00---3.39,No,2,1,3,3,2,1,1,13,Moderate-Anxiety,4,3,4,3,2,1,2,3,4,3,29,High-Perceived-Stress,1,2,0,2,1,2,1,1,0,10,Moderate-Depression
18-22,Male,Dhaka-University-of-Engineering-and-Technology-(DUET),Engineering---CS-/-CSE-/-CSC-/-Similar-to-CS,Second-Year-or-Equivalent,3.00---3.39,No,0,1,0,0,1,1,0,3,Minimal-Anxiety,2,3,1,1,3,3,3,1,3,2,22,Moderate-Stress,1,1,1,1,1,0,0,2,1,8,Mild-Depression
18-22,Male,Dhaka-University-of-Engineering-and-Technology-(DUET),Engineering---CS-/-CSE-/-CSC-/-Similar-to-CS,Second-Year-or-Equivalent,Below-2.50,No,1,1,2,2,2,2,2,12,Moderate-Anxiety,0,2,2,2,2,2,2,2,2,1,17,Moderate-Stress,2,1,1,2,2,2,2,2,2,16,Moderately-Severe-Depression
18-22,Male,AmericanInternationalUniversityBangladesh(AIUB),Engineering---CS-/-CSE-/-CSC-/-Similar-to-CS,Third-Year-or-Equivalent,3.00---3.39,No,2,2,3,1,2,3,2,15,Severe-Anxiety,4,3,3,3,2,1,2,2,4,4,28,High-Perceived-Stress,1,1,2,3,1,2,2,1,1,14,Moderate-Depression
18-22,Male,Dhaka-University-of-Engineering-and-Technology-(DUET),Engineering---CS-/-CSE-/-CSC-/-Similar-to-CS,Second-Year-or-Equivalent,3.40---3.79,No,1,2,1,0,1,1,1,7,Mild-Anxiety,0,1,2,1,3,1,1,0,4,0,13,Low-Stress,2,1,2,2,1,0,1,1,2,12,Moderate-Depression
18-22,Male,Dhaka-University-of-Engineering-and-Technology-(DUET),Engineering---CS-/-CSE-/-CSC-/-Similar-to-CS,Second-Year-or-Equivalent,3.40---3.79,Yes,2,1,2,1,3,3,1,13,Moderate-Anxiety,2,2,3,3,2,2,2,3,3,3,25,Moderate-Stress,1,2,1,0,1,2,2,1,0,10,Moderate-Depression
18-22,Male,Dhaka-University-of-Engineering-and-Technology-(DUET),Engineering---CS-/-CSE-/-CSC-/-Similar-to-CS,Second-Year-or-Equivalent,3.00---3.39,No,2,2,2,2,2,2,2,14,Moderate-Anxiety,2,2,2,2,2,2,2,2,2,2,20,Moderate-Stress,2,2,2,2,2,2,2,2,2,18,Moderately-Severe-Depression
23-26,Male,IndependentUniversityBangladesh(IUB),Business-and-Entrepreneurship-Studies,Second-Year-or-Equivalent,3.40---3.79,Yes,1,1,2,2,2,2,2,12,Moderate-Anxiety,0,2,2,2,2,2,2,2,2,2,18,Moderate-Stress,2,2,2,2,2,2,2,2,2,18,Moderately-Severe-Depression
23-26,Female,IndependentUniversityBangladesh(IUB),Environmental-and-Life-Sciences,Fourth-Year-or-Equivalent,2.50---2.99,No,0,1,1,1,1,1,1,6,Mild-Anxiety,2,2,2,2,2,2,2,2,2,2,20,Moderate-Stress,1,1,1,1,1,1,1,1,1,9,Mild-Depression
18-22,Female,IndependentUniversityBangladesh(IUB),Business-and-Entrepreneurship-Studies,Second-Year-or-Equivalent,3.40---3.79,No,2,2,2,2,2,2,2,14,Moderate-Anxiety,3,3,4,4,2,2,2,1,2,2,25,Moderate-Stress,2,2,2,3,3,3,3,3,2,23,Severe-Depression
18-22,Female,IndependentUniversityBangladesh(IUB),Engineering---CS-/-CSE-/-CSC-/-Similar-to-CS,First-Year-or-Equivalent,2.50---2.99,No,1,1,2,1,1,2,1,9,Mild-Anxiety,3,2,3,2,2,2,2,2,2,2,22,Moderate-Stress,1,2,0,3,1,1,1,1,1,11,Moderate-Depression
23-26,Male,IndependentUniversityBangladesh(IUB),Environmental-and-Life-Sciences,Third-Year-or-Equivalent,2.50---2.99,No,1,2,1,1,2,1,2,10,Moderate-Anxiety,2,2,1,1,2,3,2,2,2,2,19,Moderate-Stress,1,2,1,0,0,1,0,0,1,6,Mild-Depression
18-22,Female,IndependentUniversityBangladesh(IUB),Business-and-Entrepreneurship-Studies,Second-Year-or-Equivalent,3.40---3.79,Yes,0,1,1,1,1,1,1,6,Mild-Anxiety,3,2,1,1,1,2,3,3,2,2,20,Moderate-Stress,2,1,1,1,1,1,1,1,1,10,Moderate-Depression
18-22,Male,IndependentUniversityBangladesh(IUB),Business-and-Entrepreneurship-Studies,Second-Year-or-Equivalent,2.50---2.99,No,2,1,1,2,2,2,2,12,Moderate-Anxiety,3,3,4,4,1,2,2,2,3,3,27,High-Perceived-Stress,2,2,2,2,2,2,2,2,2,18,Moderately-Severe-Depression
23-26,Male,IndependentUniversityBangladesh(IUB),Business-and-Entrepreneurship-Studies,First-Year-or-Equivalent,3.00---3.39,No,2,2,2,1,2,2,1,12,Moderate-Anxiety,3,3,3,2,1,3,1,2,2,3,23,Moderate-Stress,1,2,2,3,2,3,2,2,2,19,Moderately-Severe-Depression
23-26,Male,IndependentUniversityBangladesh(IUB),Business-and-Entrepreneurship-Studies,First-Year-or-Equivalent,2.50---2.99,No,3,3,0,3,3,3,3,18,Severe-Anxiety,4,4,4,4,4,4,3,2,4,4,37,High-Perceived-Stress,0,3,3,3,3,3,3,3,3,24,Severe-Depression
18-22,Male,IndependentUniversityBangladesh(IUB),Business-and-Entrepreneurship-Studies,Second-Year-or-Equivalent,3.00---3.39,No,1,1,1,1,1,1,1,7,Mild-Anxiety,0,2,3,3,0,1,2,3,2,2,18,Moderate-Stress,1,1,3,3,3,1,1,1,1,15,Moderately-Severe-Depression
23-26,Male,IndependentUniversityBangladesh(IUB),Business-and-Entrepreneurship-Studies,Second-Year-or-Equivalent,2.50---2.99,No,3,0,0,1,3,3,3,13,Moderate-Anxiety,2,2,4,2,0,1,3,4,0,2,20,Moderate-Stress,1,3,0,1,0,3,2,3,0,13,Moderate-Depression
18-22,Female,IndependentUniversityBangladesh(IUB),Business-and-Entrepreneurship-Studies,Third-Year-or-Equivalent,Below-2.50,Yes,1,1,1,2,1,2,1,9,Mild-Anxiety,2,2,1,1,2,1,3,2,4,1,19,Moderate-Stress,2,1,1,2,1,1,1,1,2,12,Moderate-Depression
23-26,Male,IndependentUniversityBangladesh(IUB),Other,First-Year-or-Equivalent,3.00---3.39,No,2,2,3,3,3,2,2,17,Severe-Anxiety,2,1,2,1,3,2,2,3,2,2,20,Moderate-Stress,1,1,3,3,3,3,3,0,1,18,Moderately-Severe-Depression
18-22,Female,IndependentUniversityBangladesh(IUB),Business-and-Entrepreneurship-Studies,First-Year-or-Equivalent,3.40---3.79,No,1,1,1,1,2,2,3,11,Moderate-Anxiety,4,4,4,4,2,4,4,3,2,2,33,High-Perceived-Stress,0,3,3,3,3,3,2,2,3,22,Severe-Depression
18-22,Male,IndependentUniversityBangladesh(IUB),Engineering---CS-/-CSE-/-CSC-/-Similar-to-CS,Second-Year-or-Equivalent,Below-2.50,Yes,2,1,1,2,2,2,2,12,Moderate-Anxiety,3,3,3,3,2,3,3,3,3,3,29,High-Perceived-Stress,1,2,1,3,1,2,2,2,0,14,Moderate-Depression
18-22,Male,IndependentUniversityBangladesh(IUB),Business-and-Entrepreneurship-Studies,First-Year-or-Equivalent,2.50---2.99,No,1,1,1,1,1,1,1,7,Mild-Anxiety,2,2,2,2,1,3,2,1,2,2,19,Moderate-Stress,3,1,1,1,1,1,1,0,0,9,Mild-Depression
18-22,Male,IndependentUniversityBangladesh(IUB),Engineering---EEE/-ECE-/-Similar-to-EEE,First-Year-or-Equivalent,3.00---3.39,No,0,0,1,0,0,1,2,4,Minimal-Anxiety,0,0,0,0,2,0,4,2,0,0,8,Low-Stress,0,0,0,2,0,0,1,0,0,3,Minimal-Depression
18-22,Male,AmericanInternationalUniversityBangladesh(AIUB),Engineering---CS-/-CSE-/-CSC-/-Similar-to-CS,Third-Year-or-Equivalent,3.00---3.39,No,3,3,3,3,3,3,3,21,Severe-Anxiety,4,4,4,4,0,0,2,2,2,2,24,Moderate-Stress,3,3,3,3,1,3,3,3,3,25,Severe-Depression
18-22,Female,IndependentUniversityBangladesh(IUB),Business-and-Entrepreneurship-Studies,Third-Year-or-Equivalent,Below-2.50,No,2,1,2,1,2,2,1,11,Moderate-Anxiety,3,2,3,2,2,2,2,2,2,2,22,Moderate-Stress,1,2,2,2,1,2,2,1,0,13,Moderate-Depression
18-22,Male,IndependentUniversityBangladesh(IUB),Business-and-Entrepreneurship-Studies,Third-Year-or-Equivalent,3.00---3.39,No,1,2,2,0,1,2,1,9,Mild-Anxiety,2,2,2,2,2,3,2,2,2,1,20,Moderate-Stress,0,1,2,2,0,1,1,2,2,11,Moderate-Depression
18-22,Male,IndependentUniversityBangladesh(IUB),Business-and-Entrepreneurship-Studies,Second-Year-or-Equivalent,2.50---2.99,No,1,2,2,2,1,0,1,9,Mild-Anxiety,2,2,3,3,2,2,2,3,2,1,22,Moderate-Stress,2,2,1,2,0,0,1,0,0,8,Mild-Depression
23-26,Male,IndependentUniversityBangladesh(IUB),Business-and-Entrepreneurship-Studies,Second-Year-or-Equivalent,2.50---2.99,No,2,3,2,2,2,3,2,16,Severe-Anxiety,2,2,2,2,2,2,2,4,1,1,20,Moderate-Stress,2,3,3,3,3,3,3,3,2,25,Severe-Depression
23-26,Male,IndependentUniversityBangladesh(IUB),Business-and-Entrepreneurship-Studies,Second-Year-or-Equivalent,3.00---3.39,Yes,2,1,3,1,3,2,2,14,Moderate-Anxiety,2,2,2,1,3,2,3,2,0,1,18,Moderate-Stress,2,1,3,3,1,2,2,2,0,16,Moderately-Severe-Depression
23-26,Male,IndependentUniversityBangladesh(IUB),Business-and-Entrepreneurship-Studies,Third-Year-or-Equivalent,3.00---3.39,No,2,2,2,2,1,1,2,12,Moderate-Anxiety,1,2,2,2,2,1,2,2,2,2,18,Moderate-Stress,2,2,2,2,2,2,1,3,3,19,Moderately-Severe-Depression
23-26,Female,IndependentUniversityBangladesh(IUB),Biological-Sciences,First-Year-or-Equivalent,Other,No,2,0,2,1,1,1,0,7,Mild-Anxiety,2,2,2,2,1,2,3,2,1,1,18,Moderate-Stress,2,0,3,3,0,0,0,2,0,10,Moderate-Depression
23-26,Male,IndependentUniversityBangladesh(IUB),Business-and-Entrepreneurship-Studies,Second-Year-or-Equivalent,2.50---2.99,Yes,3,3,3,3,3,3,2,20,Severe-Anxiety,4,4,4,4,3,3,4,4,2,4,36,High-Perceived-Stress,0,3,3,3,3,3,3,3,3,24,Severe-Depression
18-22,Male,IndependentUniversityBangladesh(IUB),Engineering---CS-/-CSE-/-CSC-/-Similar-to-CS,Third-Year-or-Equivalent,2.50---2.99,No,2,2,1,2,2,2,2,13,Moderate-Anxiety,3,3,3,3,2,2,2,2,3,3,26,Moderate-Stress,1,1,1,3,2,2,2,2,2,16,Moderately-Severe-Depression
23-26,Male,IndependentUniversityBangladesh(IUB),Engineering---CS-/-CSE-/-CSC-/-Similar-to-CS,Other,2.50---2.99,No,2,2,2,3,1,2,3,15,Severe-Anxiety,2,3,4,3,2,3,3,3,3,4,30,High-Perceived-Stress,3,3,3,2,3,2,2,1,1,20,Severe-Depression
18-22,Male,Dhaka-University-of-Engineering-and-Technology-(DUET),Engineering---CS-/-CSE-/-CSC-/-Similar-to-CS,Second-Year-or-Equivalent,3.00---3.39,No,2,1,1,1,1,1,1,8,Mild-Anxiety,2,4,2,2,3,4,3,2,2,2,26,Moderate-Stress,1,2,3,3,3,3,2,2,1,20,Severe-Depression
18-22,Female,IndependentUniversityBangladesh(IUB),Environmental-and-Life-Sciences,First-Year-or-Equivalent,3.80---4.00,Yes,2,1,1,1,2,1,2,10,Moderate-Anxiety,4,3,3,4,2,3,1,1,3,4,28,High-Perceived-Stress,1,1,2,3,2,2,1,1,3,16,Moderately-Severe-Depression
23-26,Female,Dhaka-University-of-Engineering-and-Technology-(DUET),Engineering---CS-/-CSE-/-CSC-/-Similar-to-CS,Second-Year-or-Equivalent,3.00---3.39,No,1,2,2,1,3,3,2,14,Moderate-Anxiety,3,1,2,2,0,3,2,1,3,2,19,Moderate-Stress,2,1,3,3,2,1,2,2,1,17,Moderately-Severe-Depression
23-26,Female,IndependentUniversityBangladesh(IUB),Business-and-Entrepreneurship-Studies,Third-Year-or-Equivalent,3.00---3.39,Yes,2,1,1,2,2,2,3,13,Moderate-Anxiety,3,4,2,3,0,0,1,2,3,4,22,Moderate-Stress,1,1,2,3,1,3,3,1,1,16,Moderately-Severe-Depression
18-22,Male,IndependentUniversityBangladesh(IUB),Engineering---CS-/-CSE-/-CSC-/-Similar-to-CS,Second-Year-or-Equivalent,2.50---2.99,No,3,1,2,3,3,3,3,18,Severe-Anxiety,2,1,4,4,0,4,0,0,4,4,23,Moderate-Stress,3,3,3,1,1,2,3,1,3,20,Severe-Depression
18-22,Female,IndependentUniversityBangladesh(IUB),Business-and-Entrepreneurship-Studies,First-Year-or-Equivalent,Below-2.50,Yes,0,0,0,0,0,0,0,0,Minimal-Anxiety,1,1,1,1,3,3,3,3,1,1,18,Moderate-Stress,0,0,0,0,0,0,0,0,0,0,No-Depression
23-26,Male,IndependentUniversityBangladesh(IUB),Environmental-and-Life-Sciences,Fourth-Year-or-Equivalent,2.50---2.99,No,3,3,3,3,3,3,3,21,Severe-Anxiety,4,4,4,4,0,0,0,3,4,4,27,High-Perceived-Stress,1,3,3,3,3,3,3,3,1,23,Severe-Depression
23-26,Male,IndependentUniversityBangladesh(IUB),Business-and-Entrepreneurship-Studies,Third-Year-or-Equivalent,3.00---3.39,No,0,0,0,0,0,1,1,2,Minimal-Anxiety,0,1,2,4,4,1,2,2,2,2,20,Moderate-Stress,0,0,1,0,0,0,0,0,0,1,Minimal-Depression
18-22,Female,IndependentUniversityBangladesh(IUB),Engineering---Other,Second-Year-or-Equivalent,2.50---2.99,No,2,2,2,2,2,2,2,14,Moderate-Anxiety,1,1,2,2,2,2,2,3,2,2,19,Moderate-Stress,2,2,2,2,2,2,2,2,2,18,Moderately-Severe-Depression
18-22,Male,IndependentUniversityBangladesh(IUB),Engineering---CS-/-CSE-/-CSC-/-Similar-to-CS,First-Year-or-Equivalent,2.50---2.99,Yes,1,1,1,2,0,1,1,7,Mild-Anxiety,3,2,1,2,1,3,1,2,1,1,17,Moderate-Stress,3,2,1,2,1,1,1,1,1,13,Moderate-Depression
18-22,Male,IndependentUniversityBangladesh(IUB),Engineering---CS-/-CSE-/-CSC-/-Similar-to-CS,First-Year-or-Equivalent,3.40---3.79,Yes,3,2,3,2,2,2,3,17,Severe-Anxiety,2,1,3,3,2,2,1,1,4,3,22,Moderate-Stress,2,3,2,3,2,3,3,2,0,20,Severe-Depression
18-22,Male,IndependentUniversityBangladesh(IUB),Business-and-Entrepreneurship-Studies,Third-Year-or-Equivalent,2.50---2.99,No,3,3,3,3,3,3,3,21,Severe-Anxiety,3,3,3,3,2,1,1,1,3,3,23,Moderate-Stress,3,3,2,3,3,3,3,3,3,26,Severe-Depression
23-26,Male,IndependentUniversityBangladesh(IUB),Business-and-Entrepreneurship-Studies,Second-Year-or-Equivalent,3.00---3.39,No,2,2,2,1,2,2,2,13,Moderate-Anxiety,2,2,2,3,1,2,2,1,2,3,20,Moderate-Stress,2,2,3,3,2,3,2,1,2,20,Severe-Depression
18-22,Male,IndependentUniversityBangladesh(IUB),Business-and-Entrepreneurship-Studies,Second-Year-or-Equivalent,2.50---2.99,No,2,2,2,2,2,1,2,13,Moderate-Anxiety,2,2,3,4,0,2,2,4,3,2,24,Moderate-Stress,1,2,1,2,2,1,1,2,2,14,Moderate-Depression
18-22,Male,IndependentUniversityBangladesh(IUB),Engineering---CS-/-CSE-/-CSC-/-Similar-to-CS,Second-Year-or-Equivalent,3.00---3.39,No,1,0,1,1,1,0,1,5,Mild-Anxiety,2,2,2,2,2,2,1,3,2,2,20,Moderate-Stress,0,1,2,0,1,1,0,0,0,5,Mild-Depression
18-22,Male,IndependentUniversityBangladesh(IUB),Environmental-and-Life-Sciences,First-Year-or-Equivalent,Other,No,0,0,0,0,0,0,0,0,Minimal-Anxiety,2,2,2,2,2,2,3,3,2,2,22,Moderate-Stress,1,1,1,1,1,1,1,1,1,9,Mild-Depression
18-22,Male,IndependentUniversityBangladesh(IUB),Engineering---EEE/-ECE-/-Similar-to-EEE,First-Year-or-Equivalent,2.50---2.99,No,2,2,2,2,2,2,2,14,Moderate-Anxiety,2,2,2,2,2,2,2,2,2,2,20,Moderate-Stress,2,2,2,2,2,2,0,0,0,12,Moderate-Depression
23-26,Female,AmericanInternationalUniversityBangladesh(AIUB),Engineering---CS-/-CSE-/-CSC-/-Similar-to-CS,Third-Year-or-Equivalent,3.00---3.39,No,3,3,3,3,3,3,3,21,Severe-Anxiety,3,3,3,2,2,1,1,1,2,3,21,Moderate-Stress,3,3,3,3,3,3,3,3,3,27,Severe-Depression
18-22,Female,IndependentUniversityBangladesh(IUB),Engineering---CS-/-CSE-/-CSC-/-Similar-to-CS,First-Year-or-Equivalent,2.50---2.99,No,2,0,0,1,1,0,0,4,Minimal-Anxiety,2,2,4,2,2,2,2,4,0,0,20,Moderate-Stress,1,1,1,0,1,1,1,1,1,8,Mild-Depression
18-22,Male,AmericanInternationalUniversityBangladesh(AIUB),Engineering---CS-/-CSE-/-CSC-/-Similar-to-CS,First-Year-or-Equivalent,3.40---3.79,No,2,1,0,2,3,1,3,12,Moderate-Anxiety,2,1,2,2,3,3,4,4,0,2,23,Moderate-Stress,0,1,1,2,0,3,1,1,0,9,Mild-Depression
18-22,Male,AmericanInternationalUniversityBangladesh(AIUB),Engineering---CS-/-CSE-/-CSC-/-Similar-to-CS,Third-Year-or-Equivalent,3.00---3.39,No,3,3,3,3,3,3,3,21,Severe-Anxiety,4,4,4,3,2,2,2,2,2,1,26,Moderate-Stress,3,3,3,3,3,3,3,3,3,27,Severe-Depression
18-22,Female,AmericanInternationalUniversityBangladesh(AIUB),Engineering---CS-/-CSE-/-CSC-/-Similar-to-CS,Third-Year-or-Equivalent,3.00---3.39,No,3,3,3,3,2,1,3,18,Severe-Anxiety,4,2,4,4,2,3,3,2,4,3,31,High-Perceived-Stress,3,3,3,3,1,2,3,3,0,21,Severe-Depression
18-22,Male,AmericanInternationalUniversityBangladesh(AIUB),Engineering---CS-/-CSE-/-CSC-/-Similar-to-CS,Third-Year-or-Equivalent,3.00---3.39,No,3,2,1,3,3,1,1,14,Moderate-Anxiety,2,2,2,2,2,2,2,2,3,2,21,Moderate-Stress,1,2,1,1,2,3,1,1,1,13,Moderate-Depression
18-22,Male,AmericanInternationalUniversityBangladesh(AIUB),Engineering---CS-/-CSE-/-CSC-/-Similar-to-CS,Third-Year-or-Equivalent,3.80---4.00,Yes,0,0,0,0,0,2,0,2,Minimal-Anxiety,1,1,1,1,0,0,0,0,0,2,6,Low-Stress,2,0,0,1,0,0,0,0,0,3,Minimal-Depression
18-22,Female,AmericanInternationalUniversityBangladesh(AIUB),Engineering---CS-/-CSE-/-CSC-/-Similar-to-CS,Fourth-Year-or-Equivalent,3.00---3.39,No,1,1,1,1,1,1,1,7,Mild-Anxiety,2,2,2,2,2,2,2,2,2,2,20,Moderate-Stress,2,2,2,2,2,2,2,2,2,18,Moderately-Severe-Depression
18-22,Male,AmericanInternationalUniversityBangladesh(AIUB),Engineering---CS-/-CSE-/-CSC-/-Similar-to-CS,Second-Year-or-Equivalent,3.00---3.39,No,1,1,1,1,1,1,1,7,Mild-Anxiety,0,0,0,2,2,2,2,3,1,1,13,Low-Stress,1,1,1,1,1,1,1,1,1,9,Mild-Depression
23-26,Male,AmericanInternationalUniversityBangladesh(AIUB),Engineering---CS-/-CSE-/-CSC-/-Similar-to-CS,Third-Year-or-Equivalent,3.00---3.39,No,2,2,2,2,2,2,2,14,Moderate-Anxiety,2,2,2,2,2,2,2,2,2,2,20,Moderate-Stress,2,2,2,2,2,2,2,2,2,18,Moderately-Severe-Depression
23-26,Male,AmericanInternationalUniversityBangladesh(AIUB),Engineering---CS-/-CSE-/-CSC-/-Similar-to-CS,Fourth-Year-or-Equivalent,2.50---2.99,No,2,2,3,3,3,3,3,19,Severe-Anxiety,2,2,1,2,2,2,2,2,2,2,19,Moderate-Stress,3,3,3,3,3,3,3,3,3,27,Severe-Depression
18-22,Male,AmericanInternationalUniversityBangladesh(AIUB),Engineering---CS-/-CSE-/-CSC-/-Similar-to-CS,Second-Year-or-Equivalent,3.80---4.00,Yes,1,2,1,3,2,2,3,14,Moderate-Anxiety,3,0,1,0,0,0,2,0,3,1,10,Low-Stress,2,3,1,2,3,1,0,2,3,17,Moderately-Severe-Depression
23-26,Male,AmericanInternationalUniversityBangladesh(AIUB),Engineering---CS-/-CSE-/-CSC-/-Similar-to-CS,Third-Year-or-Equivalent,3.80---4.00,Yes,2,3,3,1,3,0,3,15,Severe-Anxiety,3,4,4,4,3,2,3,3,4,4,34,High-Perceived-Stress,0,2,2,1,0,3,1,0,0,9,Mild-Depression
18-22,Male,AmericanInternationalUniversityBangladesh(AIUB),Engineering---CS-/-CSE-/-CSC-/-Similar-to-CS,Third-Year-or-Equivalent,2.50---2.99,No,3,3,3,2,3,3,3,20,Severe-Anxiety,2,2,2,2,3,3,3,3,2,2,24,Moderate-Stress,2,3,3,3,1,3,3,3,3,24,Severe-Depression
18-22,Male,AmericanInternationalUniversityBangladesh(AIUB),Engineering---CS-/-CSE-/-CSC-/-Similar-to-CS,Third-Year-or-Equivalent,3.80---4.00,Yes,1,0,3,2,3,3,3,15,Severe-Anxiety,2,2,3,2,0,1,1,2,3,2,18,Moderate-Stress,1,3,0,3,0,3,2,3,2,17,Moderately-Severe-Depression
18-22,Male,IndependentUniversityBangladesh(IUB),Engineering---CS-/-CSE-/-CSC-/-Similar-to-CS,Second-Year-or-Equivalent,Other,No,2,1,1,0,0,0,0,4,Minimal-Anxiety,0,2,1,1,2,3,4,4,1,2,20,Moderate-Stress,1,0,2,0,1,2,3,2,1,12,Moderate-Depression
18-22,Female,IndependentUniversityBangladesh(IUB),Business-and-Entrepreneurship-Studies,Second-Year-or-Equivalent,3.40---3.79,No,2,1,3,3,3,3,3,18,Severe-Anxiety,4,4,4,4,2,1,2,2,3,3,29,High-Perceived-Stress,3,3,3,3,3,3,3,1,3,25,Severe-Depression
18-22,Male,DhakaUniversity(DU),Biological-Sciences,Third-Year-or-Equivalent,3.00---3.39,Yes,1,0,1,2,0,0,0,4,Minimal-Anxiety,1,2,1,1,0,3,4,4,0,0,16,Moderate-Stress,2,1,2,1,1,1,2,0,0,10,Moderate-Depression
18-22,Female,DhakaUniversity(DU),Other,Third-Year-or-Equivalent,3.00---3.39,No,2,2,2,2,2,2,2,14,Moderate-Anxiety,4,4,4,4,1,3,2,3,4,4,33,High-Perceived-Stress,1,3,2,3,3,3,3,2,3,23,Severe-Depression
23-26,Female,DhakaUniversity(DU),Other,Third-Year-or-Equivalent,3.40---3.79,No,3,3,3,3,3,3,3,21,Severe-Anxiety,4,4,4,4,4,4,2,4,4,4,38,High-Perceived-Stress,3,3,3,3,3,3,3,0,0,21,Severe-Depression
23-26,Male,DhakaUniversity(DU),Other,Third-Year-or-Equivalent,3.00---3.39,No,0,0,0,0,0,0,0,0,Minimal-Anxiety,0,0,0,0,4,4,4,4,0,0,16,Moderate-Stress,0,0,0,0,0,0,0,0,0,0,No-Depression
23-26,Male,DhakaUniversity(DU),Biological-Sciences,Third-Year-or-Equivalent,3.00---3.39,No,2,3,2,2,2,3,3,17,Severe-Anxiety,3,3,3,4,2,3,2,3,3,3,29,High-Perceived-Stress,2,2,2,3,1,2,2,1,0,15,Moderately-Severe-Depression
23-26,Female,DhakaUniversity(DU),Biological-Sciences,Third-Year-or-Equivalent,3.00---3.39,No,1,1,1,0,1,1,1,6,Mild-Anxiety,1,1,2,2,2,2,1,2,0,3,16,Moderate-Stress,1,1,1,1,2,2,3,1,0,12,Moderate-Depression
18-22,Male,DhakaUniversity(DU),Environmental-and-Life-Sciences,Third-Year-or-Equivalent,2.50---2.99,No,0,0,0,0,0,0,0,0,Minimal-Anxiety,1,1,1,1,3,3,3,3,1,1,18,Moderate-Stress,1,0,0,0,1,0,0,0,1,3,Minimal-Depression
23-26,Male,DhakaUniversity(DU),Environmental-and-Life-Sciences,Third-Year-or-Equivalent,2.50---2.99,No,0,1,1,1,1,0,0,4,Minimal-Anxiety,2,1,2,1,3,3,3,3,1,2,21,Moderate-Stress,0,1,2,2,2,2,0,0,1,10,Moderate-Depression
18-22,Female,AmericanInternationalUniversityBangladesh(AIUB),Engineering---CS-/-CSE-/-CSC-/-Similar-to-CS,Third-Year-or-Equivalent,3.80---4.00,No,0,0,1,0,0,1,0,2,Minimal-Anxiety,2,3,2,2,1,2,0,1,1,3,17,Moderate-Stress,0,2,2,2,1,0,0,1,0,8,Mild-Depression
18-22,Male,DhakaUniversity(DU),Other,Third-Year-or-Equivalent,3.00---3.39,No,2,1,1,2,3,2,2,13,Moderate-Anxiety,0,1,0,2,2,2,3,2,3,3,18,Moderate-Stress,2,1,2,1,1,1,2,2,0,12,Moderate-Depression
18-22,Male,AmericanInternationalUniversityBangladesh(AIUB),Engineering---CS-/-CSE-/-CSC-/-Similar-to-CS,Second-Year-or-Equivalent,3.40---3.79,Yes,1,0,2,1,1,1,1,7,Mild-Anxiety,2,2,2,2,0,0,4,4,2,1,19,Moderate-Stress,0,1,3,3,3,0,0,0,2,12,Moderate-Depression
23-26,Male,DhakaUniversity(DU),Biological-Sciences,Third-Year-or-Equivalent,3.00---3.39,No,2,2,0,0,3,0,0,7,Mild-Anxiety,0,2,0,1,1,3,1,2,2,3,15,Moderate-Stress,1,2,1,0,1,0,1,1,1,8,Mild-Depression
23-26,Male,DhakaUniversity(DU),Biological-Sciences,Fourth-Year-or-Equivalent,3.00---3.39,No,2,2,2,2,2,2,2,14,Moderate-Anxiety,3,3,2,2,2,3,3,3,2,3,26,Moderate-Stress,1,2,3,2,2,3,2,2,3,20,Severe-Depression
23-26,Male,DhakaUniversity(DU),Other,Third-Year-or-Equivalent,2.50---2.99,No,1,3,2,3,3,1,3,16,Severe-Anxiety,2,2,4,2,1,4,2,4,4,2,27,High-Perceived-Stress,1,3,1,1,3,2,3,1,0,15,Moderately-Severe-Depression
18-22,Male,AmericanInternationalUniversityBangladesh(AIUB),Engineering---CS-/-CSE-/-CSC-/-Similar-to-CS,Third-Year-or-Equivalent,3.40---3.79,Yes,1,2,2,1,2,2,2,12,Moderate-Anxiety,2,1,2,1,4,2,3,2,2,1,20,Moderate-Stress,1,0,2,2,0,1,0,0,0,6,Mild-Depression
23-26,Male,DhakaUniversity(DU),Biological-Sciences,Third-Year-or-Equivalent,2.50---2.99,No,0,1,1,0,0,0,0,2,Minimal-Anxiety,0,1,1,0,4,4,4,4,0,1,19,Moderate-Stress,0,0,0,0,0,0,2,0,1,3,Minimal-Depression
18-22,Male,DhakaUniversity(DU),Biological-Sciences,Third-Year-or-Equivalent,3.00---3.39,No,0,1,2,2,2,2,2,11,Moderate-Anxiety,1,1,2,2,2,3,2,3,4,2,22,Moderate-Stress,2,2,2,2,2,1,1,1,0,13,Moderate-Depression
18-22,Female,DhakaUniversity(DU),Environmental-and-Life-Sciences,Third-Year-or-Equivalent,2.50---2.99,No,3,0,0,3,3,3,3,15,Severe-Anxiety,2,2,2,2,2,4,3,4,2,1,24,Moderate-Stress,0,3,2,3,2,3,3,3,2,21,Severe-Depression
23-26,Female,DhakaUniversity(DU),Biological-Sciences,Third-Year-or-Equivalent,3.40---3.79,No,3,1,3,3,3,3,2,18,Severe-Anxiety,4,4,4,4,3,3,2,2,4,4,34,High-Perceived-Stress,2,3,2,3,3,3,2,2,1,21,Severe-Depression
23-26,Female,DhakaUniversity(DU),Other,Third-Year-or-Equivalent,3.40---3.79,No,2,3,2,2,3,3,3,18,Severe-Anxiety,1,3,3,3,2,2,2,3,2,2,23,Moderate-Stress,1,2,2,2,1,2,1,1,3,15,Moderately-Severe-Depression
23-26,Female,DhakaUniversity(DU),Environmental-and-Life-Sciences,Fourth-Year-or-Equivalent,3.40---3.79,No,3,0,1,3,3,3,3,16,Severe-Anxiety,1,2,2,1,2,3,2,3,4,4,24,Moderate-Stress,2,3,2,2,2,3,3,1,3,21,Severe-Depression
23-26,Female,DhakaUniversity(DU),Environmental-and-Life-Sciences,Third-Year-or-Equivalent,3.40---3.79,No,2,2,2,2,2,2,2,14,Moderate-Anxiety,4,3,4,4,2,2,1,2,3,4,29,High-Perceived-Stress,3,2,2,3,2,2,2,2,1,19,Moderately-Severe-Depression
23-26,Female,DhakaUniversity(DU),Biological-Sciences,Fourth-Year-or-Equivalent,3.40---3.79,No,2,2,3,3,2,3,3,18,Severe-Anxiety,2,2,2,3,1,2,3,2,2,3,22,Moderate-Stress,3,3,2,2,3,2,2,2,1,20,Severe-Depression
23-26,Female,DhakaUniversity(DU),Biological-Sciences,Fourth-Year-or-Equivalent,3.00---3.39,No,2,1,1,1,2,2,1,10,Moderate-Anxiety,3,2,3,2,2,2,2,3,2,2,23,Moderate-Stress,1,1,1,1,0,1,0,1,0,6,Mild-Depression
23-26,Female,DhakaUniversity(DU),Biological-Sciences,Fourth-Year-or-Equivalent,3.00---3.39,No,2,2,1,1,1,1,1,9,Mild-Anxiety,3,4,3,2,1,2,2,3,4,4,28,High-Perceived-Stress,1,2,3,2,2,3,1,2,2,18,Moderately-Severe-Depression
18-22,Male,DhakaUniversity(DU),Biological-Sciences,Third-Year-or-Equivalent,3.00---3.39,No,0,0,1,0,1,0,0,2,Minimal-Anxiety,2,2,2,2,3,2,3,2,2,1,21,Moderate-Stress,1,1,1,1,1,0,1,0,0,6,Mild-Depression
18-22,Female,AmericanInternationalUniversityBangladesh(AIUB),Engineering---CS-/-CSE-/-CSC-/-Similar-to-CS,Third-Year-or-Equivalent,3.80---4.00,No,1,0,1,0,0,0,1,3,Minimal-Anxiety,0,0,2,2,2,2,1,1,2,2,14,Moderate-Stress,2,0,0,1,0,0,0,2,0,5,Mild-Depression
18-22,Female,AmericanInternationalUniversityBangladesh(AIUB),Engineering---CS-/-CSE-/-CSC-/-Similar-to-CS,Second-Year-or-Equivalent,3.40---3.79,Yes,1,1,1,1,1,1,1,7,Mild-Anxiety,2,2,2,2,2,3,3,3,2,2,23,Moderate-Stress,3,1,1,1,1,2,0,0,0,9,Mild-Depression
18-22,Female,DhakaUniversity(DU),Biological-Sciences,Third-Year-or-Equivalent,3.00---3.39,No,3,3,3,3,3,3,3,21,Severe-Anxiety,3,4,4,2,2,4,4,4,4,4,35,High-Perceived-Stress,0,3,3,3,3,3,3,3,3,24,Severe-Depression
18-22,Male,AmericanInternationalUniversityBangladesh(AIUB),Engineering---CS-/-CSE-/-CSC-/-Similar-to-CS,Third-Year-or-Equivalent,3.40---3.79,Yes,1,3,1,1,3,3,0,12,Moderate-Anxiety,0,2,2,2,2,2,2,2,2,2,18,Moderate-Stress,1,0,1,1,0,0,1,1,1,6,Mild-Depression
18-22,Female,AmericanInternationalUniversityBangladesh(AIUB),Engineering---CS-/-CSE-/-CSC-/-Similar-to-CS,Third-Year-or-Equivalent,3.00---3.39,No,2,3,2,1,0,2,1,11,Moderate-Anxiety,2,1,4,4,0,1,3,1,2,2,20,Moderate-Stress,1,1,0,2,1,1,1,1,1,9,Mild-Depression
18-22,Male,IslamicUniversityofTechnology(IUT),Engineering---CS-/-CSE-/-CSC-/-Similar-to-CS,First-Year-or-Equivalent,Other,No,2,3,2,2,2,2,2,15,Severe-Anxiety,2,2,3,3,0,4,2,4,4,3,27,High-Perceived-Stress,1,2,2,2,1,2,1,2,2,15,Moderately-Severe-Depression
23-26,Male,DhakaUniversity(DU),Environmental-and-Life-Sciences,Third-Year-or-Equivalent,3.00---3.39,No,1,1,1,2,2,1,1,9,Mild-Anxiety,2,2,1,2,2,2,2,2,3,2,20,Moderate-Stress,1,1,1,2,1,1,1,1,0,9,Mild-Depression
23-26,Female,DhakaUniversity(DU),Biological-Sciences,Third-Year-or-Equivalent,3.00---3.39,Yes,1,1,1,1,1,1,1,7,Mild-Anxiety,1,3,2,1,1,2,2,2,2,2,18,Moderate-Stress,1,1,0,2,1,1,1,1,1,9,Mild-Depression
18-22,Female,DhakaUniversity(DU),Biological-Sciences,Third-Year-or-Equivalent,3.40---3.79,No,3,3,1,3,3,1,3,17,Severe-Anxiety,2,2,4,2,0,1,1,1,2,4,19,Moderate-Stress,1,1,1,1,1,1,1,1,1,9,Mild-Depression
23-26,Male,DhakaUniversity(DU),Other,Third-Year-or-Equivalent,3.00---3.39,No,1,1,2,2,1,1,1,9,Mild-Anxiety,1,2,2,1,3,2,2,2,2,2,19,Moderate-Stress,1,1,1,2,2,2,1,1,0,11,Moderate-Depression
18-22,Male,DhakaUniversity(DU),Biological-Sciences,Third-Year-or-Equivalent,3.00---3.39,No,2,1,2,1,2,2,1,11,Moderate-Anxiety,0,1,2,2,2,2,1,2,3,3,18,Moderate-Stress,0,0,0,0,0,1,0,0,0,1,Minimal-Depression
18-22,Female,DhakaUniversity(DU),Biological-Sciences,Third-Year-or-Equivalent,3.00---3.39,No,2,2,2,1,1,2,3,13,Moderate-Anxiety,4,4,4,4,2,3,3,2,4,4,34,High-Perceived-Stress,2,3,0,2,2,2,2,1,2,16,Moderately-Severe-Depression
23-26,Male,DhakaUniversity(DU),Other,Third-Year-or-Equivalent,2.50---2.99,No,1,0,2,1,2,1,2,9,Mild-Anxiety,1,0,1,0,1,1,0,3,3,2,12,Low-Stress,2,0,2,2,0,1,1,2,0,10,Moderate-Depression
23-26,Female,DhakaUniversity(DU),Biological-Sciences,Third-Year-or-Equivalent,3.80---4.00,No,3,3,3,3,3,3,3,21,Severe-Anxiety,4,2,4,4,0,3,0,0,4,4,25,Moderate-Stress,3,3,3,3,3,3,2,1,3,24,Severe-Depression
23-26,Female,DhakaUniversity(DU),Biological-Sciences,Third-Year-or-Equivalent,3.40---3.79,No,1,1,2,2,3,3,1,13,Moderate-Anxiety,2,2,4,3,4,3,2,4,2,1,27,High-Perceived-Stress,0,3,3,3,3,3,1,1,1,18,Moderately-Severe-Depression
23-26,Female,DhakaUniversity(DU),Biological-Sciences,Third-Year-or-Equivalent,3.40---3.79,No,1,1,2,1,2,2,1,10,Moderate-Anxiety,2,2,4,3,3,2,1,3,2,1,23,Moderate-Stress,2,1,2,2,1,1,0,0,0,9,Mild-Depression
18-22,Male,DhakaUniversity(DU),Biological-Sciences,Third-Year-or-Equivalent,3.00---3.39,No,1,1,1,1,1,1,1,7,Mild-Anxiety,1,1,2,2,2,2,2,2,2,2,18,Moderate-Stress,1,1,1,1,1,1,1,1,1,9,Mild-Depression
23-26,Male,DhakaUniversity(DU),Biological-Sciences,Third-Year-or-Equivalent,3.00---3.39,No,0,1,1,1,3,2,3,11,Moderate-Anxiety,2,1,1,0,0,2,0,2,2,1,11,Low-Stress,2,1,0,2,0,1,0,1,0,7,Mild-Depression
23-26,Male,DhakaUniversity(DU),Biological-Sciences,Third-Year-or-Equivalent,3.00---3.39,Yes,0,1,1,0,1,1,0,4,Minimal-Anxiety,1,1,1,1,2,2,2,1,1,2,14,Moderate-Stress,2,1,0,1,0,1,2,1,0,8,Mild-Depression
23-26,Male,DhakaUniversity(DU),Environmental-and-Life-Sciences,Fourth-Year-or-Equivalent,3.00---3.39,No,0,0,1,1,1,3,2,8,Mild-Anxiety,2,1,4,2,2,2,3,4,3,2,25,Moderate-Stress,0,1,0,3,1,0,0,1,1,7,Mild-Depression
23-26,Female,DhakaUniversity(DU),Environmental-and-Life-Sciences,Third-Year-or-Equivalent,3.00---3.39,No,2,1,0,3,3,3,3,15,Severe-Anxiety,2,2,3,4,3,2,3,4,4,4,31,High-Perceived-Stress,0,3,3,3,2,3,3,2,0,19,Moderately-Severe-Depression
18-22,Male,AmericanInternationalUniversityBangladesh(AIUB),Engineering---CS-/-CSE-/-CSC-/-Similar-to-CS,Second-Year-or-Equivalent,3.80---4.00,Yes,1,1,2,1,2,2,1,10,Moderate-Anxiety,1,1,2,2,0,1,2,1,2,2,14,Moderate-Stress,1,1,1,3,3,1,2,2,2,16,Moderately-Severe-Depression
23-26,Male,DhakaUniversity(DU),Biological-Sciences,Third-Year-or-Equivalent,3.40---3.79,No,3,3,2,2,1,1,2,14,Moderate-Anxiety,2,2,2,2,2,2,2,2,2,2,20,Moderate-Stress,3,3,2,1,2,2,2,1,1,17,Moderately-Severe-Depression
18-22,Male,AmericanInternationalUniversityBangladesh(AIUB),Engineering---CS-/-CSE-/-CSC-/-Similar-to-CS,Third-Year-or-Equivalent,3.00---3.39,No,2,2,2,2,2,1,1,12,Moderate-Anxiety,2,1,2,2,2,2,2,3,2,2,20,Moderate-Stress,1,1,1,2,1,1,2,1,1,11,Moderate-Depression
18-22,Female,IslamicUniversityofTechnology(IUT),Business-and-Entrepreneurship-Studies,Third-Year-or-Equivalent,3.80---4.00,No,2,2,2,2,2,2,2,14,Moderate-Anxiety,3,2,2,3,1,3,3,1,2,4,24,Moderate-Stress,2,2,2,2,2,2,2,2,2,18,Moderately-Severe-Depression
18-22,Male,AmericanInternationalUniversityBangladesh(AIUB),Engineering---CS-/-CSE-/-CSC-/-Similar-to-CS,Third-Year-or-Equivalent,3.40---3.79,No,2,2,2,2,2,2,2,14,Moderate-Anxiety,2,3,4,4,0,0,1,1,2,2,19,Moderate-Stress,2,2,2,2,2,2,2,2,2,18,Moderately-Severe-Depression
18-22,Male,AmericanInternationalUniversityBangladesh(AIUB),Engineering---CS-/-CSE-/-CSC-/-Similar-to-CS,Third-Year-or-Equivalent,3.00---3.39,No,2,3,3,2,2,3,3,18,Severe-Anxiety,3,3,4,3,1,2,2,2,3,3,26,Moderate-Stress,0,3,3,3,3,3,3,3,3,24,Severe-Depression
23-26,Male,AmericanInternationalUniversityBangladesh(AIUB),Engineering---CS-/-CSE-/-CSC-/-Similar-to-CS,Fourth-Year-or-Equivalent,3.40---3.79,Yes,3,3,3,3,3,3,3,21,Severe-Anxiety,4,4,4,2,0,0,0,4,4,4,26,Moderate-Stress,3,3,3,3,3,3,3,3,3,27,Severe-Depression
18-22,Male,IndependentUniversityBangladesh(IUB),Engineering---CS-/-CSE-/-CSC-/-Similar-to-CS,Second-Year-or-Equivalent,2.50---2.99,No,3,3,3,3,3,3,3,21,Severe-Anxiety,4,4,4,4,1,2,2,2,4,2,29,High-Perceived-Stress,1,3,3,3,0,3,3,1,3,20,Severe-Depression
18-22,Female,DhakaUniversity(DU),Biological-Sciences,Third-Year-or-Equivalent,3.40---3.79,No,1,1,2,1,2,1,2,10,Moderate-Anxiety,2,1,2,2,2,3,3,3,2,2,22,Moderate-Stress,0,1,2,2,1,2,2,2,1,13,Moderate-Depression
18-22,Female,DhakaUniversity(DU),Environmental-and-Life-Sciences,Third-Year-or-Equivalent,3.00---3.39,No,2,2,2,2,2,2,2,14,Moderate-Anxiety,2,2,2,2,2,2,2,2,2,2,20,Moderate-Stress,2,2,2,2,2,2,2,2,2,18,Moderately-Severe-Depression
23-26,Male,AmericanInternationalUniversityBangladesh(AIUB),Engineering---CS-/-CSE-/-CSC-/-Similar-to-CS,Third-Year-or-Equivalent,3.00---3.39,No,2,2,2,2,2,2,2,14,Moderate-Anxiety,2,2,3,3,1,1,1,1,3,3,20,Moderate-Stress,2,2,2,2,2,2,2,2,2,18,Moderately-Severe-Depression
18-22,Female,IndependentUniversityBangladesh(IUB),Other,Second-Year-or-Equivalent,3.00---3.39,No,1,1,1,1,1,1,1,7,Mild-Anxiety,3,3,2,3,2,3,2,3,4,3,28,High-Perceived-Stress,1,1,1,1,1,1,1,1,1,9,Mild-Depression
18-22,Male,DhakaUniversity(DU),Biological-Sciences,Third-Year-or-Equivalent,3.00---3.39,No,2,2,1,2,0,0,0,7,Mild-Anxiety,2,2,3,1,2,4,2,4,1,3,24,Moderate-Stress,1,0,1,1,2,2,1,1,0,9,Mild-Depression
18-22,Male,AmericanInternationalUniversityBangladesh(AIUB),Engineering---CS-/-CSE-/-CSC-/-Similar-to-CS,Fourth-Year-or-Equivalent,3.40---3.79,No,3,3,3,3,3,3,3,21,Severe-Anxiety,2,2,2,2,2,2,2,2,2,2,20,Moderate-Stress,3,3,3,3,3,3,3,3,3,27,Severe-Depression
23-26,Male,AmericanInternationalUniversityBangladesh(AIUB),Engineering---CS-/-CSE-/-CSC-/-Similar-to-CS,Third-Year-or-Equivalent,3.80---4.00,No,2,1,2,2,3,3,3,16,Severe-Anxiety,0,0,2,3,0,3,2,2,2,2,16,Moderate-Stress,1,3,1,1,1,1,0,1,0,9,Mild-Depression
18-22,Male,AmericanInternationalUniversityBangladesh(AIUB),Engineering---CS-/-CSE-/-CSC-/-Similar-to-CS,Third-Year-or-Equivalent,3.40---3.79,No,3,3,3,2,1,2,2,16,Severe-Anxiety,2,3,4,3,1,0,2,3,4,3,25,Moderate-Stress,1,1,1,2,0,2,0,0,0,7,Mild-Depression
18-22,Female,IslamicUniversityofTechnology(IUT),Engineering---EEE/-ECE-/-Similar-to-EEE,Second-Year-or-Equivalent,3.80---4.00,No,3,3,3,2,3,2,3,19,Severe-Anxiety,3,4,3,2,3,0,3,3,1,3,25,Moderate-Stress,2,2,1,2,1,3,1,2,3,17,Moderately-Severe-Depression
23-26,Female,IslamicUniversityofTechnology(IUT),Engineering---EEE/-ECE-/-Similar-to-EEE,Fourth-Year-or-Equivalent,3.80---4.00,Yes,3,2,3,3,3,2,2,18,Severe-Anxiety,4,4,4,4,1,2,2,2,4,4,31,High-Perceived-Stress,2,2,1,3,1,3,1,1,3,17,Moderately-Severe-Depression
18-22,Female,IslamicUniversityofTechnology(IUT),Engineering---CS-/-CSE-/-CSC-/-Similar-to-CS,Second-Year-or-Equivalent,3.40---3.79,No,3,3,3,3,3,1,1,17,Severe-Anxiety,4,4,4,4,2,2,1,2,2,4,29,High-Perceived-Stress,3,3,3,3,2,3,3,2,0,22,Severe-Depression
18-22,Male,IslamicUniversityofTechnology(IUT),Engineering---EEE/-ECE-/-Similar-to-EEE,Second-Year-or-Equivalent,3.80---4.00,No,3,3,3,3,3,2,0,17,Severe-Anxiety,3,2,4,4,1,3,3,3,3,0,26,Moderate-Stress,2,3,3,3,0,0,2,3,1,17,Moderately-Severe-Depression
18-22,Male,IslamicUniversityofTechnology(IUT),Engineering---CS-/-CSE-/-CSC-/-Similar-to-CS,First-Year-or-Equivalent,Other,No,3,3,3,3,3,2,3,20,Severe-Anxiety,2,2,3,3,2,2,2,3,3,3,25,Moderate-Stress,1,3,2,2,3,3,3,3,3,23,Severe-Depression
18-22,Female,IslamicUniversityofTechnology(IUT),Engineering---Civil-Engineering-/-Similar-to-CE,Second-Year-or-Equivalent,3.40---3.79,No,3,3,3,3,3,3,2,20,Severe-Anxiety,4,4,4,4,3,2,3,2,4,4,34,High-Perceived-Stress,3,3,0,3,3,3,3,3,3,24,Severe-Depression
18-22,Female,IslamicUniversityofTechnology(IUT),Engineering---EEE/-ECE-/-Similar-to-EEE,Second-Year-or-Equivalent,3.40---3.79,No,2,3,3,3,3,3,2,19,Severe-Anxiety,4,4,4,4,0,3,0,4,4,2,29,High-Perceived-Stress,3,3,3,3,3,3,3,0,3,24,Severe-Depression
18-22,Female,IslamicUniversityofTechnology(IUT),Engineering---EEE/-ECE-/-Similar-to-EEE,Fourth-Year-or-Equivalent,3.40---3.79,No,2,2,2,3,1,2,1,13,Moderate-Anxiety,3,4,2,4,1,3,2,2,1,4,26,Moderate-Stress,1,1,1,2,2,0,3,0,0,10,Moderate-Depression
23-26,Male,IslamicUniversityofTechnology(IUT),Engineering---EEE/-ECE-/-Similar-to-EEE,Fourth-Year-or-Equivalent,3.40---3.79,No,2,3,2,3,3,3,3,19,Severe-Anxiety,4,4,4,4,2,3,2,3,3,4,33,High-Perceived-Stress,2,3,2,3,2,3,3,3,3,24,Severe-Depression
18-22,Prefer-not-to-say,IslamicUniversityofTechnology(IUT),Engineering---Mechanical-Engineering-/-Similar-to-ME,Second-Year-or-Equivalent,3.40---3.79,Yes,3,0,3,3,3,3,3,18,Severe-Anxiety,4,4,4,4,4,4,3,4,4,4,39,High-Perceived-Stress,3,3,3,3,3,3,3,3,3,27,Severe-Depression
18-22,Male,IslamicUniversityofTechnology(IUT),Engineering---Civil-Engineering-/-Similar-to-CE,Third-Year-or-Equivalent,3.40---3.79,No,3,3,3,3,3,3,3,21,Severe-Anxiety,4,4,4,4,0,0,0,0,4,4,24,Moderate-Stress,3,3,3,3,3,3,3,3,3,27,Severe-Depression
18-22,Male,IslamicUniversityofTechnology(IUT),Engineering---Mechanical-Engineering-/-Similar-to-ME,First-Year-or-Equivalent,Other,No,2,2,3,3,3,2,3,18,Severe-Anxiety,4,4,4,4,1,4,2,4,4,4,35,High-Perceived-Stress,1,2,3,3,3,3,3,3,0,21,Severe-Depression
18-22,Female,IslamicUniversityofTechnology(IUT),Engineering---CS-/-CSE-/-CSC-/-Similar-to-CS,First-Year-or-Equivalent,3.40---3.79,No,3,3,3,3,3,3,3,21,Severe-Anxiety,2,3,3,4,2,3,1,2,3,4,27,High-Perceived-Stress,2,2,3,3,2,2,3,1,0,18,Moderately-Severe-Depression
18-22,Male,IslamicUniversityofTechnology(IUT),Engineering---Civil-Engineering-/-Similar-to-CE,Third-Year-or-Equivalent,3.40---3.79,No,3,3,3,3,3,3,3,21,Severe-Anxiety,4,4,3,4,2,0,0,3,3,4,27,High-Perceived-Stress,3,3,3,3,3,3,3,3,3,27,Severe-Depression
18-22,Male,IslamicUniversityofTechnology(IUT),Engineering---Civil-Engineering-/-Similar-to-CE,Third-Year-or-Equivalent,3.40---3.79,No,3,3,3,3,3,3,3,21,Severe-Anxiety,4,4,4,4,2,2,2,2,4,3,31,High-Perceived-Stress,3,3,3,3,0,1,3,3,0,19,Moderately-Severe-Depression
18-22,Female,IslamicUniversityofTechnology(IUT),Engineering---Civil-Engineering-/-Similar-to-CE,Third-Year-or-Equivalent,3.80---4.00,No,3,3,3,3,3,3,3,21,Severe-Anxiety,4,3,4,4,3,3,3,3,3,4,34,High-Perceived-Stress,0,3,3,3,2,2,1,2,3,19,Moderately-Severe-Depression
18-22,Female,IslamicUniversityofTechnology(IUT),Engineering---Civil-Engineering-/-Similar-to-CE,Third-Year-or-Equivalent,3.40---3.79,No,2,3,0,3,3,3,3,17,Severe-Anxiety,4,4,4,4,2,0,3,4,4,4,33,High-Perceived-Stress,0,3,3,3,3,3,3,3,3,24,Severe-Depression
23-26,Male,IslamicUniversityofTechnology(IUT),Engineering---Civil-Engineering-/-Similar-to-CE,Third-Year-or-Equivalent,3.00---3.39,No,3,2,3,3,3,3,0,17,Severe-Anxiety,4,4,4,4,2,4,3,4,4,4,37,High-Perceived-Stress,2,1,1,2,1,1,1,1,0,10,Moderate-Depression
23-26,Male,IslamicUniversityofTechnology(IUT),Engineering---Civil-Engineering-/-Similar-to-CE,Third-Year-or-Equivalent,3.00---3.39,No,3,3,3,3,3,3,3,21,Severe-Anxiety,4,4,4,4,0,0,0,0,4,4,24,Moderate-Stress,3,3,3,3,3,3,3,3,3,27,Severe-Depression
18-22,Male,IslamicUniversityofTechnology(IUT),Engineering---Mechanical-Engineering-/-Similar-to-ME,First-Year-or-Equivalent,Other,No,2,2,3,2,3,3,2,17,Severe-Anxiety,3,2,4,4,3,3,3,2,3,4,31,High-Perceived-Stress,1,3,1,2,1,3,3,0,1,15,Moderately-Severe-Depression
18-22,Male,IslamicUniversityofTechnology(IUT),Engineering---Civil-Engineering-/-Similar-to-CE,Third-Year-or-Equivalent,3.40---3.79,No,3,3,3,3,3,2,3,20,Severe-Anxiety,4,4,4,4,3,3,1,3,4,4,34,High-Perceived-Stress,1,3,3,3,3,3,3,3,2,24,Severe-Depression
18-22,Female,IslamicUniversityofTechnology(IUT),Engineering---Civil-Engineering-/-Similar-to-CE,Third-Year-or-Equivalent,Other,No,3,3,3,3,3,3,3,21,Severe-Anxiety,3,4,4,4,2,2,3,2,2,3,29,High-Perceived-Stress,1,2,3,3,2,1,2,1,0,15,Moderately-Severe-Depression
18-22,Male,IslamicUniversityofTechnology(IUT),Engineering---Civil-Engineering-/-Similar-to-CE,Third-Year-or-Equivalent,3.40---3.79,No,3,3,3,3,3,3,3,21,Severe-Anxiety,3,4,4,4,3,3,4,4,4,4,37,High-Perceived-Stress,2,3,2,3,2,3,3,2,3,23,Severe-Depression
18-22,Male,IslamicUniversityofTechnology(IUT),Engineering---Mechanical-Engineering-/-Similar-to-ME,First-Year-or-Equivalent,Other,No,1,0,2,1,1,2,2,9,Mild-Anxiety,3,1,3,1,1,2,3,4,2,1,21,Moderate-Stress,1,2,0,3,1,3,3,2,3,18,Moderately-Severe-Depression
23-26,Male,IslamicUniversityofTechnology(IUT),Engineering---EEE/-ECE-/-Similar-to-EEE,Fourth-Year-or-Equivalent,3.80---4.00,Yes,3,3,3,3,3,3,3,21,Severe-Anxiety,3,4,4,3,0,0,3,2,4,4,27,High-Perceived-Stress,1,2,3,3,3,3,3,3,0,21,Severe-Depression
23-26,Male,IslamicUniversityofTechnology(IUT),Engineering---Mechanical-Engineering-/-Similar-to-ME,Fourth-Year-or-Equivalent,3.00---3.39,Yes,2,2,2,3,3,2,1,15,Severe-Anxiety,4,4,4,3,3,3,3,3,3,4,34,High-Perceived-Stress,2,1,2,3,2,3,2,0,1,16,Moderately-Severe-Depression
18-22,Male,IslamicUniversityofTechnology(IUT),Engineering---EEE/-ECE-/-Similar-to-EEE,Fourth-Year-or-Equivalent,3.00---3.39,Yes,3,3,2,3,3,2,2,18,Severe-Anxiety,3,4,4,4,4,4,3,4,1,4,35,High-Perceived-Stress,0,2,2,2,2,3,3,3,0,17,Moderately-Severe-Depression
18-22,Male,IslamicUniversityofTechnology(IUT),Engineering---CS-/-CSE-/-CSC-/-Similar-to-CS,Second-Year-or-Equivalent,3.80---4.00,No,3,2,2,2,2,2,1,14,Moderate-Anxiety,4,3,3,4,3,4,2,3,3,4,33,High-Perceived-Stress,2,2,1,2,2,1,2,1,1,14,Moderate-Depression
18-22,Male,IslamicUniversityofTechnology(IUT),Engineering---EEE/-ECE-/-Similar-to-EEE,Second-Year-or-Equivalent,3.80---4.00,No,3,3,3,3,3,3,3,21,Severe-Anxiety,4,4,4,4,4,4,4,4,4,4,40,High-Perceived-Stress,0,3,3,2,2,2,3,3,3,21,Severe-Depression
23-26,Male,IslamicUniversityofTechnology(IUT),Engineering---EEE/-ECE-/-Similar-to-EEE,Fourth-Year-or-Equivalent,3.40---3.79,Yes,3,0,2,3,3,3,1,15,Severe-Anxiety,4,4,4,4,2,2,3,3,4,4,34,High-Perceived-Stress,2,3,3,2,2,3,3,3,0,21,Severe-Depression
23-26,Female,IslamicUniversityofTechnology(IUT),Engineering---Civil-Engineering-/-Similar-to-CE,Other,3.00---3.39,No,1,2,1,1,1,1,1,8,Mild-Anxiety,2,0,2,2,3,3,3,4,4,2,25,Moderate-Stress,2,1,1,1,1,2,3,2,3,16,Moderately-Severe-Depression
18-22,Male,IslamicUniversityofTechnology(IUT),Engineering---EEE/-ECE-/-Similar-to-EEE,Fourth-Year-or-Equivalent,3.40---3.79,No,2,2,3,2,2,2,1,14,Moderate-Anxiety,4,3,4,4,2,2,2,2,2,4,29,High-Perceived-Stress,1,2,2,2,1,1,3,1,0,13,Moderate-Depression
18-22,Male,IslamicUniversityofTechnology(IUT),Engineering---EEE/-ECE-/-Similar-to-EEE,Third-Year-or-Equivalent,3.80---4.00,No,1,1,2,2,1,2,1,10,Moderate-Anxiety,2,2,3,2,1,1,3,2,1,3,20,Moderate-Stress,2,1,1,2,1,3,2,2,0,14,Moderate-Depression
23-26,Male,IslamicUniversityofTechnology(IUT),Engineering---EEE/-ECE-/-Similar-to-EEE,Second-Year-or-Equivalent,3.80---4.00,Yes,2,2,3,3,2,3,2,17,Severe-Anxiety,2,1,3,4,2,1,1,1,3,4,22,Moderate-Stress,3,2,3,3,3,0,3,3,2,22,Severe-Depression
18-22,Male,IslamicUniversityofTechnology(IUT),Engineering---CS-/-CSE-/-CSC-/-Similar-to-CS,First-Year-or-Equivalent,Other,No,1,1,1,1,1,1,1,7,Mild-Anxiety,2,2,2,2,1,1,1,2,2,2,17,Moderate-Stress,2,1,1,2,0,1,1,1,1,10,Moderate-Depression
23-26,Male,IslamicUniversityofTechnology(IUT),Engineering---Civil-Engineering-/-Similar-to-CE,Fourth-Year-or-Equivalent,2.50---2.99,No,0,0,0,0,1,1,0,2,Minimal-Anxiety,0,0,0,0,4,1,3,3,1,0,12,Low-Stress,0,0,1,1,1,1,0,0,0,4,Minimal-Depression
18-22,Male,IslamicUniversityofTechnology(IUT),Engineering---CS-/-CSE-/-CSC-/-Similar-to-CS,Second-Year-or-Equivalent,3.80---4.00,No,2,3,2,1,3,2,3,16,Severe-Anxiety,4,4,4,3,2,2,3,4,4,4,34,High-Perceived-Stress,2,2,3,2,2,3,3,3,1,21,Severe-Depression
18-22,Male,IslamicUniversityofTechnology(IUT),Engineering---CS-/-CSE-/-CSC-/-Similar-to-CS,First-Year-or-Equivalent,Other,No,1,1,1,1,1,1,1,7,Mild-Anxiety,2,2,2,1,2,2,2,3,2,0,18,Moderate-Stress,2,1,1,1,0,2,1,0,0,8,Mild-Depression
18-22,Male,IslamicUniversityofTechnology(IUT),Engineering---Mechanical-Engineering-/-Similar-to-ME,Third-Year-or-Equivalent,3.80---4.00,Yes,0,1,0,1,0,0,1,3,Minimal-Anxiety,4,1,1,2,0,2,0,4,3,2,19,Moderate-Stress,1,2,0,1,0,1,0,0,0,5,Mild-Depression
18-22,Male,AmericanInternationalUniversityBangladesh(AIUB),Engineering---CS-/-CSE-/-CSC-/-Similar-to-CS,First-Year-or-Equivalent,3.80---4.00,No,0,1,1,2,2,1,0,7,Mild-Anxiety,2,1,2,2,0,1,2,0,2,1,13,Low-Stress,0,1,1,1,1,0,3,1,0,8,Mild-Depression
23-26,Male,IslamicUniversityofTechnology(IUT),Engineering---EEE/-ECE-/-Similar-to-EEE,Fourth-Year-or-Equivalent,3.40---3.79,No,3,3,3,3,3,3,3,21,Severe-Anxiety,4,4,4,4,4,2,4,4,4,4,38,High-Perceived-Stress,1,1,1,0,2,0,2,3,2,12,Moderate-Depression
18-22,Male,IslamicUniversityofTechnology(IUT),Engineering---Mechanical-Engineering-/-Similar-to-ME,First-Year-or-Equivalent,Other,Yes,2,3,3,3,3,3,3,20,Severe-Anxiety,2,2,2,3,2,3,3,2,3,3,25,Moderate-Stress,3,2,0,0,0,0,3,3,0,11,Moderate-Depression
18-22,Female,IslamicUniversityofTechnology(IUT),Engineering---CS-/-CSE-/-CSC-/-Similar-to-CS,Third-Year-or-Equivalent,3.40---3.79,No,2,2,2,2,2,1,2,13,Moderate-Anxiety,3,3,4,4,3,3,3,1,2,3,29,High-Perceived-Stress,1,2,3,3,3,3,2,1,3,21,Severe-Depression
18-22,Female,IslamicUniversityofTechnology(IUT),Engineering---EEE/-ECE-/-Similar-to-EEE,Second-Year-or-Equivalent,3.80---4.00,No,3,0,3,3,3,3,3,18,Severe-Anxiety,4,4,4,4,3,4,4,4,4,4,39,High-Perceived-Stress,1,3,3,3,2,3,3,3,1,22,Severe-Depression
18-22,Male,IslamicUniversityofTechnology(IUT),Engineering---Mechanical-Engineering-/-Similar-to-ME,Second-Year-or-Equivalent,2.50---2.99,No,3,3,3,3,3,3,3,21,Severe-Anxiety,2,3,4,2,2,4,1,2,4,4,28,High-Perceived-Stress,1,3,0,3,0,3,1,1,3,15,Moderately-Severe-Depression
18-22,Female,IslamicUniversityofTechnology(IUT),Engineering---EEE/-ECE-/-Similar-to-EEE,Fourth-Year-or-Equivalent,3.40---3.79,No,3,1,0,3,3,3,3,16,Severe-Anxiety,4,4,4,4,3,4,2,3,4,4,36,High-Perceived-Stress,1,1,1,1,2,3,2,3,3,17,Moderately-Severe-Depression
18-22,Male,IslamicUniversityofTechnology(IUT),Engineering---EEE/-ECE-/-Similar-to-EEE,Second-Year-or-Equivalent,3.80---4.00,No,3,0,3,3,3,3,3,18,Severe-Anxiety,0,0,0,0,4,4,4,1,0,0,13,Low-Stress,0,3,3,3,3,3,3,3,3,24,Severe-Depression
18-22,Male,IslamicUniversityofTechnology(IUT),Engineering---EEE/-ECE-/-Similar-to-EEE,Second-Year-or-Equivalent,3.80---4.00,Yes,3,0,3,3,3,3,3,18,Severe-Anxiety,4,4,4,4,3,4,4,2,4,4,37,High-Perceived-Stress,0,3,3,3,3,3,3,3,0,21,Severe-Depression
18-22,Male,IslamicUniversityofTechnology(IUT),Engineering---Civil-Engineering-/-Similar-to-CE,First-Year-or-Equivalent,3.80---4.00,No,3,3,3,2,3,2,2,18,Severe-Anxiety,3,3,4,3,2,2,3,2,2,3,27,High-Perceived-Stress,2,3,2,2,2,1,3,1,0,16,Moderately-Severe-Depression
23-26,Male,IslamicUniversityofTechnology(IUT),Engineering---Civil-Engineering-/-Similar-to-CE,Third-Year-or-Equivalent,3.00---3.39,No,3,3,3,3,3,3,3,21,Severe-Anxiety,4,4,4,3,2,4,4,1,4,4,34,High-Perceived-Stress,0,3,3,3,3,3,3,0,3,21,Severe-Depression
18-22,Female,IslamicUniversityofTechnology(IUT),Engineering---Other,Second-Year-or-Equivalent,3.00---3.39,No,3,3,3,2,3,2,2,18,Severe-Anxiety,3,3,4,4,2,4,3,3,4,3,33,High-Perceived-Stress,2,3,3,3,3,3,3,2,2,24,Severe-Depression
18-22,Male,IslamicUniversityofTechnology(IUT),Business-and-Entrepreneurship-Studies,Second-Year-or-Equivalent,3.40---3.79,No,1,1,0,1,1,0,1,5,Mild-Anxiety,2,1,1,1,2,1,2,1,1,0,12,Low-Stress,2,2,3,0,1,0,2,0,0,10,Moderate-Depression
23-26,Male,IslamicUniversityofTechnology(IUT),Engineering---EEE/-ECE-/-Similar-to-EEE,Fourth-Year-or-Equivalent,3.40---3.79,No,3,3,1,3,2,3,2,17,Severe-Anxiety,3,1,4,4,2,2,3,3,2,4,28,High-Perceived-Stress,2,1,1,2,0,1,1,2,0,10,Moderate-Depression
18-22,Male,IslamicUniversityofTechnology(IUT),Engineering---EEE/-ECE-/-Similar-to-EEE,First-Year-or-Equivalent,3.80---4.00,No,3,3,3,3,3,2,3,20,Severe-Anxiety,4,4,4,4,0,0,4,3,4,4,31,High-Perceived-Stress,0,3,3,3,3,3,3,3,3,24,Severe-Depression
18-22,Male,IslamicUniversityofTechnology(IUT),Engineering---Mechanical-Engineering-/-Similar-to-ME,Second-Year-or-Equivalent,3.00---3.39,No,3,1,3,3,3,3,3,19,Severe-Anxiety,4,4,4,4,2,2,3,4,4,4,35,High-Perceived-Stress,2,2,3,3,3,3,1,3,3,23,Severe-Depression
18-22,Female,IslamicUniversityofTechnology(IUT),Engineering---EEE/-ECE-/-Similar-to-EEE,First-Year-or-Equivalent,Other,No,3,0,3,2,2,1,3,14,Moderate-Anxiety,4,4,3,4,4,4,4,4,4,2,37,High-Perceived-Stress,0,3,3,3,1,3,3,3,3,22,Severe-Depression
23-26,Male,IslamicUniversityofTechnology(IUT),Engineering---EEE/-ECE-/-Similar-to-EEE,Third-Year-or-Equivalent,3.40---3.79,No,1,2,2,2,2,2,2,13,Moderate-Anxiety,3,3,4,3,2,3,2,3,3,4,30,High-Perceived-Stress,0,2,2,2,2,2,0,2,1,13,Moderate-Depression
18-22,Male,IslamicUniversityofTechnology(IUT),Engineering---CS-/-CSE-/-CSC-/-Similar-to-CS,Fourth-Year-or-Equivalent,3.40---3.79,Yes,1,0,1,0,1,0,1,4,Minimal-Anxiety,1,1,1,1,1,2,1,1,1,1,11,Low-Stress,1,1,0,1,0,0,0,0,0,3,Minimal-Depression
18-22,Female,IslamicUniversityofTechnology(IUT),Engineering---Civil-Engineering-/-Similar-to-CE,First-Year-or-Equivalent,Other,No,3,3,3,3,3,3,3,21,Severe-Anxiety,2,4,4,4,2,4,2,4,4,4,34,High-Perceived-Stress,0,3,3,1,3,3,2,1,3,19,Moderately-Severe-Depression
18-22,Female,IslamicUniversityofTechnology(IUT),Engineering---CS-/-CSE-/-CSC-/-Similar-to-CS,First-Year-or-Equivalent,Other,No,2,0,1,3,3,2,2,13,Moderate-Anxiety,4,3,4,4,3,4,2,3,4,4,35,High-Perceived-Stress,0,3,1,3,1,3,3,1,3,18,Moderately-Severe-Depression
18-22,Male,IslamicUniversityofTechnology(IUT),Engineering---EEE/-ECE-/-Similar-to-EEE,First-Year-or-Equivalent,Other,No,3,0,2,3,3,3,3,17,Severe-Anxiety,3,3,3,3,2,3,2,3,4,4,30,High-Perceived-Stress,2,2,2,2,1,2,2,2,2,17,Moderately-Severe-Depression
18-22,Male,IslamicUniversityofTechnology(IUT),Engineering---Mechanical-Engineering-/-Similar-to-ME,First-Year-or-Equivalent,3.80---4.00,No,2,2,2,2,3,2,3,16,Severe-Anxiety,3,3,4,4,2,2,3,2,3,4,30,High-Perceived-Stress,2,2,2,2,2,3,0,0,0,13,Moderate-Depression
18-22,Male,IslamicUniversityofTechnology(IUT),Business-and-Entrepreneurship-Studies,Third-Year-or-Equivalent,3.40---3.79,No,3,2,2,2,2,2,1,14,Moderate-Anxiety,2,2,2,2,2,4,4,4,2,2,26,Moderate-Stress,3,3,3,3,3,3,2,3,3,26,Severe-Depression
18-22,Male,IslamicUniversityofTechnology(IUT),Engineering---Civil-Engineering-/-Similar-to-CE,First-Year-or-Equivalent,Other,Yes,1,2,3,1,1,2,2,12,Moderate-Anxiety,2,2,2,2,2,2,2,4,2,2,22,Moderate-Stress,1,3,3,2,2,1,3,2,1,18,Moderately-Severe-Depression
18-22,Female,IslamicUniversityofTechnology(IUT),Engineering---Civil-Engineering-/-Similar-to-CE,First-Year-or-Equivalent,Other,No,3,0,3,3,3,3,3,18,Severe-Anxiety,4,4,4,4,4,4,2,3,4,4,37,High-Perceived-Stress,0,3,3,3,3,3,3,3,3,24,Severe-Depression
18-22,Male,AmericanInternationalUniversityBangladesh(AIUB),Engineering---CS-/-CSE-/-CSC-/-Similar-to-CS,Third-Year-or-Equivalent,3.40---3.79,No,0,0,3,3,1,3,0,10,Moderate-Anxiety,3,2,2,0,1,2,2,2,2,2,18,Moderate-Stress,3,1,0,3,0,2,1,2,2,14,Moderate-Depression
18-22,Female,IslamicUniversityofTechnology(IUT),Engineering---Civil-Engineering-/-Similar-to-CE,First-Year-or-Equivalent,Other,No,2,1,0,3,3,3,3,15,Severe-Anxiety,3,3,4,4,1,2,3,2,3,3,28,High-Perceived-Stress,1,3,3,3,3,3,3,2,1,22,Severe-Depression
18-22,Male,IslamicUniversityofTechnology(IUT),Engineering---EEE/-ECE-/-Similar-to-EEE,Third-Year-or-Equivalent,3.40---3.79,Yes,3,3,3,3,3,2,3,20,Severe-Anxiety,4,4,3,4,2,2,2,3,3,4,31,High-Perceived-Stress,3,3,3,3,1,3,2,3,0,21,Severe-Depression
18-22,Male,IslamicUniversityofTechnology(IUT),Engineering---EEE/-ECE-/-Similar-to-EEE,Second-Year-or-Equivalent,3.40---3.79,Yes,3,0,3,3,3,3,3,18,Severe-Anxiety,3,4,4,4,3,3,3,4,4,4,36,High-Perceived-Stress,3,3,3,3,2,3,3,3,3,26,Severe-Depression
18-22,Female,IslamicUniversityofTechnology(IUT),Engineering---Civil-Engineering-/-Similar-to-CE,First-Year-or-Equivalent,Other,No,3,3,1,3,3,3,3,19,Severe-Anxiety,4,4,4,4,3,4,2,4,4,4,37,High-Perceived-Stress,1,3,1,3,1,3,2,1,0,15,Moderately-Severe-Depression
18-22,Male,IslamicUniversityofTechnology(IUT),Engineering---EEE/-ECE-/-Similar-to-EEE,Third-Year-or-Equivalent,3.40---3.79,Yes,0,3,0,0,0,0,0,3,Minimal-Anxiety,4,2,0,1,3,3,1,2,2,1,19,Moderate-Stress,0,0,1,1,1,0,3,1,1,8,Mild-Depression
18-22,Male,IslamicUniversityofTechnology(IUT),Engineering---EEE/-ECE-/-Similar-to-EEE,First-Year-or-Equivalent,Other,No,2,1,2,2,1,1,1,10,Moderate-Anxiety,2,2,3,3,1,3,3,3,3,3,26,Moderate-Stress,1,2,1,1,1,1,1,3,0,11,Moderate-Depression
18-22,Male,IslamicUniversityofTechnology(IUT),Engineering---EEE/-ECE-/-Similar-to-EEE,Third-Year-or-Equivalent,3.80---4.00,No,3,3,3,3,3,3,3,21,Severe-Anxiety,4,4,4,4,4,4,4,4,3,4,39,High-Perceived-Stress,0,3,3,3,3,3,3,3,3,24,Severe-Depression
18-22,Male,IslamicUniversityofTechnology(IUT),Engineering---Mechanical-Engineering-/-Similar-to-ME,First-Year-or-Equivalent,Other,No,3,0,3,3,3,3,3,18,Severe-Anxiety,4,4,4,4,4,4,4,4,4,4,40,High-Perceived-Stress,0,3,3,3,2,3,2,2,3,21,Severe-Depression
18-22,Male,IslamicUniversityofTechnology(IUT),Engineering---Civil-Engineering-/-Similar-to-CE,Third-Year-or-Equivalent,3.80---4.00,No,3,3,3,2,3,2,3,19,Severe-Anxiety,3,4,4,4,3,4,3,3,4,4,36,High-Perceived-Stress,3,3,3,3,3,3,3,1,3,25,Severe-Depression
18-22,Prefer-not-to-say,IslamicUniversityofTechnology(IUT),Engineering---CS-/-CSE-/-CSC-/-Similar-to-CS,Fourth-Year-or-Equivalent,3.00---3.39,No,3,3,3,3,3,3,3,21,Severe-Anxiety,4,4,4,4,4,4,3,4,4,4,39,High-Perceived-Stress,3,3,3,3,3,2,3,3,3,26,Severe-Depression
23-26,Male,IslamicUniversityofTechnology(IUT),Engineering---CS-/-CSE-/-CSC-/-Similar-to-CS,Fourth-Year-or-Equivalent,3.80---4.00,No,3,3,3,2,3,3,2,19,Severe-Anxiety,3,3,4,3,2,3,2,2,4,3,29,High-Perceived-Stress,3,3,3,3,2,1,3,2,0,20,Severe-Depression
18-22,Female,IslamicUniversityofTechnology(IUT),Engineering---EEE/-ECE-/-Similar-to-EEE,Third-Year-or-Equivalent,3.40---3.79,Yes,3,2,2,3,3,3,2,18,Severe-Anxiety,4,4,4,4,4,4,3,4,3,4,38,High-Perceived-Stress,3,3,3,2,0,3,2,0,3,19,Moderately-Severe-Depression
18-22,Female,IslamicUniversityofTechnology(IUT),Engineering---Civil-Engineering-/-Similar-to-CE,First-Year-or-Equivalent,Below-2.50,No,3,1,3,3,3,3,3,19,Severe-Anxiety,4,4,4,4,3,4,3,0,4,4,34,High-Perceived-Stress,2,3,3,3,3,2,2,0,3,21,Severe-Depression
18-22,Male,IslamicUniversityofTechnology(IUT),Engineering---Civil-Engineering-/-Similar-to-CE,Second-Year-or-Equivalent,3.00---3.39,No,3,3,3,3,3,3,3,21,Severe-Anxiety,3,3,4,4,3,4,3,3,4,4,35,High-Perceived-Stress,0,2,3,3,3,3,3,2,3,22,Severe-Depression
18-22,Male,IslamicUniversityofTechnology(IUT),Engineering---EEE/-ECE-/-Similar-to-EEE,First-Year-or-Equivalent,3.80---4.00,No,0,0,1,1,1,1,0,4,Minimal-Anxiety,1,1,2,2,1,1,0,2,1,2,13,Low-Stress,0,1,0,0,2,1,1,0,0,5,Mild-Depression
18-22,Female,IslamicUniversityofTechnology(IUT),Engineering---EEE/-ECE-/-Similar-to-EEE,First-Year-or-Equivalent,Other,No,3,3,2,3,3,3,3,20,Severe-Anxiety,4,3,4,4,4,3,2,4,4,4,36,High-Perceived-Stress,1,1,1,2,2,3,3,1,3,17,Moderately-Severe-Depression
18-22,Male,IslamicUniversityofTechnology(IUT),Engineering---Civil-Engineering-/-Similar-to-CE,Third-Year-or-Equivalent,3.00---3.39,No,2,1,3,3,3,3,2,17,Severe-Anxiety,2,3,4,3,1,3,3,4,1,3,27,High-Perceived-Stress,3,3,2,2,2,2,3,1,0,18,Moderately-Severe-Depression
18-22,Male,IslamicUniversityofTechnology(IUT),Engineering---Mechanical-Engineering-/-Similar-to-ME,First-Year-or-Equivalent,Other,No,2,2,2,2,2,2,2,14,Moderate-Anxiety,2,1,2,2,2,2,2,2,2,2,19,Moderate-Stress,2,2,2,2,2,2,2,2,2,18,Moderately-Severe-Depression
18-22,Male,IslamicUniversityofTechnology(IUT),Engineering---Civil-Engineering-/-Similar-to-CE,Second-Year-or-Equivalent,3.40---3.79,No,3,3,3,3,3,3,3,21,Severe-Anxiety,4,3,4,4,3,3,4,3,4,3,35,High-Perceived-Stress,3,3,2,3,2,3,3,3,3,25,Severe-Depression
18-22,Male,IslamicUniversityofTechnology(IUT),Engineering---EEE/-ECE-/-Similar-to-EEE,First-Year-or-Equivalent,Other,Yes,2,1,0,2,2,2,1,10,Moderate-Anxiety,0,2,2,3,2,3,3,2,3,2,22,Moderate-Stress,1,1,1,2,1,1,1,0,1,9,Mild-Depression
18-22,Male,IslamicUniversityofTechnology(IUT),Engineering---CS-/-CSE-/-CSC-/-Similar-to-CS,First-Year-or-Equivalent,Other,No,3,0,3,2,3,3,3,17,Severe-Anxiety,4,4,4,4,3,3,3,4,4,4,37,High-Perceived-Stress,0,3,3,3,1,3,3,3,3,22,Severe-Depression
18-22,Male,IslamicUniversityofTechnology(IUT),Engineering---Civil-Engineering-/-Similar-to-CE,First-Year-or-Equivalent,2.50---2.99,No,1,0,2,2,1,2,2,10,Moderate-Anxiety,3,4,4,4,3,3,3,3,4,4,35,High-Perceived-Stress,3,3,3,3,3,3,3,3,3,27,Severe-Depression
18-22,Male,IslamicUniversityofTechnology(IUT),Engineering---Civil-Engineering-/-Similar-to-CE,Second-Year-or-Equivalent,3.00---3.39,No,2,2,1,2,2,1,3,13,Moderate-Anxiety,3,4,4,2,2,4,2,4,4,4,33,High-Perceived-Stress,3,3,2,3,1,3,2,1,3,21,Severe-Depression
18-22,Female,IslamicUniversityofTechnology(IUT),Engineering---Civil-Engineering-/-Similar-to-CE,Second-Year-or-Equivalent,3.00---3.39,No,1,1,1,1,1,1,1,7,Mild-Anxiety,3,1,2,1,1,0,1,1,2,2,14,Moderate-Stress,0,1,1,1,1,1,1,1,1,8,Mild-Depression
18-22,Male,IslamicUniversityofTechnology(IUT),Engineering---Mechanical-Engineering-/-Similar-to-ME,Fourth-Year-or-Equivalent,3.40---3.79,No,2,2,3,2,3,3,2,17,Severe-Anxiety,3,3,4,4,1,3,2,3,3,4,30,High-Perceived-Stress,0,3,3,3,3,2,2,3,0,19,Moderately-Severe-Depression
18-22,Male,IslamicUniversityofTechnology(IUT),Engineering---Mechanical-Engineering-/-Similar-to-ME,Third-Year-or-Equivalent,3.40---3.79,No,3,3,3,3,3,3,3,21,Severe-Anxiety,4,2,4,2,3,4,4,3,0,4,30,High-Perceived-Stress,3,3,3,1,3,3,3,3,3,25,Severe-Depression
18-22,Female,IslamicUniversityofTechnology(IUT),Engineering---Civil-Engineering-/-Similar-to-CE,Second-Year-or-Equivalent,3.40---3.79,No,3,1,1,1,1,1,1,9,Mild-Anxiety,4,3,3,4,4,2,2,2,3,4,31,High-Perceived-Stress,1,2,3,2,0,3,3,1,0,15,Moderately-Severe-Depression
18-22,Female,IslamicUniversityofTechnology(IUT),Engineering---EEE/-ECE-/-Similar-to-EEE,Third-Year-or-Equivalent,3.40---3.79,Yes,3,0,3,3,3,3,3,18,Severe-Anxiety,4,4,4,4,0,0,3,3,4,4,30,High-Perceived-Stress,2,2,3,1,1,3,3,1,2,18,Moderately-Severe-Depression
18-22,Male,IslamicUniversityofTechnology(IUT),Engineering---EEE/-ECE-/-Similar-to-EEE,First-Year-or-Equivalent,Below-2.50,No,3,0,3,3,3,3,3,18,Severe-Anxiety,4,4,4,4,4,4,4,4,4,4,40,High-Perceived-Stress,3,3,3,3,3,3,3,3,3,27,Severe-Depression
18-22,Male,IslamicUniversityofTechnology(IUT),Engineering---Mechanical-Engineering-/-Similar-to-ME,First-Year-or-Equivalent,Other,No,3,3,0,3,3,1,2,15,Severe-Anxiety,4,3,4,4,2,4,2,4,4,3,34,High-Perceived-Stress,0,1,0,1,0,3,3,0,1,9,Mild-Depression
18-22,Male,IslamicUniversityofTechnology(IUT),Engineering---EEE/-ECE-/-Similar-to-EEE,Fourth-Year-or-Equivalent,3.40---3.79,No,3,0,3,2,3,2,1,14,Moderate-Anxiety,3,3,4,4,2,1,2,1,3,2,25,Moderate-Stress,2,3,1,1,0,2,1,1,1,12,Moderate-Depression
18-22,Male,IslamicUniversityofTechnology(IUT),Engineering---EEE/-ECE-/-Similar-to-EEE,First-Year-or-Equivalent,Other,No,1,1,3,2,1,2,3,13,Moderate-Anxiety,2,3,3,4,2,4,2,4,3,2,29,High-Perceived-Stress,2,2,2,2,2,2,3,1,1,17,Moderately-Severe-Depression
18-22,Female,IslamicUniversityofTechnology(IUT),Engineering---EEE/-ECE-/-Similar-to-EEE,First-Year-or-Equivalent,3.80---4.00,Yes,3,3,3,3,3,3,3,21,Severe-Anxiety,4,3,4,4,2,2,2,1,4,3,29,High-Perceived-Stress,3,3,3,3,3,3,3,1,3,25,Severe-Depression
18-22,Female,IslamicUniversityofTechnology(IUT),Engineering---EEE/-ECE-/-Similar-to-EEE,Second-Year-or-Equivalent,3.80---4.00,No,3,3,3,3,3,2,3,20,Severe-Anxiety,3,3,4,2,4,4,2,4,2,2,30,High-Perceived-Stress,3,3,1,2,1,2,3,1,0,16,Moderately-Severe-Depression
18-22,Male,AmericanInternationalUniversityBangladesh(AIUB),Engineering---CS-/-CSE-/-CSC-/-Similar-to-CS,Third-Year-or-Equivalent,3.80---4.00,No,1,1,1,1,2,3,3,12,Moderate-Anxiety,3,3,2,2,2,2,1,2,2,2,21,Moderate-Stress,2,2,1,1,2,1,1,1,3,14,Moderate-Depression
18-22,Male,IslamicUniversityofTechnology(IUT),Engineering---Mechanical-Engineering-/-Similar-to-ME,First-Year-or-Equivalent,Other,No,3,3,3,3,3,3,3,21,Severe-Anxiety,4,4,4,4,2,0,3,4,4,4,33,High-Perceived-Stress,0,3,3,3,1,3,3,2,2,20,Severe-Depression
18-22,Male,IslamicUniversityofTechnology(IUT),Engineering---Mechanical-Engineering-/-Similar-to-ME,First-Year-or-Equivalent,Other,No,2,2,0,2,2,2,1,11,Moderate-Anxiety,4,4,4,3,2,3,1,2,3,4,30,High-Perceived-Stress,1,2,1,3,1,2,1,2,2,15,Moderately-Severe-Depression
18-22,Male,IslamicUniversityofTechnology(IUT),Engineering---EEE/-ECE-/-Similar-to-EEE,First-Year-or-Equivalent,Other,Yes,2,0,2,2,2,1,1,10,Moderate-Anxiety,4,4,4,4,3,3,3,2,2,4,33,High-Perceived-Stress,1,1,1,2,2,2,2,1,2,14,Moderate-Depression
23-26,Male,IslamicUniversityofTechnology(IUT),Engineering---CS-/-CSE-/-CSC-/-Similar-to-CS,Fourth-Year-or-Equivalent,3.00---3.39,No,2,2,1,2,2,1,1,11,Moderate-Anxiety,1,2,2,3,2,2,1,2,1,3,19,Moderate-Stress,1,0,0,1,1,0,1,0,0,4,Minimal-Depression
18-22,Male,IslamicUniversityofTechnology(IUT),Engineering---CS-/-CSE-/-CSC-/-Similar-to-CS,First-Year-or-Equivalent,Other,No,1,3,3,3,3,3,3,19,Severe-Anxiety,3,4,4,4,3,3,3,4,4,4,36,High-Perceived-Stress,1,1,2,1,1,2,2,2,1,13,Moderate-Depression
18-22,Male,IslamicUniversityofTechnology(IUT),Engineering---CS-/-CSE-/-CSC-/-Similar-to-CS,Fourth-Year-or-Equivalent,3.80---4.00,No,1,1,1,2,2,3,3,13,Moderate-Anxiety,2,1,4,3,0,2,0,1,4,3,20,Moderate-Stress,3,3,2,2,2,2,3,2,2,21,Severe-Depression
18-22,Prefer-not-to-say,IslamicUniversityofTechnology(IUT),Engineering---CS-/-CSE-/-CSC-/-Similar-to-CS,Second-Year-or-Equivalent,3.80---4.00,No,3,3,3,2,2,3,3,19,Severe-Anxiety,4,4,4,4,4,4,2,4,4,4,38,High-Perceived-Stress,3,3,3,3,3,3,3,3,3,27,Severe-Depression
18-22,Female,IslamicUniversityofTechnology(IUT),Engineering---CS-/-CSE-/-CSC-/-Similar-to-CS,Second-Year-or-Equivalent,3.40---3.79,No,2,2,3,2,2,1,2,14,Moderate-Anxiety,4,4,4,4,4,0,2,2,2,4,30,High-Perceived-Stress,3,3,2,2,3,3,1,1,3,21,Severe-Depression
18-22,Male,IslamicUniversityofTechnology(IUT),Engineering---Civil-Engineering-/-Similar-to-CE,First-Year-or-Equivalent,Below-2.50,No,1,1,1,1,1,1,1,7,Mild-Anxiety,0,1,2,2,1,3,3,3,2,3,20,Moderate-Stress,2,1,1,1,1,1,1,1,1,10,Moderate-Depression
18-22,Male,IslamicUniversityofTechnology(IUT),Engineering---Mechanical-Engineering-/-Similar-to-ME,Second-Year-or-Equivalent,3.00---3.39,No,3,3,0,3,3,3,3,18,Severe-Anxiety,3,4,4,4,0,4,3,4,4,4,34,High-Perceived-Stress,1,3,2,3,0,3,0,2,2,16,Moderately-Severe-Depression
18-22,Male,IslamicUniversityofTechnology(IUT),Engineering---Civil-Engineering-/-Similar-to-CE,Second-Year-or-Equivalent,3.80---4.00,No,3,3,3,3,3,3,3,21,Severe-Anxiety,2,2,4,4,3,4,3,3,4,4,33,High-Perceived-Stress,3,3,3,2,3,3,3,2,3,25,Severe-Depression
18-22,Female,IslamicUniversityofTechnology(IUT),Other,First-Year-or-Equivalent,Other,No,3,3,3,3,3,3,3,21,Severe-Anxiety,4,4,4,4,2,4,3,0,4,4,33,High-Perceived-Stress,3,3,3,3,3,3,3,3,2,26,Severe-Depression
18-22,Female,IslamicUniversityofTechnology(IUT),Business-and-Entrepreneurship-Studies,First-Year-or-Equivalent,Other,No,3,3,2,3,3,2,3,19,Severe-Anxiety,3,4,4,4,0,3,4,4,0,4,30,High-Perceived-Stress,0,3,3,3,3,3,2,3,3,23,Severe-Depression
18-22,Female,IslamicUniversityofTechnology(IUT),Business-and-Entrepreneurship-Studies,First-Year-or-Equivalent,Other,No,3,3,3,3,3,3,3,21,Severe-Anxiety,4,4,4,4,3,2,4,4,4,4,37,High-Perceived-Stress,1,3,2,3,3,3,3,3,0,21,Severe-Depression
18-22,Female,IslamicUniversityofTechnology(IUT),Other,First-Year-or-Equivalent,Other,No,2,3,3,3,3,2,3,19,Severe-Anxiety,3,2,4,4,1,2,2,2,3,4,27,High-Perceived-Stress,1,2,1,2,1,3,3,3,1,17,Moderately-Severe-Depression
18-22,Male,IslamicUniversityofTechnology(IUT),Engineering---EEE/-ECE-/-Similar-to-EEE,First-Year-or-Equivalent,Other,No,2,1,2,2,2,2,2,13,Moderate-Anxiety,4,3,4,3,3,3,2,4,3,3,32,High-Perceived-Stress,1,1,2,0,2,2,3,2,0,13,Moderate-Depression
18-22,Male,IslamicUniversityofTechnology(IUT),Engineering---CS-/-CSE-/-CSC-/-Similar-to-CS,First-Year-or-Equivalent,3.80---4.00,No,2,1,2,2,3,2,3,15,Severe-Anxiety,4,3,4,4,4,2,3,3,3,4,34,High-Perceived-Stress,1,2,3,2,3,3,3,3,1,21,Severe-Depression
18-22,Male,IslamicUniversityofTechnology(IUT),Engineering---EEE/-ECE-/-Similar-to-EEE,First-Year-or-Equivalent,Other,No,1,1,1,2,3,2,3,13,Moderate-Anxiety,2,3,3,3,0,1,2,0,2,2,18,Moderate-Stress,2,2,3,1,2,1,1,0,0,12,Moderate-Depression
18-22,Male,IslamicUniversityofTechnology(IUT),Engineering---EEE/-ECE-/-Similar-to-EEE,Second-Year-or-Equivalent,3.80---4.00,No,3,3,3,3,2,3,3,20,Severe-Anxiety,4,3,4,3,3,3,2,4,4,4,34,High-Perceived-Stress,0,3,3,3,3,3,3,2,3,23,Severe-Depression
23-26,Female,IslamicUniversityofTechnology(IUT),Engineering---CS-/-CSE-/-CSC-/-Similar-to-CS,Fourth-Year-or-Equivalent,2.50---2.99,No,2,3,2,3,3,2,3,18,Severe-Anxiety,4,4,4,4,3,3,4,4,4,4,38,High-Perceived-Stress,1,3,2,3,2,3,3,2,3,22,Severe-Depression
23-26,Male,AmericanInternationalUniversityBangladesh(AIUB),Engineering---CS-/-CSE-/-CSC-/-Similar-to-CS,Third-Year-or-Equivalent,3.00---3.39,Yes,2,2,2,2,2,2,2,14,Moderate-Anxiety,3,3,3,3,1,1,1,1,3,3,22,Moderate-Stress,2,2,2,2,2,2,2,2,2,18,Moderately-Severe-Depression
Above-30,Male,IslamicUniversityofTechnology(IUT),Engineering---EEE/-ECE-/-Similar-to-EEE,First-Year-or-Equivalent,3.00---3.39,Yes,2,3,2,0,3,3,3,16,Severe-Anxiety,4,3,3,3,1,4,4,3,4,4,33,High-Perceived-Stress,3,3,3,0,3,2,3,2,0,19,Moderately-Severe-Depression
18-22,Female,IslamicUniversityofTechnology(IUT),Engineering---EEE/-ECE-/-Similar-to-EEE,First-Year-or-Equivalent,Other,No,2,3,3,2,2,2,3,17,Severe-Anxiety,3,4,3,4,2,3,1,3,3,4,30,High-Perceived-Stress,1,3,3,3,3,2,2,1,3,21,Severe-Depression
18-22,Male,IslamicUniversityofTechnology(IUT),Engineering---EEE/-ECE-/-Similar-to-EEE,First-Year-or-Equivalent,3.40---3.79,No,3,2,2,3,3,3,3,19,Severe-Anxiety,4,4,3,3,3,3,4,3,4,4,35,High-Perceived-Stress,1,3,0,3,1,3,3,1,2,17,Moderately-Severe-Depression
18-22,Male,IslamicUniversityofTechnology(IUT),Engineering---Mechanical-Engineering-/-Similar-to-ME,Second-Year-or-Equivalent,3.40---3.79,No,1,3,3,1,3,3,3,17,Severe-Anxiety,3,3,3,2,2,2,1,0,3,4,23,Moderate-Stress,0,3,1,3,3,3,2,2,1,18,Moderately-Severe-Depression
18-22,Female,IslamicUniversityofTechnology(IUT),Engineering---Mechanical-Engineering-/-Similar-to-ME,Third-Year-or-Equivalent,3.00---3.39,No,3,0,1,1,2,1,1,9,Mild-Anxiety,4,4,4,4,3,4,3,3,0,1,30,High-Perceived-Stress,3,1,2,1,2,2,2,2,2,17,Moderately-Severe-Depression
23-26,Male,IslamicUniversityofTechnology(IUT),Engineering---CS-/-CSE-/-CSC-/-Similar-to-CS,Third-Year-or-Equivalent,3.40---3.79,No,3,0,3,3,3,3,3,18,Severe-Anxiety,3,4,4,4,3,3,3,4,4,4,36,High-Perceived-Stress,3,3,3,3,3,3,3,3,3,27,Severe-Depression
18-22,Male,IslamicUniversityofTechnology(IUT),Engineering---EEE/-ECE-/-Similar-to-EEE,First-Year-or-Equivalent,Other,Yes,3,0,3,2,2,3,3,16,Severe-Anxiety,2,3,4,4,3,3,3,4,4,4,34,High-Perceived-Stress,2,3,3,2,2,3,3,0,1,19,Moderately-Severe-Depression
18-22,Female,IslamicUniversityofTechnology(IUT),Engineering---Civil-Engineering-/-Similar-to-CE,First-Year-or-Equivalent,Other,No,2,2,3,3,3,3,3,19,Severe-Anxiety,4,4,4,4,2,2,3,2,4,4,33,High-Perceived-Stress,1,3,3,3,3,3,3,3,3,25,Severe-Depression
23-26,Female,IslamicUniversityofTechnology(IUT),Business-and-Entrepreneurship-Studies,Fourth-Year-or-Equivalent,3.00---3.39,Yes,3,3,3,3,3,3,3,21,Severe-Anxiety,2,4,4,4,3,2,2,3,4,4,32,High-Perceived-Stress,3,3,3,3,3,3,1,3,0,22,Severe-Depression
23-26,Male,IslamicUniversityofTechnology(IUT),Engineering---CS-/-CSE-/-CSC-/-Similar-to-CS,Third-Year-or-Equivalent,3.00---3.39,No,2,2,2,3,3,3,2,17,Severe-Anxiety,3,4,4,3,3,3,2,4,4,4,34,High-Perceived-Stress,1,3,2,3,2,3,3,3,3,23,Severe-Depression
18-22,Female,IslamicUniversityofTechnology(IUT),Engineering---EEE/-ECE-/-Similar-to-EEE,First-Year-or-Equivalent,Other,No,3,3,3,3,3,3,3,21,Severe-Anxiety,4,4,4,4,4,4,4,4,4,4,40,High-Perceived-Stress,0,3,3,3,3,3,3,3,3,24,Severe-Depression
18-22,Female,IslamicUniversityofTechnology(IUT),Engineering---EEE/-ECE-/-Similar-to-EEE,First-Year-or-Equivalent,3.00---3.39,Yes,3,2,2,3,3,3,3,19,Severe-Anxiety,2,4,4,3,2,2,3,0,4,4,28,High-Perceived-Stress,2,3,2,3,2,3,3,3,2,23,Severe-Depression
18-22,Male,IslamicUniversityofTechnology(IUT),Engineering---EEE/-ECE-/-Similar-to-EEE,First-Year-or-Equivalent,3.80---4.00,Yes,3,0,0,3,2,2,1,11,Moderate-Anxiety,4,4,4,3,2,2,2,2,4,2,29,High-Perceived-Stress,2,2,3,3,2,3,0,1,3,19,Moderately-Severe-Depression
18-22,Male,IslamicUniversityofTechnology(IUT),Engineering---EEE/-ECE-/-Similar-to-EEE,Second-Year-or-Equivalent,3.80---4.00,Yes,1,3,1,3,3,1,3,15,Severe-Anxiety,3,4,0,1,0,2,2,0,3,0,15,Moderate-Stress,3,3,3,3,3,3,2,2,3,25,Severe-Depression
23-26,Male,AmericanInternationalUniversityBangladesh(AIUB),Engineering---CS-/-CSE-/-CSC-/-Similar-to-CS,Third-Year-or-Equivalent,3.40---3.79,No,2,2,1,1,2,2,1,11,Moderate-Anxiety,2,3,2,3,1,4,2,3,3,2,25,Moderate-Stress,1,2,2,1,1,3,0,0,2,12,Moderate-Depression
18-22,Female,IslamicUniversityofTechnology(IUT),Engineering---Civil-Engineering-/-Similar-to-CE,First-Year-or-Equivalent,Other,No,3,3,3,3,3,3,3,21,Severe-Anxiety,4,3,3,4,2,3,2,3,3,3,30,High-Perceived-Stress,2,3,3,3,3,3,3,2,3,25,Severe-Depression
18-22,Female,IslamicUniversityofTechnology(IUT),Other,Second-Year-or-Equivalent,3.40---3.79,No,3,3,3,3,3,3,3,21,Severe-Anxiety,4,4,4,4,2,3,4,2,4,3,34,High-Perceived-Stress,0,2,3,3,3,3,3,2,1,20,Severe-Depression
18-22,Female,IslamicUniversityofTechnology(IUT),Engineering---CS-/-CSE-/-CSC-/-Similar-to-CS,Third-Year-or-Equivalent,3.00---3.39,No,3,1,1,1,1,1,1,9,Mild-Anxiety,3,3,4,3,2,2,3,2,3,3,28,High-Perceived-Stress,0,0,0,0,1,3,1,2,1,8,Mild-Depression
18-22,Male,IslamicUniversityofTechnology(IUT),Engineering---Mechanical-Engineering-/-Similar-to-ME,First-Year-or-Equivalent,Other,No,2,1,3,2,1,2,1,12,Moderate-Anxiety,3,3,4,4,2,3,2,2,2,4,29,High-Perceived-Stress,1,2,1,2,0,1,0,0,0,7,Mild-Depression
18-22,Female,IslamicUniversityofTechnology(IUT),Engineering---EEE/-ECE-/-Similar-to-EEE,Third-Year-or-Equivalent,3.40---3.79,No,3,0,3,3,3,3,3,18,Severe-Anxiety,4,4,4,4,3,4,4,4,4,4,39,High-Perceived-Stress,0,3,3,3,3,3,3,3,1,22,Severe-Depression
18-22,Male,DhakaUniversity(DU),Other,Third-Year-or-Equivalent,3.00---3.39,No,2,1,1,1,1,1,2,9,Mild-Anxiety,2,2,2,2,2,2,2,2,2,2,20,Moderate-Stress,2,2,2,2,2,2,1,1,2,16,Moderately-Severe-Depression
18-22,Female,IslamicUniversityofTechnology(IUT),Engineering---EEE/-ECE-/-Similar-to-EEE,First-Year-or-Equivalent,Other,No,3,0,3,3,3,3,1,16,Severe-Anxiety,4,4,4,4,4,4,3,4,4,4,39,High-Perceived-Stress,0,3,3,3,3,3,3,0,0,18,Moderately-Severe-Depression
18-22,Male,DhakaUniversity(DU),Biological-Sciences,Third-Year-or-Equivalent,3.40---3.79,No,0,0,0,0,0,0,0,0,Minimal-Anxiety,0,0,0,0,4,4,4,3,0,0,15,Moderate-Stress,0,0,0,0,0,0,0,0,0,0,No-Depression
18-22,Female,IslamicUniversityofTechnology(IUT),Engineering---Mechanical-Engineering-/-Similar-to-ME,First-Year-or-Equivalent,Other,No,3,0,3,3,3,3,3,18,Severe-Anxiety,4,4,4,4,3,3,4,3,4,4,37,High-Perceived-Stress,3,3,3,3,3,3,3,3,3,27,Severe-Depression
23-26,Male,IndependentUniversityBangladesh(IUB),Engineering---CS-/-CSE-/-CSC-/-Similar-to-CS,Third-Year-or-Equivalent,Below-2.50,No,2,3,0,0,0,0,0,5,Mild-Anxiety,3,3,3,3,1,1,1,1,3,3,22,Moderate-Stress,0,0,0,0,0,0,0,0,0,0,No-Depression
18-22,Male,IslamicUniversityofTechnology(IUT),Engineering---EEE/-ECE-/-Similar-to-EEE,First-Year-or-Equivalent,Other,No,1,0,2,3,3,2,1,12,Moderate-Anxiety,3,4,4,4,0,3,2,4,4,4,32,High-Perceived-Stress,0,3,2,3,2,0,3,3,1,17,Moderately-Severe-Depression
23-26,Female,IslamicUniversityofTechnology(IUT),Engineering---EEE/-ECE-/-Similar-to-EEE,Third-Year-or-Equivalent,3.40---3.79,No,2,2,2,2,3,3,2,16,Severe-Anxiety,4,3,4,4,3,3,3,2,4,4,34,High-Perceived-Stress,3,3,2,3,2,0,1,1,2,17,Moderately-Severe-Depression
23-26,Male,IslamicUniversityofTechnology(IUT),Engineering---CS-/-CSE-/-CSC-/-Similar-to-CS,Third-Year-or-Equivalent,Below-2.50,No,3,3,1,1,3,3,3,17,Severe-Anxiety,4,4,4,2,3,2,3,3,4,4,33,High-Perceived-Stress,2,3,3,3,3,3,3,3,3,26,Severe-Depression
18-22,Male,IslamicUniversityofTechnology(IUT),Engineering---EEE/-ECE-/-Similar-to-EEE,First-Year-or-Equivalent,3.80---4.00,Yes,2,1,1,2,1,1,2,10,Moderate-Anxiety,3,2,3,2,2,3,1,2,2,3,23,Moderate-Stress,1,1,2,3,2,1,2,1,0,13,Moderate-Depression
18-22,Female,IslamicUniversityofTechnology(IUT),Engineering---EEE/-ECE-/-Similar-to-EEE,First-Year-or-Equivalent,Other,No,3,3,3,3,3,3,3,21,Severe-Anxiety,4,4,4,4,0,4,3,4,4,4,35,High-Perceived-Stress,3,3,3,3,3,3,3,3,3,27,Severe-Depression
18-22,Female,IslamicUniversityofTechnology(IUT),Engineering---EEE/-ECE-/-Similar-to-EEE,First-Year-or-Equivalent,Other,Yes,3,3,3,2,3,3,3,20,Severe-Anxiety,2,3,4,4,2,2,3,3,4,4,31,High-Perceived-Stress,1,2,3,3,2,3,2,1,1,18,Moderately-Severe-Depression
27-30,Female,IslamicUniversityofTechnology(IUT),Other,Second-Year-or-Equivalent,Other,Yes,3,3,3,3,2,3,3,20,Severe-Anxiety,4,3,4,2,2,3,3,4,4,4,33,High-Perceived-Stress,2,3,3,3,3,2,2,2,2,22,Severe-Depression
18-22,Male,IslamicUniversityofTechnology(IUT),Engineering---EEE/-ECE-/-Similar-to-EEE,First-Year-or-Equivalent,Other,Yes,2,2,2,2,1,1,2,12,Moderate-Anxiety,4,3,4,3,3,3,2,4,3,3,32,High-Perceived-Stress,1,2,2,2,1,2,2,1,1,14,Moderate-Depression
18-22,Male,IslamicUniversityofTechnology(IUT),Engineering---EEE/-ECE-/-Similar-to-EEE,First-Year-or-Equivalent,Other,No,1,1,0,2,1,3,1,9,Mild-Anxiety,2,3,4,3,3,2,2,4,2,4,29,High-Perceived-Stress,2,1,3,2,1,1,0,0,0,10,Moderate-Depression
18-22,Female,IslamicUniversityofTechnology(IUT),Engineering---Civil-Engineering-/-Similar-to-CE,First-Year-or-Equivalent,Other,No,3,2,2,2,3,3,3,18,Severe-Anxiety,3,3,4,3,2,3,3,3,3,3,30,High-Perceived-Stress,1,3,2,2,2,1,1,1,0,13,Moderate-Depression
18-22,Male,IslamicUniversityofTechnology(IUT),Engineering---Mechanical-Engineering-/-Similar-to-ME,First-Year-or-Equivalent,Other,Yes,1,3,2,2,2,1,1,12,Moderate-Anxiety,2,3,4,4,0,2,1,1,2,3,22,Moderate-Stress,2,2,2,1,0,1,2,1,1,12,Moderate-Depression
18-22,Male,IslamicUniversityofTechnology(IUT),Engineering---EEE/-ECE-/-Similar-to-EEE,Second-Year-or-Equivalent,3.80---4.00,No,3,1,2,2,2,1,1,12,Moderate-Anxiety,2,3,3,4,1,3,3,3,3,4,29,High-Perceived-Stress,2,1,2,2,3,1,2,2,1,16,Moderately-Severe-Depression
23-26,Male,IslamicUniversityofTechnology(IUT),Engineering---CS-/-CSE-/-CSC-/-Similar-to-CS,Third-Year-or-Equivalent,3.40---3.79,No,3,3,3,3,3,3,3,21,Severe-Anxiety,4,4,4,4,3,3,3,4,0,4,33,High-Perceived-Stress,1,3,3,3,2,3,2,1,3,21,Severe-Depression
18-22,Female,IslamicUniversityofTechnology(IUT),Engineering---CS-/-CSE-/-CSC-/-Similar-to-CS,Second-Year-or-Equivalent,3.40---3.79,Yes,3,3,3,3,3,0,3,18,Severe-Anxiety,4,4,4,4,4,4,3,4,4,4,39,High-Perceived-Stress,1,3,3,3,1,3,3,0,3,20,Severe-Depression
23-26,Male,IslamicUniversityofTechnology(IUT),Engineering---CS-/-CSE-/-CSC-/-Similar-to-CS,Fourth-Year-or-Equivalent,3.00---3.39,Yes,0,2,2,2,0,1,2,9,Mild-Anxiety,1,2,1,2,1,0,0,3,4,3,17,Moderate-Stress,1,2,1,2,2,2,1,2,1,14,Moderate-Depression
18-22,Female,IslamicUniversityofTechnology(IUT),Business-and-Entrepreneurship-Studies,Second-Year-or-Equivalent,3.00---3.39,No,2,3,2,2,3,2,2,16,Severe-Anxiety,4,4,4,4,3,3,2,4,4,4,36,High-Perceived-Stress,1,2,3,3,3,2,1,1,2,18,Moderately-Severe-Depression
18-22,Female,IslamicUniversityofTechnology(IUT),Engineering---Civil-Engineering-/-Similar-to-CE,Second-Year-or-Equivalent,3.40---3.79,No,1,3,3,1,3,3,1,15,Severe-Anxiety,2,2,2,2,2,4,2,4,2,2,24,Moderate-Stress,1,1,3,3,3,3,3,1,0,18,Moderately-Severe-Depression
18-22,Female,IslamicUniversityofTechnology(IUT),Engineering---EEE/-ECE-/-Similar-to-EEE,First-Year-or-Equivalent,2.50---2.99,No,3,1,3,3,3,3,3,19,Severe-Anxiety,4,1,4,3,3,3,1,4,0,4,27,High-Perceived-Stress,3,3,2,3,1,3,2,1,3,21,Severe-Depression
18-22,Male,IslamicUniversityofTechnology(IUT),Engineering---EEE/-ECE-/-Similar-to-EEE,First-Year-or-Equivalent,Other,No,2,3,1,3,3,1,3,16,Severe-Anxiety,4,4,4,4,0,3,4,4,4,4,35,High-Perceived-Stress,1,3,3,1,3,3,0,3,3,20,Severe-Depression
Above-30,Male,IslamicUniversityofTechnology(IUT),Other,First-Year-or-Equivalent,3.00---3.39,Yes,2,1,2,2,3,2,2,14,Moderate-Anxiety,1,1,0,0,2,3,3,2,1,0,13,Low-Stress,1,2,2,2,2,2,0,0,1,12,Moderate-Depression
18-22,Male,IslamicUniversityofTechnology(IUT),Engineering---CS-/-CSE-/-CSC-/-Similar-to-CS,Third-Year-or-Equivalent,3.80---4.00,Yes,3,3,3,2,3,2,1,17,Severe-Anxiety,3,3,4,4,2,3,2,2,3,4,30,High-Perceived-Stress,1,2,3,2,2,3,3,1,0,17,Moderately-Severe-Depression
18-22,Male,IslamicUniversityofTechnology(IUT),Engineering---CS-/-CSE-/-CSC-/-Similar-to-CS,Third-Year-or-Equivalent,3.00---3.39,No,3,3,0,3,3,3,1,16,Severe-Anxiety,3,4,4,4,1,4,3,2,4,4,33,High-Perceived-Stress,0,3,3,3,2,2,3,0,0,16,Moderately-Severe-Depression
23-26,Male,IslamicUniversityofTechnology(IUT),Engineering---EEE/-ECE-/-Similar-to-EEE,Fourth-Year-or-Equivalent,Below-2.50,Yes,2,2,2,2,2,2,2,14,Moderate-Anxiety,2,2,2,2,4,4,3,4,2,2,27,High-Perceived-Stress,2,2,2,2,2,2,2,2,2,18,Moderately-Severe-Depression
18-22,Male,IslamicUniversityofTechnology(IUT),Engineering---Mechanical-Engineering-/-Similar-to-ME,First-Year-or-Equivalent,Other,No,3,3,2,3,3,3,3,20,Severe-Anxiety,4,4,4,2,3,4,3,3,2,4,33,High-Perceived-Stress,0,3,3,3,3,3,3,3,3,24,Severe-Depression
23-26,Male,IslamicUniversityofTechnology(IUT),Engineering---Civil-Engineering-/-Similar-to-CE,Fourth-Year-or-Equivalent,3.00---3.39,No,1,1,1,1,1,1,1,7,Mild-Anxiety,2,2,3,3,2,2,2,3,2,2,23,Moderate-Stress,1,1,1,1,1,1,1,1,1,9,Mild-Depression
18-22,Female,IslamicUniversityofTechnology(IUT),Engineering---Mechanical-Engineering-/-Similar-to-ME,Second-Year-or-Equivalent,3.00---3.39,No,3,3,3,3,3,3,3,21,Severe-Anxiety,4,4,4,4,3,4,1,2,4,4,34,High-Perceived-Stress,1,3,3,3,3,3,3,3,2,24,Severe-Depression
23-26,Male,AmericanInternationalUniversityBangladesh(AIUB),Engineering---CS-/-CSE-/-CSC-/-Similar-to-CS,Third-Year-or-Equivalent,3.40---3.79,No,1,2,1,1,1,2,1,9,Mild-Anxiety,2,2,2,1,2,1,2,2,2,2,18,Moderate-Stress,2,1,1,1,0,1,1,0,0,7,Mild-Depression
18-22,Male,IslamicUniversityofTechnology(IUT),Engineering---EEE/-ECE-/-Similar-to-EEE,First-Year-or-Equivalent,Other,No,1,1,1,2,2,2,2,11,Moderate-Anxiety,2,1,3,2,3,2,3,2,2,2,22,Moderate-Stress,1,2,0,1,1,3,2,0,0,10,Moderate-Depression
18-22,Male,IslamicUniversityofTechnology(IUT),Engineering---EEE/-ECE-/-Similar-to-EEE,First-Year-or-Equivalent,3.00---3.39,No,2,1,1,3,2,2,3,14,Moderate-Anxiety,4,3,4,2,2,2,2,4,2,2,27,High-Perceived-Stress,1,2,0,2,1,3,1,1,0,11,Moderate-Depression
18-22,Male,IslamicUniversityofTechnology(IUT),Engineering---Mechanical-Engineering-/-Similar-to-ME,First-Year-or-Equivalent,3.00---3.39,No,2,2,2,2,1,2,3,14,Moderate-Anxiety,3,3,2,3,3,2,2,3,3,4,28,High-Perceived-Stress,0,2,2,2,2,2,3,2,0,15,Moderately-Severe-Depression
18-22,Male,IslamicUniversityofTechnology(IUT),Engineering---CS-/-CSE-/-CSC-/-Similar-to-CS,Third-Year-or-Equivalent,3.40---3.79,No,3,2,2,1,3,3,3,17,Severe-Anxiety,4,3,4,4,3,3,2,1,4,4,32,High-Perceived-Stress,1,2,2,3,2,2,3,2,2,19,Moderately-Severe-Depression
18-22,Male,IslamicUniversityofTechnology(IUT),Engineering---Mechanical-Engineering-/-Similar-to-ME,Second-Year-or-Equivalent,3.40---3.79,No,1,0,1,1,0,0,0,3,Minimal-Anxiety,2,2,3,2,1,2,2,2,2,2,20,Moderate-Stress,1,2,1,1,1,1,0,0,1,8,Mild-Depression
18-22,Female,IslamicUniversityofTechnology(IUT),Engineering---EEE/-ECE-/-Similar-to-EEE,Second-Year-or-Equivalent,3.80---4.00,No,2,1,3,2,3,1,3,15,Severe-Anxiety,4,4,4,2,2,2,2,2,3,4,29,High-Perceived-Stress,0,2,1,1,1,1,3,3,0,12,Moderate-Depression
18-22,Female,IndependentUniversityBangladesh(IUB),Engineering---CS-/-CSE-/-CSC-/-Similar-to-CS,First-Year-or-Equivalent,2.50---2.99,No,1,1,1,2,2,3,2,12,Moderate-Anxiety,0,2,2,2,2,1,2,4,3,3,21,Moderate-Stress,2,2,1,2,3,3,0,0,3,16,Moderately-Severe-Depression
23-26,Male,Dhaka-University-of-Engineering-and-Technology-(DUET),Engineering---CS-/-CSE-/-CSC-/-Similar-to-CS,Fourth-Year-or-Equivalent,3.40---3.79,No,1,2,1,1,1,2,1,9,Mild-Anxiety,1,1,3,3,2,1,1,2,3,1,18,Moderate-Stress,1,1,2,2,1,1,1,2,1,12,Moderate-Depression
23-26,Male,Dhaka-University-of-Engineering-and-Technology-(DUET),Engineering---CS-/-CSE-/-CSC-/-Similar-to-CS,Fourth-Year-or-Equivalent,3.40---3.79,No,1,1,0,1,1,0,0,4,Minimal-Anxiety,1,0,2,1,1,1,2,1,1,1,11,Low-Stress,1,0,0,1,0,1,1,1,0,5,Mild-Depression
23-26,Male,Dhaka-University-of-Engineering-and-Technology-(DUET),Engineering---CS-/-CSE-/-CSC-/-Similar-to-CS,Fourth-Year-or-Equivalent,3.00---3.39,No,1,0,1,1,1,1,0,5,Mild-Anxiety,1,0,2,2,1,4,2,4,2,2,20,Moderate-Stress,2,1,0,1,1,1,1,0,0,7,Mild-Depression
23-26,Male,IslamicUniversityofTechnology(IUT),Engineering---CS-/-CSE-/-CSC-/-Similar-to-CS,Fourth-Year-or-Equivalent,2.50---2.99,No,3,3,3,3,3,3,3,21,Severe-Anxiety,4,4,4,4,4,4,4,4,4,4,40,High-Perceived-Stress,3,3,3,3,3,3,3,3,2,26,Severe-Depression
18-22,Male,IslamicUniversityofTechnology(IUT),Engineering---EEE/-ECE-/-Similar-to-EEE,First-Year-or-Equivalent,Other,No,2,2,2,3,2,1,3,15,Severe-Anxiety,3,2,3,4,2,4,1,4,2,4,29,High-Perceived-Stress,2,1,0,3,0,3,2,0,1,12,Moderate-Depression
18-22,Male,AmericanInternationalUniversityBangladesh(AIUB),Engineering---CS-/-CSE-/-CSC-/-Similar-to-CS,Third-Year-or-Equivalent,3.00---3.39,No,3,3,3,3,3,3,3,21,Severe-Anxiety,2,2,2,2,2,2,2,2,2,2,20,Moderate-Stress,1,1,1,1,1,1,1,1,1,9,Mild-Depression
18-22,Male,IslamicUniversityofTechnology(IUT),Engineering---Mechanical-Engineering-/-Similar-to-ME,First-Year-or-Equivalent,Other,No,3,3,3,3,3,3,2,20,Severe-Anxiety,3,3,4,4,3,4,0,4,3,4,32,High-Perceived-Stress,1,3,3,2,1,3,2,2,2,19,Moderately-Severe-Depression
23-26,Male,AmericanInternationalUniversityBangladesh(AIUB),Engineering---CS-/-CSE-/-CSC-/-Similar-to-CS,Third-Year-or-Equivalent,2.50---2.99,No,0,0,0,0,0,0,0,0,Minimal-Anxiety,2,1,1,0,4,4,4,4,0,0,20,Moderate-Stress,1,0,0,1,2,1,2,2,1,10,Moderate-Depression
23-26,Male,Dhaka-University-of-Engineering-and-Technology-(DUET),Engineering---CS-/-CSE-/-CSC-/-Similar-to-CS,Fourth-Year-or-Equivalent,3.00---3.39,Yes,2,3,2,2,2,3,2,16,Severe-Anxiety,4,3,4,4,0,0,0,1,3,3,22,Moderate-Stress,2,0,0,2,2,3,1,2,2,14,Moderate-Depression
23-26,Female,Dhaka-University-of-Engineering-and-Technology-(DUET),Engineering---CS-/-CSE-/-CSC-/-Similar-to-CS,Fourth-Year-or-Equivalent,3.40---3.79,No,2,2,2,2,2,2,2,14,Moderate-Anxiety,1,0,2,1,2,2,3,2,2,0,15,Moderate-Stress,1,1,2,2,2,0,1,2,0,11,Moderate-Depression
23-26,Female,Dhaka-University-of-Engineering-and-Technology-(DUET),Engineering---CS-/-CSE-/-CSC-/-Similar-to-CS,Second-Year-or-Equivalent,3.00---3.39,Yes,0,0,0,0,1,0,1,2,Minimal-Anxiety,2,2,2,2,2,2,2,2,2,0,18,Moderate-Stress,1,1,0,0,0,0,1,1,0,4,Minimal-Depression
23-26,Male,Dhaka-University-of-Engineering-and-Technology-(DUET),Engineering---CS-/-CSE-/-CSC-/-Similar-to-CS,Second-Year-or-Equivalent,2.50---2.99,Yes,1,1,2,2,3,2,2,13,Moderate-Anxiety,1,1,2,2,1,1,1,2,3,2,16,Moderate-Stress,1,2,0,3,0,3,2,3,1,15,Moderately-Severe-Depression
23-26,Female,Dhaka-University-of-Engineering-and-Technology-(DUET),Engineering---CS-/-CSE-/-CSC-/-Similar-to-CS,Second-Year-or-Equivalent,2.50---2.99,No,1,1,3,2,1,2,2,12,Moderate-Anxiety,0,2,3,2,3,2,2,1,3,1,19,Moderate-Stress,1,2,2,2,2,2,2,1,1,15,Moderately-Severe-Depression
23-26,Male,Dhaka-University-of-Engineering-and-Technology-(DUET),Engineering---CS-/-CSE-/-CSC-/-Similar-to-CS,Second-Year-or-Equivalent,2.50---2.99,No,1,0,1,2,2,1,2,9,Mild-Anxiety,0,0,0,2,2,2,4,2,2,2,16,Moderate-Stress,1,2,2,2,2,2,1,1,2,15,Moderately-Severe-Depression
18-22,Female,IslamicUniversityofTechnology(IUT),Engineering---EEE/-ECE-/-Similar-to-EEE,First-Year-or-Equivalent,Other,No,2,1,2,2,1,1,1,10,Moderate-Anxiety,2,2,2,2,2,3,2,4,2,2,23,Moderate-Stress,2,1,1,1,1,3,1,1,0,11,Moderate-Depression
23-26,Male,IndependentUniversityBangladesh(IUB),Environmental-and-Life-Sciences,Fourth-Year-or-Equivalent,2.50---2.99,No,1,1,2,2,2,2,2,12,Moderate-Anxiety,3,4,4,3,2,2,2,2,2,3,27,High-Perceived-Stress,1,2,2,2,2,1,1,1,1,13,Moderate-Depression
23-26,Female,Dhaka-University-of-Engineering-and-Technology-(DUET),Engineering---CS-/-CSE-/-CSC-/-Similar-to-CS,Second-Year-or-Equivalent,2.50---2.99,No,1,0,0,0,0,1,0,2,Minimal-Anxiety,0,0,0,0,3,4,4,3,1,1,16,Moderate-Stress,1,0,0,0,0,1,1,0,0,3,Minimal-Depression
23-26,Male,Dhaka-University-of-Engineering-and-Technology-(DUET),Engineering---CS-/-CSE-/-CSC-/-Similar-to-CS,Fourth-Year-or-Equivalent,3.40---3.79,No,2,0,2,3,3,1,2,13,Moderate-Anxiety,3,2,2,2,2,2,2,2,2,2,21,Moderate-Stress,2,3,2,2,1,3,3,2,2,20,Severe-Depression
23-26,Male,Dhaka-University-of-Engineering-and-Technology-(DUET),Engineering---CS-/-CSE-/-CSC-/-Similar-to-CS,Second-Year-or-Equivalent,2.50---2.99,No,1,1,1,1,0,0,0,4,Minimal-Anxiety,0,0,1,0,3,3,3,2,1,1,14,Moderate-Stress,1,0,0,2,1,1,1,0,0,6,Mild-Depression
23-26,Male,AmericanInternationalUniversityBangladesh(AIUB),Engineering---CS-/-CSE-/-CSC-/-Similar-to-CS,Fourth-Year-or-Equivalent,2.50---2.99,No,3,3,3,3,3,3,3,21,Severe-Anxiety,4,4,4,4,0,0,2,0,4,2,24,Moderate-Stress,2,3,3,3,3,2,3,3,3,25,Severe-Depression
23-26,Male,Dhaka-University-of-Engineering-and-Technology-(DUET),Engineering---CS-/-CSE-/-CSC-/-Similar-to-CS,Fourth-Year-or-Equivalent,3.80---4.00,Yes,0,0,0,0,0,1,0,1,Minimal-Anxiety,0,2,0,2,1,2,2,2,2,0,13,Low-Stress,1,0,0,0,0,0,0,0,0,1,Minimal-Depression
18-22,Male,IndependentUniversityBangladesh(IUB),Business-and-Entrepreneurship-Studies,First-Year-or-Equivalent,Other,Yes,0,0,1,0,1,2,0,4,Minimal-Anxiety,0,2,0,0,3,2,3,4,2,1,17,Moderate-Stress,0,0,0,1,0,0,1,0,0,2,Minimal-Depression
18-22,Male,Dhaka-University-of-Engineering-and-Technology-(DUET),Engineering---CS-/-CSE-/-CSC-/-Similar-to-CS,Second-Year-or-Equivalent,3.00---3.39,No,1,1,1,2,1,1,1,8,Mild-Anxiety,2,2,2,2,1,2,2,2,2,1,18,Moderate-Stress,1,1,1,2,1,1,1,1,1,10,Moderate-Depression
18-22,Female,NorthSouthUniversity(NSU),Engineering---EEE/-ECE-/-Similar-to-EEE,First-Year-or-Equivalent,2.50---2.99,No,1,1,1,1,1,1,1,7,Mild-Anxiety,0,4,4,4,0,0,1,2,2,2,19,Moderate-Stress,3,1,1,1,1,1,1,1,1,11,Moderate-Depression
18-22,Male,IslamicUniversityofTechnology(IUT),Engineering---Civil-Engineering-/-Similar-to-CE,Second-Year-or-Equivalent,3.00---3.39,No,2,1,1,2,1,3,3,13,Moderate-Anxiety,3,4,4,4,1,4,4,4,2,4,34,High-Perceived-Stress,0,3,2,2,3,3,2,3,3,21,Severe-Depression
23-26,Male,Dhaka-University-of-Engineering-and-Technology-(DUET),Engineering---CS-/-CSE-/-CSC-/-Similar-to-CS,Second-Year-or-Equivalent,3.00---3.39,No,1,2,2,3,1,1,0,10,Moderate-Anxiety,4,2,3,2,1,1,2,1,4,2,22,Moderate-Stress,1,2,2,1,1,2,0,1,1,11,Moderate-Depression
18-22,Male,IslamicUniversityofTechnology(IUT),Engineering---Mechanical-Engineering-/-Similar-to-ME,First-Year-or-Equivalent,Other,Yes,2,2,2,1,2,1,1,11,Moderate-Anxiety,2,2,2,1,0,1,0,1,3,1,13,Low-Stress,3,2,1,1,1,2,2,2,2,16,Moderately-Severe-Depression
18-22,Male,IslamicUniversityofTechnology(IUT),Engineering---Mechanical-Engineering-/-Similar-to-ME,First-Year-or-Equivalent,Other,No,3,3,3,3,3,3,3,21,Severe-Anxiety,4,4,4,3,3,4,3,4,4,3,36,High-Perceived-Stress,1,3,2,3,1,3,3,2,1,19,Moderately-Severe-Depression
23-26,Female,Dhaka-University-of-Engineering-and-Technology-(DUET),Engineering---CS-/-CSE-/-CSC-/-Similar-to-CS,Fourth-Year-or-Equivalent,3.00---3.39,No,2,0,3,1,1,1,1,9,Mild-Anxiety,2,2,2,3,2,1,0,2,2,2,18,Moderate-Stress,2,1,0,1,0,1,1,0,1,7,Mild-Depression
18-22,Male,IslamicUniversityofTechnology(IUT),Engineering---CS-/-CSE-/-CSC-/-Similar-to-CS,First-Year-or-Equivalent,Other,No,1,3,3,2,3,2,1,15,Severe-Anxiety,4,4,2,3,1,2,2,4,2,3,27,High-Perceived-Stress,0,3,3,3,3,3,3,2,3,23,Severe-Depression
27-30,Male,IslamicUniversityofTechnology(IUT),Engineering---Mechanical-Engineering-/-Similar-to-ME,Other,3.00---3.39,Yes,0,0,0,0,0,0,0,0,Minimal-Anxiety,0,1,0,0,4,2,2,2,0,0,11,Low-Stress,0,0,0,0,0,0,0,0,0,0,No-Depression
18-22,Male,IslamicUniversityofTechnology(IUT),Engineering---EEE/-ECE-/-Similar-to-EEE,Fourth-Year-or-Equivalent,3.00---3.39,No,3,3,3,2,3,3,3,20,Severe-Anxiety,4,4,4,4,4,4,3,4,4,4,39,High-Perceived-Stress,1,3,2,3,2,3,3,0,2,19,Moderately-Severe-Depression
18-22,Male,IndependentUniversityBangladesh(IUB),Engineering---CS-/-CSE-/-CSC-/-Similar-to-CS,First-Year-or-Equivalent,2.50---2.99,No,2,2,2,2,2,2,2,14,Moderate-Anxiety,2,2,2,2,2,2,2,2,2,2,20,Moderate-Stress,2,2,2,2,2,2,2,2,2,18,Moderately-Severe-Depression
23-26,Male,AmericanInternationalUniversityBangladesh(AIUB),Engineering---CS-/-CSE-/-CSC-/-Similar-to-CS,First-Year-or-Equivalent,Below-2.50,No,1,2,2,1,1,2,1,10,Moderate-Anxiety,2,2,2,2,2,3,2,2,2,2,21,Moderate-Stress,1,1,1,1,2,2,2,3,2,15,Moderately-Severe-Depression
18-22,Female,IndependentUniversityBangladesh(IUB),Engineering---CS-/-CSE-/-CSC-/-Similar-to-CS,First-Year-or-Equivalent,Other,No,2,0,0,0,1,1,3,7,Mild-Anxiety,0,2,2,0,0,0,2,3,0,0,9,Low-Stress,2,0,0,1,0,0,0,0,0,3,Minimal-Depression
18-22,Female,AmericanInternationalUniversityBangladesh(AIUB),Engineering---CS-/-CSE-/-CSC-/-Similar-to-CS,First-Year-or-Equivalent,3.00---3.39,No,3,3,3,3,3,2,3,20,Severe-Anxiety,4,4,4,4,2,2,3,3,4,4,34,High-Perceived-Stress,2,3,2,3,3,3,3,2,3,24,Severe-Depression
18-22,Male,AmericanInternationalUniversityBangladesh(AIUB),Engineering---CS-/-CSE-/-CSC-/-Similar-to-CS,First-Year-or-Equivalent,3.80---4.00,No,2,2,2,1,2,2,3,14,Moderate-Anxiety,3,2,3,1,1,1,2,2,4,2,21,Moderate-Stress,3,3,0,1,1,3,1,2,2,16,Moderately-Severe-Depression
23-26,Male,IslamicUniversityofTechnology(IUT),Engineering---EEE/-ECE-/-Similar-to-EEE,Fourth-Year-or-Equivalent,3.40---3.79,No,3,3,3,3,3,3,3,21,Severe-Anxiety,4,4,4,4,2,2,3,2,4,4,33,High-Perceived-Stress,1,2,3,3,2,2,2,2,2,19,Moderately-Severe-Depression
18-22,Male,IslamicUniversityofTechnology(IUT),Engineering---EEE/-ECE-/-Similar-to-EEE,First-Year-or-Equivalent,Other,Yes,2,2,3,2,2,2,1,14,Moderate-Anxiety,3,1,3,3,1,1,3,1,1,2,19,Moderate-Stress,0,2,2,2,0,1,1,1,0,9,Mild-Depression
18-22,Male,AmericanInternationalUniversityBangladesh(AIUB),Engineering---CS-/-CSE-/-CSC-/-Similar-to-CS,First-Year-or-Equivalent,3.00---3.39,No,0,3,3,0,0,3,3,12,Moderate-Anxiety,0,0,4,4,0,1,1,0,4,4,18,Moderate-Stress,0,3,3,3,3,3,3,3,3,24,Severe-Depression
18-22,Female,IslamicUniversityofTechnology(IUT),Engineering---Mechanical-Engineering-/-Similar-to-ME,Third-Year-or-Equivalent,3.40---3.79,Yes,2,1,1,1,2,1,3,11,Moderate-Anxiety,3,3,3,4,2,2,2,3,1,4,27,High-Perceived-Stress,3,3,3,3,3,3,0,1,1,20,Severe-Depression
18-22,Female,AmericanInternationalUniversityBangladesh(AIUB),Engineering---CS-/-CSE-/-CSC-/-Similar-to-CS,Second-Year-or-Equivalent,3.00---3.39,No,1,1,1,1,1,2,1,8,Mild-Anxiety,1,2,2,1,4,2,2,2,1,2,19,Moderate-Stress,1,1,1,2,0,1,1,1,0,8,Mild-Depression
18-22,Male,AmericanInternationalUniversityBangladesh(AIUB),Engineering---CS-/-CSE-/-CSC-/-Similar-to-CS,First-Year-or-Equivalent,3.40---3.79,No,1,1,3,2,2,2,3,14,Moderate-Anxiety,4,3,4,2,3,2,0,4,4,3,29,High-Perceived-Stress,2,3,2,2,3,0,0,0,0,12,Moderate-Depression
18-22,Male,AmericanInternationalUniversityBangladesh(AIUB),Engineering---CS-/-CSE-/-CSC-/-Similar-to-CS,First-Year-or-Equivalent,3.00---3.39,Yes,0,2,2,1,1,1,1,8,Mild-Anxiety,2,2,4,2,0,2,2,4,2,2,22,Moderate-Stress,1,0,3,3,3,2,1,3,0,16,Moderately-Severe-Depression
23-26,Male,IndependentUniversityBangladesh(IUB),Engineering---CS-/-CSE-/-CSC-/-Similar-to-CS,Other,Below-2.50,No,3,0,3,3,2,3,3,17,Severe-Anxiety,2,4,4,4,3,0,0,0,2,2,21,Moderate-Stress,1,3,3,3,1,3,2,3,3,22,Severe-Depression
18-22,Male,AmericanInternationalUniversityBangladesh(AIUB),Engineering---CS-/-CSE-/-CSC-/-Similar-to-CS,First-Year-or-Equivalent,3.40---3.79,No,3,3,3,2,3,3,3,20,Severe-Anxiety,3,3,4,3,2,2,3,3,4,3,30,High-Perceived-Stress,3,3,3,3,3,3,2,3,3,26,Severe-Depression
18-22,Female,RajshahiUniversityofEngineeringandTechnology-(RUET),Engineering---Civil-Engineering-/-Similar-to-CE,Second-Year-or-Equivalent,2.50---2.99,Yes,2,2,2,2,2,2,2,14,Moderate-Anxiety,2,2,2,2,2,2,2,2,2,2,20,Moderate-Stress,0,0,0,0,0,0,0,0,0,0,No-Depression
18-22,Male,RajshahiUniversityofEngineeringandTechnology-(RUET),Engineering---Civil-Engineering-/-Similar-to-CE,Second-Year-or-Equivalent,3.00---3.39,Yes,3,0,0,3,3,3,3,15,Severe-Anxiety,3,3,4,4,2,4,3,4,4,4,35,High-Perceived-Stress,0,3,2,3,3,3,3,1,1,19,Moderately-Severe-Depression
18-22,Male,RajshahiUniversityofEngineeringandTechnology-(RUET),Engineering---Civil-Engineering-/-Similar-to-CE,Second-Year-or-Equivalent,3.00---3.39,No,3,0,1,3,3,0,3,13,Moderate-Anxiety,2,2,4,3,2,3,3,3,4,3,29,High-Perceived-Stress,1,3,0,3,1,3,3,3,0,17,Moderately-Severe-Depression
18-22,Male,RajshahiUniversityofEngineeringandTechnology-(RUET),Engineering---Mechanical-Engineering-/-Similar-to-ME,Second-Year-or-Equivalent,2.50---2.99,No,1,1,2,2,1,3,1,11,Moderate-Anxiety,2,1,2,0,1,2,1,2,2,1,14,Moderate-Stress,1,0,0,2,1,1,0,0,0,5,Mild-Depression
23-26,Male,Dhaka-University-of-Engineering-and-Technology-(DUET),Engineering---EEE/-ECE-/-Similar-to-EEE,Fourth-Year-or-Equivalent,3.40---3.79,Yes,1,1,2,2,1,1,0,8,Mild-Anxiety,1,2,0,2,3,1,2,2,2,2,17,Moderate-Stress,2,2,2,2,1,2,1,1,2,15,Moderately-Severe-Depression
23-26,Male,Dhaka-University-of-Engineering-and-Technology-(DUET),Engineering---EEE/-ECE-/-Similar-to-EEE,Fourth-Year-or-Equivalent,3.80---4.00,No,1,1,0,0,0,2,0,4,Minimal-Anxiety,2,1,2,0,0,1,0,1,3,2,12,Low-Stress,2,1,1,1,2,2,1,1,0,11,Moderate-Depression
18-22,Male,RajshahiUniversityofEngineeringandTechnology-(RUET),Engineering---Mechanical-Engineering-/-Similar-to-ME,Second-Year-or-Equivalent,3.40---3.79,No,2,2,2,2,2,3,3,16,Severe-Anxiety,3,1,4,4,1,2,2,3,1,2,23,Moderate-Stress,1,2,2,1,2,2,2,2,2,16,Moderately-Severe-Depression
18-22,Female,DhakaUniversity(DU),Other,Third-Year-or-Equivalent,3.80---4.00,No,3,3,3,3,2,3,3,20,Severe-Anxiety,3,4,4,4,3,3,2,2,2,4,31,High-Perceived-Stress,1,2,2,3,1,3,3,0,1,16,Moderately-Severe-Depression
23-26,Male,Dhaka-University-of-Engineering-and-Technology-(DUET),Engineering---EEE/-ECE-/-Similar-to-EEE,Fourth-Year-or-Equivalent,3.00---3.39,No,2,2,0,0,2,3,1,10,Moderate-Anxiety,3,4,4,1,3,3,4,2,2,2,28,High-Perceived-Stress,1,2,1,2,1,2,1,2,1,13,Moderate-Depression
27-30,Male,Dhaka-University-of-Engineering-and-Technology-(DUET),Engineering---EEE/-ECE-/-Similar-to-EEE,Fourth-Year-or-Equivalent,3.00---3.39,No,2,1,2,1,1,2,1,10,Moderate-Anxiety,1,2,2,3,3,2,2,3,2,2,22,Moderate-Stress,3,3,0,3,1,1,1,3,1,16,Moderately-Severe-Depression
18-22,Female,RajshahiUniversity(RU),Liberal-Arts-and-Social-Sciences,Second-Year-or-Equivalent,3.40---3.79,No,2,2,3,1,2,2,1,13,Moderate-Anxiety,4,4,2,1,1,2,2,4,2,2,24,Moderate-Stress,3,3,3,3,3,1,3,3,3,25,Severe-Depression
27-30,Female,Dhaka-University-of-Engineering-and-Technology-(DUET),Engineering---EEE/-ECE-/-Similar-to-EEE,Fourth-Year-or-Equivalent,2.50---2.99,No,3,3,3,2,3,3,2,19,Severe-Anxiety,4,4,4,4,2,2,2,4,4,4,34,High-Perceived-Stress,1,2,1,2,1,3,3,2,3,18,Moderately-Severe-Depression
23-26,Male,BangladeshUniversityofEngineeringandTechnology(BUET),Engineering---EEE/-ECE-/-Similar-to-EEE,Fourth-Year-or-Equivalent,3.00---3.39,No,0,0,1,1,0,1,1,4,Minimal-Anxiety,1,1,2,2,1,0,4,3,2,2,18,Moderate-Stress,3,1,2,2,1,2,1,1,1,14,Moderate-Depression
18-22,Male,RajshahiUniversityofEngineeringandTechnology-(RUET),Engineering---Mechanical-Engineering-/-Similar-to-ME,Second-Year-or-Equivalent,3.40---3.79,No,2,1,2,3,2,2,1,13,Moderate-Anxiety,4,3,3,4,1,3,1,2,3,3,27,High-Perceived-Stress,1,2,2,3,2,1,2,2,1,16,Moderately-Severe-Depression
18-22,Female,RajshahiUniversity(RU),Other,Second-Year-or-Equivalent,3.40---3.79,No,1,2,1,2,1,1,0,8,Mild-Anxiety,3,4,2,2,1,2,1,2,2,2,21,Moderate-Stress,2,0,1,1,1,1,1,0,0,7,Mild-Depression
23-26,Male,Dhaka-University-of-Engineering-and-Technology-(DUET),Engineering---EEE/-ECE-/-Similar-to-EEE,Fourth-Year-or-Equivalent,3.00---3.39,No,2,3,3,3,3,3,2,19,Severe-Anxiety,2,3,4,4,2,4,3,2,4,3,31,High-Perceived-Stress,1,3,3,3,0,3,3,0,1,17,Moderately-Severe-Depression
23-26,Male,Dhaka-University-of-Engineering-and-Technology-(DUET),Engineering---EEE/-ECE-/-Similar-to-EEE,Fourth-Year-or-Equivalent,2.50---2.99,No,3,3,0,3,3,3,3,18,Severe-Anxiety,2,2,2,2,3,3,1,2,2,2,21,Moderate-Stress,3,1,1,3,2,3,2,3,3,21,Severe-Depression
23-26,Male,Dhaka-University-of-Engineering-and-Technology-(DUET),Engineering---EEE/-ECE-/-Similar-to-EEE,Fourth-Year-or-Equivalent,3.40---3.79,No,3,3,3,1,3,3,3,19,Severe-Anxiety,2,2,2,1,2,4,1,4,0,2,20,Moderate-Stress,1,3,1,1,3,1,1,1,1,13,Moderate-Depression
18-22,Male,RajshahiUniversityofEngineeringandTechnology-(RUET),Engineering---Mechanical-Engineering-/-Similar-to-ME,Second-Year-or-Equivalent,3.40---3.79,No,1,0,0,0,0,0,0,1,Minimal-Anxiety,1,1,1,1,1,1,1,2,2,2,13,Low-Stress,2,0,1,1,1,1,1,1,1,9,Mild-Depression
27-30,Male,Dhaka-University-of-Engineering-and-Technology-(DUET),Engineering---EEE/-ECE-/-Similar-to-EEE,Fourth-Year-or-Equivalent,2.50---2.99,No,3,1,3,3,3,3,3,19,Severe-Anxiety,3,2,4,4,2,3,2,4,4,4,32,High-Perceived-Stress,1,2,1,3,2,2,3,1,1,16,Moderately-Severe-Depression
23-26,Male,Dhaka-University-of-Engineering-and-Technology-(DUET),Engineering---EEE/-ECE-/-Similar-to-EEE,Fourth-Year-or-Equivalent,3.00---3.39,Yes,0,0,0,0,0,0,0,0,Minimal-Anxiety,2,0,0,0,4,4,4,4,0,0,18,Moderate-Stress,2,0,2,2,0,1,1,1,0,9,Mild-Depression
23-26,Male,Dhaka-University-of-Engineering-and-Technology-(DUET),Engineering---EEE/-ECE-/-Similar-to-EEE,Fourth-Year-or-Equivalent,3.00---3.39,Yes,3,2,2,2,2,2,3,16,Severe-Anxiety,2,2,2,2,2,2,2,2,2,2,20,Moderate-Stress,2,2,2,2,2,2,2,2,2,18,Moderately-Severe-Depression
23-26,Male,Dhaka-University-of-Engineering-and-Technology-(DUET),Engineering---EEE/-ECE-/-Similar-to-EEE,Fourth-Year-or-Equivalent,2.50---2.99,No,1,2,1,2,1,2,1,10,Moderate-Anxiety,1,1,2,3,3,1,1,1,3,3,19,Moderate-Stress,2,2,2,2,2,1,1,2,2,16,Moderately-Severe-Depression
18-22,Female,IndependentUniversityBangladesh(IUB),Engineering---CS-/-CSE-/-CSC-/-Similar-to-CS,First-Year-or-Equivalent,2.50---2.99,Yes,0,0,1,1,0,0,0,2,Minimal-Anxiety,2,0,1,0,3,4,4,4,1,3,22,Moderate-Stress,1,0,0,1,1,1,1,1,1,7,Mild-Depression
18-22,Male,IslamicUniversityofTechnology(IUT),Engineering---EEE/-ECE-/-Similar-to-EEE,First-Year-or-Equivalent,Other,No,2,3,2,2,2,1,2,14,Moderate-Anxiety,2,3,4,3,3,3,1,3,1,2,25,Moderate-Stress,1,2,2,3,2,3,2,1,0,16,Moderately-Severe-Depression
23-26,Male,Dhaka-University-of-Engineering-and-Technology-(DUET),Engineering---EEE/-ECE-/-Similar-to-EEE,Fourth-Year-or-Equivalent,3.40---3.79,No,1,0,1,1,1,1,0,5,Mild-Anxiety,0,2,1,0,0,1,0,1,1,1,7,Low-Stress,3,0,1,1,1,0,1,0,0,7,Mild-Depression
23-26,Male,Dhaka-University-of-Engineering-and-Technology-(DUET),Engineering---EEE/-ECE-/-Similar-to-EEE,Fourth-Year-or-Equivalent,3.00---3.39,No,1,3,0,2,2,2,1,11,Moderate-Anxiety,1,2,1,1,2,2,0,0,1,1,11,Low-Stress,3,1,1,1,1,0,2,1,0,10,Moderate-Depression
18-22,Male,AmericanInternationalUniversityBangladesh(AIUB),Engineering---CS-/-CSE-/-CSC-/-Similar-to-CS,First-Year-or-Equivalent,3.40---3.79,No,2,1,1,1,2,3,2,12,Moderate-Anxiety,3,3,3,2,2,2,2,2,3,3,25,Moderate-Stress,1,1,3,3,1,2,2,1,1,15,Moderately-Severe-Depression
18-22,Male,AmericanInternationalUniversityBangladesh(AIUB),Engineering---CS-/-CSE-/-CSC-/-Similar-to-CS,First-Year-or-Equivalent,3.00---3.39,No,3,1,2,3,3,2,2,16,Severe-Anxiety,4,4,4,3,0,4,2,4,2,3,30,High-Perceived-Stress,2,3,3,2,2,2,3,2,2,21,Severe-Depression
18-22,Female,AmericanInternationalUniversityBangladesh(AIUB),Engineering---CS-/-CSE-/-CSC-/-Similar-to-CS,First-Year-or-Equivalent,3.40---3.79,Yes,0,0,0,1,1,0,2,4,Minimal-Anxiety,0,1,2,1,2,3,4,3,2,1,19,Moderate-Stress,1,2,2,0,0,0,0,1,1,7,Mild-Depression
18-22,Male,AmericanInternationalUniversityBangladesh(AIUB),Engineering---CS-/-CSE-/-CSC-/-Similar-to-CS,First-Year-or-Equivalent,3.80---4.00,No,1,3,1,1,1,1,0,8,Mild-Anxiety,2,2,2,1,0,0,0,2,0,1,10,Low-Stress,3,1,1,1,3,0,0,0,0,9,Mild-Depression
18-22,Male,AmericanInternationalUniversityBangladesh(AIUB),Engineering---CS-/-CSE-/-CSC-/-Similar-to-CS,First-Year-or-Equivalent,3.80---4.00,No,2,1,3,3,2,2,3,16,Severe-Anxiety,2,4,4,4,1,1,1,2,4,4,27,High-Perceived-Stress,2,3,3,3,1,2,3,3,1,21,Severe-Depression
18-22,Male,AmericanInternationalUniversityBangladesh(AIUB),Engineering---CS-/-CSE-/-CSC-/-Similar-to-CS,First-Year-or-Equivalent,3.00---3.39,No,1,0,3,3,3,3,3,16,Severe-Anxiety,3,1,3,1,0,1,4,0,2,2,17,Moderate-Stress,0,1,1,2,2,2,2,2,0,12,Moderate-Depression
18-22,Male,AmericanInternationalUniversityBangladesh(AIUB),Engineering---CS-/-CSE-/-CSC-/-Similar-to-CS,First-Year-or-Equivalent,3.80---4.00,Yes,0,0,1,1,0,0,0,2,Minimal-Anxiety,1,1,0,1,4,3,3,0,1,1,15,Moderate-Stress,1,0,0,1,0,1,1,0,1,5,Mild-Depression
18-22,Male,AmericanInternationalUniversityBangladesh(AIUB),Engineering---CS-/-CSE-/-CSC-/-Similar-to-CS,First-Year-or-Equivalent,3.40---3.79,No,3,3,3,3,3,3,3,21,Severe-Anxiety,4,3,4,4,1,2,3,1,4,4,30,High-Perceived-Stress,3,3,3,3,3,3,2,2,1,23,Severe-Depression
18-22,Male,AmericanInternationalUniversityBangladesh(AIUB),Engineering---CS-/-CSE-/-CSC-/-Similar-to-CS,First-Year-or-Equivalent,3.40---3.79,No,1,2,1,1,1,0,0,6,Mild-Anxiety,2,2,2,2,1,3,3,2,1,1,19,Moderate-Stress,0,1,1,2,0,1,1,2,0,8,Mild-Depression
18-22,Male,AmericanInternationalUniversityBangladesh(AIUB),Engineering---CS-/-CSE-/-CSC-/-Similar-to-CS,First-Year-or-Equivalent,3.00---3.39,No,1,3,2,3,3,2,1,15,Severe-Anxiety,0,2,2,2,4,4,0,0,0,3,17,Moderate-Stress,1,3,0,2,3,3,2,1,3,18,Moderately-Severe-Depression
18-22,Male,AmericanInternationalUniversityBangladesh(AIUB),Engineering---CS-/-CSE-/-CSC-/-Similar-to-CS,First-Year-or-Equivalent,3.80---4.00,No,3,2,2,3,2,2,2,16,Severe-Anxiety,1,2,2,2,0,1,4,4,2,3,21,Moderate-Stress,2,3,0,3,2,3,3,2,2,20,Severe-Depression
18-22,Male,AmericanInternationalUniversityBangladesh(AIUB),Engineering---CS-/-CSE-/-CSC-/-Similar-to-CS,First-Year-or-Equivalent,3.80---4.00,No,2,1,3,3,2,3,2,16,Severe-Anxiety,2,2,4,3,1,2,0,1,4,2,21,Moderate-Stress,2,2,1,2,3,1,1,2,1,15,Moderately-Severe-Depression
18-22,Male,AmericanInternationalUniversityBangladesh(AIUB),Engineering---CS-/-CSE-/-CSC-/-Similar-to-CS,First-Year-or-Equivalent,2.50---2.99,No,1,1,1,2,1,0,0,6,Mild-Anxiety,0,2,0,2,2,2,4,3,0,2,17,Moderate-Stress,1,1,1,0,2,2,2,2,1,12,Moderate-Depression
18-22,Male,AmericanInternationalUniversityBangladesh(AIUB),Engineering---CS-/-CSE-/-CSC-/-Similar-to-CS,First-Year-or-Equivalent,3.00---3.39,No,1,2,1,2,3,2,2,13,Moderate-Anxiety,3,2,2,3,1,2,2,3,3,2,23,Moderate-Stress,1,3,2,3,2,3,3,2,3,22,Severe-Depression
18-22,Female,AmericanInternationalUniversityBangladesh(AIUB),Engineering---CS-/-CSE-/-CSC-/-Similar-to-CS,First-Year-or-Equivalent,3.00---3.39,No,2,3,2,2,2,2,2,15,Severe-Anxiety,0,0,0,1,1,2,2,4,4,0,14,Moderate-Stress,3,3,2,3,3,3,1,2,0,20,Severe-Depression
18-22,Male,AmericanInternationalUniversityBangladesh(AIUB),Engineering---CS-/-CSE-/-CSC-/-Similar-to-CS,First-Year-or-Equivalent,3.40---3.79,No,1,3,3,0,1,1,3,12,Moderate-Anxiety,2,2,4,2,1,3,4,2,0,3,23,Moderate-Stress,3,3,0,3,1,3,0,0,0,13,Moderate-Depression
18-22,Male,AmericanInternationalUniversityBangladesh(AIUB),Engineering---CS-/-CSE-/-CSC-/-Similar-to-CS,First-Year-or-Equivalent,3.40---3.79,No,2,2,3,2,3,3,2,17,Severe-Anxiety,2,3,3,1,2,1,2,1,2,3,20,Moderate-Stress,2,1,0,3,1,1,1,1,2,12,Moderate-Depression
18-22,Male,AmericanInternationalUniversityBangladesh(AIUB),Engineering---CS-/-CSE-/-CSC-/-Similar-to-CS,First-Year-or-Equivalent,3.40---3.79,No,2,1,2,2,2,1,1,11,Moderate-Anxiety,2,2,3,1,1,1,1,1,2,2,16,Moderate-Stress,2,1,2,2,2,1,0,1,2,13,Moderate-Depression
18-22,Male,AmericanInternationalUniversityBangladesh(AIUB),Engineering---CS-/-CSE-/-CSC-/-Similar-to-CS,First-Year-or-Equivalent,3.40---3.79,No,2,3,1,2,2,1,3,14,Moderate-Anxiety,4,4,4,3,2,4,4,4,2,2,33,High-Perceived-Stress,1,3,3,3,2,3,3,2,3,23,Severe-Depression
18-22,Male,AmericanInternationalUniversityBangladesh(AIUB),Engineering---CS-/-CSE-/-CSC-/-Similar-to-CS,First-Year-or-Equivalent,2.50---2.99,No,0,2,0,2,0,1,0,5,Mild-Anxiety,4,3,3,2,2,3,2,0,4,1,24,Moderate-Stress,3,2,2,2,2,2,2,3,3,21,Severe-Depression
18-22,Male,AmericanInternationalUniversityBangladesh(AIUB),Engineering---CS-/-CSE-/-CSC-/-Similar-to-CS,First-Year-or-Equivalent,2.50---2.99,No,3,2,2,3,3,3,1,17,Severe-Anxiety,3,2,2,1,2,2,2,3,2,3,22,Moderate-Stress,0,3,0,3,3,3,3,3,3,21,Severe-Depression
18-22,Male,AmericanInternationalUniversityBangladesh(AIUB),Engineering---CS-/-CSE-/-CSC-/-Similar-to-CS,First-Year-or-Equivalent,3.00---3.39,No,2,3,2,1,3,1,1,13,Moderate-Anxiety,0,2,2,1,1,2,2,2,4,1,17,Moderate-Stress,2,3,1,2,2,1,1,1,1,14,Moderate-Depression
18-22,Male,AmericanInternationalUniversityBangladesh(AIUB),Engineering---CS-/-CSE-/-CSC-/-Similar-to-CS,First-Year-or-Equivalent,3.40---3.79,No,1,3,3,3,0,1,1,12,Moderate-Anxiety,2,2,1,1,3,3,3,3,0,1,19,Moderate-Stress,0,0,1,1,1,1,0,1,0,5,Mild-Depression
18-22,Male,AmericanInternationalUniversityBangladesh(AIUB),Engineering---CS-/-CSE-/-CSC-/-Similar-to-CS,First-Year-or-Equivalent,3.40---3.79,No,2,3,3,1,3,2,2,16,Severe-Anxiety,3,3,4,4,2,2,2,2,0,3,25,Moderate-Stress,1,3,1,3,2,2,2,1,0,15,Moderately-Severe-Depression
18-22,Female,AmericanInternationalUniversityBangladesh(AIUB),Engineering---CS-/-CSE-/-CSC-/-Similar-to-CS,First-Year-or-Equivalent,3.00---3.39,No,1,1,2,2,1,1,1,9,Mild-Anxiety,0,3,3,2,2,2,4,1,2,2,21,Moderate-Stress,0,1,3,3,1,1,1,2,1,13,Moderate-Depression
18-22,Female,AmericanInternationalUniversityBangladesh(AIUB),Engineering---CS-/-CSE-/-CSC-/-Similar-to-CS,First-Year-or-Equivalent,3.40---3.79,No,3,3,3,3,3,3,0,18,Severe-Anxiety,2,3,4,4,2,2,2,1,2,4,26,Moderate-Stress,1,3,3,3,1,3,0,3,3,20,Severe-Depression
23-26,Male,AmericanInternationalUniversityBangladesh(AIUB),Engineering---CS-/-CSE-/-CSC-/-Similar-to-CS,First-Year-or-Equivalent,3.40---3.79,No,3,0,3,3,3,3,3,18,Severe-Anxiety,2,3,3,2,3,4,3,3,4,4,31,High-Perceived-Stress,0,3,3,3,0,3,2,0,0,14,Moderate-Depression
18-22,Male,AmericanInternationalUniversityBangladesh(AIUB),Engineering---CS-/-CSE-/-CSC-/-Similar-to-CS,First-Year-or-Equivalent,2.50---2.99,No,1,0,2,1,2,2,0,8,Mild-Anxiety,2,2,3,3,2,0,1,2,2,3,20,Moderate-Stress,2,1,0,0,0,0,2,1,0,6,Mild-Depression
18-22,Male,AmericanInternationalUniversityBangladesh(AIUB),Engineering---CS-/-CSE-/-CSC-/-Similar-to-CS,First-Year-or-Equivalent,3.40---3.79,No,1,1,1,1,1,1,1,7,Mild-Anxiety,2,2,2,3,2,3,2,2,2,2,22,Moderate-Stress,1,1,0,0,0,0,2,0,0,4,Minimal-Depression
18-22,Male,AmericanInternationalUniversityBangladesh(AIUB),Engineering---CS-/-CSE-/-CSC-/-Similar-to-CS,First-Year-or-Equivalent,3.40---3.79,No,2,2,3,1,1,3,1,13,Moderate-Anxiety,3,1,2,3,1,2,1,2,2,2,19,Moderate-Stress,1,2,3,3,3,1,2,2,0,17,Moderately-Severe-Depression
18-22,Male,AmericanInternationalUniversityBangladesh(AIUB),Engineering---CS-/-CSE-/-CSC-/-Similar-to-CS,First-Year-or-Equivalent,3.40---3.79,No,1,2,1,1,1,1,2,9,Mild-Anxiety,2,2,3,2,1,1,1,2,3,2,19,Moderate-Stress,1,2,2,2,1,1,1,1,0,11,Moderate-Depression
18-22,Male,AmericanInternationalUniversityBangladesh(AIUB),Engineering---CS-/-CSE-/-CSC-/-Similar-to-CS,First-Year-or-Equivalent,3.80---4.00,No,1,2,1,1,0,0,0,5,Mild-Anxiety,0,1,2,0,2,2,0,1,2,3,13,Low-Stress,1,1,0,1,0,0,0,0,0,3,Minimal-Depression
18-22,Male,AmericanInternationalUniversityBangladesh(AIUB),Engineering---CS-/-CSE-/-CSC-/-Similar-to-CS,First-Year-or-Equivalent,3.40---3.79,Yes,1,3,1,1,3,3,1,13,Moderate-Anxiety,4,2,4,2,3,2,2,2,2,2,25,Moderate-Stress,3,3,3,3,1,3,2,1,2,21,Severe-Depression
18-22,Male,AmericanInternationalUniversityBangladesh(AIUB),Engineering---CS-/-CSE-/-CSC-/-Similar-to-CS,First-Year-or-Equivalent,3.00---3.39,No,3,3,0,3,3,3,3,18,Severe-Anxiety,1,1,4,3,2,3,3,3,4,4,28,High-Perceived-Stress,3,3,3,3,2,1,2,1,1,19,Moderately-Severe-Depression
23-26,Male,Dhaka-University-of-Engineering-and-Technology-(DUET),Engineering---Mechanical-Engineering-/-Similar-to-ME,Fourth-Year-or-Equivalent,3.40---3.79,No,3,3,2,2,1,3,3,17,Severe-Anxiety,4,4,4,3,4,4,4,4,4,4,39,High-Perceived-Stress,0,3,1,3,3,1,2,1,3,17,Moderately-Severe-Depression
23-26,Male,Dhaka-University-of-Engineering-and-Technology-(DUET),Engineering---Mechanical-Engineering-/-Similar-to-ME,Fourth-Year-or-Equivalent,3.00---3.39,No,1,2,1,1,2,2,1,10,Moderate-Anxiety,2,3,2,1,1,2,3,2,1,1,18,Moderate-Stress,2,1,1,2,1,0,3,0,0,10,Moderate-Depression
23-26,Male,Dhaka-University-of-Engineering-and-Technology-(DUET),Engineering---EEE/-ECE-/-Similar-to-EEE,Fourth-Year-or-Equivalent,3.00---3.39,No,2,1,1,0,0,2,1,7,Mild-Anxiety,4,4,3,2,2,2,1,4,1,2,25,Moderate-Stress,1,2,2,1,0,1,1,2,1,11,Moderate-Depression
18-22,Female,AmericanInternationalUniversityBangladesh(AIUB),Engineering---CS-/-CSE-/-CSC-/-Similar-to-CS,First-Year-or-Equivalent,2.50---2.99,No,2,2,2,2,2,2,2,14,Moderate-Anxiety,2,2,3,3,2,3,1,2,2,2,22,Moderate-Stress,3,3,3,3,3,3,2,2,2,24,Severe-Depression
18-22,Male,AmericanInternationalUniversityBangladesh(AIUB),Engineering---CS-/-CSE-/-CSC-/-Similar-to-CS,First-Year-or-Equivalent,3.00---3.39,Yes,3,2,2,2,2,2,1,14,Moderate-Anxiety,2,2,4,3,1,2,2,3,3,3,25,Moderate-Stress,2,3,2,3,3,2,1,2,2,20,Severe-Depression
18-22,Male,AmericanInternationalUniversityBangladesh(AIUB),Engineering---CS-/-CSE-/-CSC-/-Similar-to-CS,First-Year-or-Equivalent,3.80---4.00,No,1,1,1,0,1,0,1,5,Mild-Anxiety,2,3,2,2,1,2,1,2,2,2,19,Moderate-Stress,1,1,2,1,0,1,1,0,0,7,Mild-Depression
23-26,Male,AmericanInternationalUniversityBangladesh(AIUB),Engineering---CS-/-CSE-/-CSC-/-Similar-to-CS,Third-Year-or-Equivalent,2.50---2.99,No,0,1,0,2,1,1,0,5,Mild-Anxiety,2,1,2,2,4,3,2,2,1,1,20,Moderate-Stress,1,0,1,1,1,1,2,0,0,7,Mild-Depression
18-22,Male,AmericanInternationalUniversityBangladesh(AIUB),Engineering---CS-/-CSE-/-CSC-/-Similar-to-CS,Second-Year-or-Equivalent,2.50---2.99,No,2,2,2,2,2,2,1,13,Moderate-Anxiety,4,2,1,2,2,3,1,2,2,3,22,Moderate-Stress,1,1,2,1,2,2,2,2,2,15,Moderately-Severe-Depression
18-22,Male,AmericanInternationalUniversityBangladesh(AIUB),Engineering---CS-/-CSE-/-CSC-/-Similar-to-CS,First-Year-or-Equivalent,3.40---3.79,No,3,0,3,3,3,3,3,18,Severe-Anxiety,3,4,4,4,3,3,0,4,4,4,33,High-Perceived-Stress,0,3,0,3,2,3,3,3,3,20,Severe-Depression
18-22,Female,AmericanInternationalUniversityBangladesh(AIUB),Engineering---CS-/-CSE-/-CSC-/-Similar-to-CS,First-Year-or-Equivalent,3.40---3.79,No,0,1,3,0,1,3,1,9,Mild-Anxiety,2,0,2,3,1,2,2,1,0,2,15,Moderate-Stress,1,3,3,3,3,3,2,0,0,18,Moderately-Severe-Depression
18-22,Male,AmericanInternationalUniversityBangladesh(AIUB),Engineering---CS-/-CSE-/-CSC-/-Similar-to-CS,First-Year-or-Equivalent,3.00---3.39,No,2,0,1,1,1,0,1,6,Mild-Anxiety,2,1,2,2,2,2,2,4,1,2,20,Moderate-Stress,1,1,0,1,0,1,1,1,0,6,Mild-Depression
18-22,Male,AmericanInternationalUniversityBangladesh(AIUB),Engineering---CS-/-CSE-/-CSC-/-Similar-to-CS,First-Year-or-Equivalent,2.50---2.99,No,1,1,1,1,1,1,1,7,Mild-Anxiety,1,1,1,1,3,3,3,3,1,1,18,Moderate-Stress,1,1,1,1,1,1,1,1,1,9,Mild-Depression
18-22,Male,AmericanInternationalUniversityBangladesh(AIUB),Engineering---CS-/-CSE-/-CSC-/-Similar-to-CS,First-Year-or-Equivalent,3.00---3.39,No,1,3,0,2,3,0,2,11,Moderate-Anxiety,1,2,2,2,2,1,1,2,2,3,18,Moderate-Stress,2,2,2,2,2,1,1,3,2,17,Moderately-Severe-Depression
18-22,Male,AmericanInternationalUniversityBangladesh(AIUB),Engineering---CS-/-CSE-/-CSC-/-Similar-to-CS,First-Year-or-Equivalent,3.40---3.79,No,3,0,1,2,2,2,1,11,Moderate-Anxiety,2,4,4,4,3,2,3,3,4,4,33,High-Perceived-Stress,1,2,1,1,1,2,1,1,1,11,Moderate-Depression
18-22,Male,AmericanInternationalUniversityBangladesh(AIUB),Engineering---CS-/-CSE-/-CSC-/-Similar-to-CS,First-Year-or-Equivalent,3.40---3.79,No,2,1,2,2,1,3,1,12,Moderate-Anxiety,2,4,2,2,1,2,2,2,0,3,20,Moderate-Stress,1,2,2,2,3,0,2,1,1,14,Moderate-Depression
18-22,Male,AmericanInternationalUniversityBangladesh(AIUB),Engineering---CS-/-CSE-/-CSC-/-Similar-to-CS,First-Year-or-Equivalent,3.80---4.00,No,2,1,0,2,2,2,1,10,Moderate-Anxiety,2,2,4,3,0,2,1,1,4,3,22,Moderate-Stress,1,1,1,1,2,1,2,1,1,11,Moderate-Depression
18-22,Male,AmericanInternationalUniversityBangladesh(AIUB),Engineering---CS-/-CSE-/-CSC-/-Similar-to-CS,First-Year-or-Equivalent,3.00---3.39,No,1,1,3,3,1,3,1,13,Moderate-Anxiety,2,2,3,2,2,2,2,3,2,2,22,Moderate-Stress,2,1,2,1,1,2,1,3,2,15,Moderately-Severe-Depression
18-22,Male,AmericanInternationalUniversityBangladesh(AIUB),Engineering---CS-/-CSE-/-CSC-/-Similar-to-CS,First-Year-or-Equivalent,3.40---3.79,No,1,1,2,1,2,0,1,8,Mild-Anxiety,2,2,3,2,2,2,2,3,3,2,23,Moderate-Stress,1,1,2,2,1,1,1,1,0,10,Moderate-Depression
18-22,Male,AmericanInternationalUniversityBangladesh(AIUB),Engineering---CS-/-CSE-/-CSC-/-Similar-to-CS,First-Year-or-Equivalent,3.00---3.39,No,0,1,1,1,2,1,1,7,Mild-Anxiety,1,1,1,1,2,1,0,1,4,2,14,Moderate-Stress,2,1,2,2,0,2,2,1,0,12,Moderate-Depression
18-22,Female,AmericanInternationalUniversityBangladesh(AIUB),Engineering---CS-/-CSE-/-CSC-/-Similar-to-CS,First-Year-or-Equivalent,3.40---3.79,No,2,1,3,2,2,3,2,15,Severe-Anxiety,2,3,4,2,2,1,2,4,2,3,25,Moderate-Stress,1,3,3,3,3,3,3,3,2,24,Severe-Depression
18-22,Male,AmericanInternationalUniversityBangladesh(AIUB),Engineering---CS-/-CSE-/-CSC-/-Similar-to-CS,First-Year-or-Equivalent,3.00---3.39,No,1,3,2,3,3,3,2,17,Severe-Anxiety,2,3,2,2,2,1,2,2,4,2,22,Moderate-Stress,2,2,1,1,1,2,1,1,0,11,Moderate-Depression
18-22,Female,AmericanInternationalUniversityBangladesh(AIUB),Engineering---CS-/-CSE-/-CSC-/-Similar-to-CS,First-Year-or-Equivalent,3.00---3.39,No,1,2,2,2,3,1,1,12,Moderate-Anxiety,3,2,3,2,1,2,2,3,2,1,21,Moderate-Stress,1,2,0,1,2,1,2,1,1,11,Moderate-Depression
18-22,Male,AmericanInternationalUniversityBangladesh(AIUB),Engineering---CS-/-CSE-/-CSC-/-Similar-to-CS,First-Year-or-Equivalent,3.00---3.39,No,1,1,1,1,1,1,0,6,Mild-Anxiety,2,2,2,1,1,1,1,2,0,2,14,Moderate-Stress,1,1,1,1,0,0,1,0,0,5,Mild-Depression
18-22,Male,AmericanInternationalUniversityBangladesh(AIUB),Engineering---CS-/-CSE-/-CSC-/-Similar-to-CS,First-Year-or-Equivalent,3.40---3.79,No,3,3,3,2,2,2,3,18,Severe-Anxiety,3,3,3,2,2,2,3,2,3,3,26,Moderate-Stress,3,3,3,3,3,2,3,3,3,26,Severe-Depression
18-22,Male,AmericanInternationalUniversityBangladesh(AIUB),Engineering---CS-/-CSE-/-CSC-/-Similar-to-CS,First-Year-or-Equivalent,3.40---3.79,No,2,1,0,1,0,0,0,4,Minimal-Anxiety,0,0,1,1,3,3,4,3,1,0,16,Moderate-Stress,0,1,0,2,0,2,0,0,2,7,Mild-Depression
18-22,Male,AmericanInternationalUniversityBangladesh(AIUB),Engineering---CS-/-CSE-/-CSC-/-Similar-to-CS,First-Year-or-Equivalent,2.50---2.99,No,1,1,2,1,1,1,0,7,Mild-Anxiety,2,1,2,1,3,2,3,2,2,1,19,Moderate-Stress,0,0,0,2,2,0,2,2,0,8,Mild-Depression
18-22,Male,AmericanInternationalUniversityBangladesh(AIUB),Engineering---CS-/-CSE-/-CSC-/-Similar-to-CS,First-Year-or-Equivalent,3.80---4.00,No,1,1,2,0,1,1,1,7,Mild-Anxiety,2,1,2,2,3,2,3,3,1,1,20,Moderate-Stress,1,1,1,1,1,1,1,1,1,9,Mild-Depression
18-22,Male,AmericanInternationalUniversityBangladesh(AIUB),Engineering---CS-/-CSE-/-CSC-/-Similar-to-CS,First-Year-or-Equivalent,2.50---2.99,No,2,1,2,1,3,1,2,12,Moderate-Anxiety,4,3,4,3,1,3,2,2,4,2,28,High-Perceived-Stress,1,3,0,3,1,3,1,1,1,14,Moderate-Depression
18-22,Female,AmericanInternationalUniversityBangladesh(AIUB),Engineering---CS-/-CSE-/-CSC-/-Similar-to-CS,First-Year-or-Equivalent,3.00---3.39,No,1,1,1,2,1,1,1,8,Mild-Anxiety,1,2,3,1,3,2,2,3,2,2,21,Moderate-Stress,2,1,1,1,1,1,1,0,1,9,Mild-Depression
18-22,Male,AmericanInternationalUniversityBangladesh(AIUB),Engineering---CS-/-CSE-/-CSC-/-Similar-to-CS,First-Year-or-Equivalent,3.00---3.39,No,3,3,1,1,3,2,2,15,Severe-Anxiety,2,2,2,1,3,3,3,3,1,1,21,Moderate-Stress,1,3,3,3,3,2,2,2,1,20,Severe-Depression
18-22,Male,AmericanInternationalUniversityBangladesh(AIUB),Engineering---CS-/-CSE-/-CSC-/-Similar-to-CS,First-Year-or-Equivalent,2.50---2.99,No,2,0,2,1,1,2,2,10,Moderate-Anxiety,2,2,2,2,4,4,2,4,2,2,26,Moderate-Stress,1,1,1,1,1,1,2,1,1,10,Moderate-Depression
18-22,Male,AmericanInternationalUniversityBangladesh(AIUB),Engineering---CS-/-CSE-/-CSC-/-Similar-to-CS,First-Year-or-Equivalent,3.80---4.00,No,1,2,1,1,1,1,1,8,Mild-Anxiety,1,2,2,3,1,1,1,1,3,2,17,Moderate-Stress,2,0,1,0,1,0,1,1,0,6,Mild-Depression
23-26,Female,RajshahiUniversityofEngineeringandTechnology-(RUET),Engineering---Civil-Engineering-/-Similar-to-CE,Second-Year-or-Equivalent,3.00---3.39,No,2,3,2,2,3,3,3,18,Severe-Anxiety,3,4,4,4,2,2,2,3,4,4,32,High-Perceived-Stress,2,2,2,3,2,2,2,1,0,16,Moderately-Severe-Depression
18-22,Female,RajshahiUniversityofEngineeringandTechnology-(RUET),Engineering---Civil-Engineering-/-Similar-to-CE,Second-Year-or-Equivalent,3.40---3.79,No,3,2,3,3,3,3,3,20,Severe-Anxiety,2,3,4,2,3,2,3,4,3,3,29,High-Perceived-Stress,1,3,2,3,1,2,3,3,1,19,Moderately-Severe-Depression
18-22,Male,AmericanInternationalUniversityBangladesh(AIUB),Engineering---CS-/-CSE-/-CSC-/-Similar-to-CS,First-Year-or-Equivalent,2.50---2.99,No,1,0,0,0,0,0,0,1,Minimal-Anxiety,2,0,1,0,4,4,4,4,0,0,19,Moderate-Stress,0,0,0,0,0,0,0,0,0,0,No-Depression
18-22,Male,RajshahiUniversityofEngineeringandTechnology-(RUET),Engineering---Civil-Engineering-/-Similar-to-CE,Second-Year-or-Equivalent,2.50---2.99,No,2,2,2,1,1,1,1,10,Moderate-Anxiety,2,2,2,2,2,3,3,2,2,2,22,Moderate-Stress,1,1,1,1,1,1,1,1,1,9,Mild-Depression
18-22,Female,AmericanInternationalUniversityBangladesh(AIUB),Engineering---CS-/-CSE-/-CSC-/-Similar-to-CS,First-Year-or-Equivalent,3.00---3.39,No,2,0,3,3,3,1,3,15,Severe-Anxiety,4,4,4,4,2,2,3,3,3,4,33,High-Perceived-Stress,1,3,3,2,2,3,2,1,1,18,Moderately-Severe-Depression
18-22,Male,AmericanInternationalUniversityBangladesh(AIUB),Engineering---CS-/-CSE-/-CSC-/-Similar-to-CS,Second-Year-or-Equivalent,3.40---3.79,No,2,0,3,2,3,3,3,16,Severe-Anxiety,3,3,4,3,1,3,2,2,4,4,29,High-Perceived-Stress,2,2,3,3,3,3,2,0,3,21,Severe-Depression
18-22,Female,AmericanInternationalUniversityBangladesh(AIUB),Engineering---CS-/-CSE-/-CSC-/-Similar-to-CS,Second-Year-or-Equivalent,3.40---3.79,No,2,1,1,1,2,3,2,12,Moderate-Anxiety,2,1,2,2,1,2,2,3,2,3,20,Moderate-Stress,2,3,3,2,1,1,2,1,1,16,Moderately-Severe-Depression
18-22,Male,AmericanInternationalUniversityBangladesh(AIUB),Engineering---CS-/-CSE-/-CSC-/-Similar-to-CS,First-Year-or-Equivalent,3.80---4.00,No,2,3,2,2,3,2,2,16,Severe-Anxiety,3,2,4,2,1,2,3,2,3,3,25,Moderate-Stress,1,3,3,3,2,3,2,3,3,23,Severe-Depression
18-22,Male,IslamicUniversityofTechnology(IUT),Engineering---Mechanical-Engineering-/-Similar-to-ME,First-Year-or-Equivalent,3.40---3.79,No,1,1,1,1,1,0,1,6,Mild-Anxiety,2,2,2,2,2,2,2,2,2,2,20,Moderate-Stress,2,1,1,1,1,1,1,1,1,10,Moderate-Depression
18-22,Female,AmericanInternationalUniversityBangladesh(AIUB),Engineering---CS-/-CSE-/-CSC-/-Similar-to-CS,First-Year-or-Equivalent,3.80---4.00,No,2,1,3,2,1,1,3,13,Moderate-Anxiety,3,4,4,2,2,4,1,4,0,2,26,Moderate-Stress,0,3,3,3,3,3,1,2,0,18,Moderately-Severe-Depression
18-22,Male,AmericanInternationalUniversityBangladesh(AIUB),Engineering---CS-/-CSE-/-CSC-/-Similar-to-CS,First-Year-or-Equivalent,3.40---3.79,No,1,2,1,2,2,2,3,13,Moderate-Anxiety,2,4,2,2,0,3,1,2,1,2,19,Moderate-Stress,1,1,2,1,1,1,1,1,1,10,Moderate-Depression
18-22,Male,AmericanInternationalUniversityBangladesh(AIUB),Engineering---CS-/-CSE-/-CSC-/-Similar-to-CS,Second-Year-or-Equivalent,3.40---3.79,No,3,3,3,2,3,3,3,20,Severe-Anxiety,3,4,4,3,1,2,2,2,4,3,28,High-Perceived-Stress,2,3,0,3,2,3,3,3,3,22,Severe-Depression
18-22,Male,AmericanInternationalUniversityBangladesh(AIUB),Engineering---CS-/-CSE-/-CSC-/-Similar-to-CS,First-Year-or-Equivalent,3.40---3.79,No,1,1,2,1,2,1,1,9,Mild-Anxiety,4,2,2,2,3,1,2,2,2,2,22,Moderate-Stress,1,1,1,1,1,1,1,1,1,9,Mild-Depression
18-22,Male,AmericanInternationalUniversityBangladesh(AIUB),Engineering---CS-/-CSE-/-CSC-/-Similar-to-CS,First-Year-or-Equivalent,3.40---3.79,No,3,3,3,3,2,2,2,18,Severe-Anxiety,4,2,4,2,1,1,0,3,4,4,25,Moderate-Stress,2,3,3,2,3,2,2,3,2,22,Severe-Depression
18-22,Male,AmericanInternationalUniversityBangladesh(AIUB),Engineering---CS-/-CSE-/-CSC-/-Similar-to-CS,First-Year-or-Equivalent,3.40---3.79,No,3,3,3,2,2,2,3,18,Severe-Anxiety,2,3,3,0,1,1,1,2,4,3,20,Moderate-Stress,2,3,3,3,2,3,3,3,2,24,Severe-Depression
18-22,Male,AmericanInternationalUniversityBangladesh(AIUB),Engineering---CS-/-CSE-/-CSC-/-Similar-to-CS,First-Year-or-Equivalent,3.00---3.39,No,0,1,1,1,0,1,1,5,Mild-Anxiety,2,2,2,2,2,2,2,2,2,0,18,Moderate-Stress,1,0,0,1,0,0,0,1,0,3,Minimal-Depression
18-22,Male,AmericanInternationalUniversityBangladesh(AIUB),Engineering---CS-/-CSE-/-CSC-/-Similar-to-CS,First-Year-or-Equivalent,2.50---2.99,No,2,2,2,2,2,2,2,14,Moderate-Anxiety,4,2,2,2,2,2,2,2,2,2,22,Moderate-Stress,1,1,2,2,2,1,2,1,1,13,Moderate-Depression
18-22,Male,AmericanInternationalUniversityBangladesh(AIUB),Engineering---CS-/-CSE-/-CSC-/-Similar-to-CS,Second-Year-or-Equivalent,3.40---3.79,No,1,1,1,0,0,0,0,3,Minimal-Anxiety,2,2,3,0,0,1,2,0,2,2,14,Moderate-Stress,3,0,1,2,1,0,0,0,0,7,Mild-Depression
18-22,Male,AmericanInternationalUniversityBangladesh(AIUB),Engineering---CS-/-CSE-/-CSC-/-Similar-to-CS,First-Year-or-Equivalent,3.80---4.00,Yes,2,0,3,3,3,2,3,16,Severe-Anxiety,3,3,4,2,2,4,2,2,4,4,30,High-Perceived-Stress,0,3,3,3,1,3,1,3,2,19,Moderately-Severe-Depression
18-22,Male,AmericanInternationalUniversityBangladesh(AIUB),Engineering---CS-/-CSE-/-CSC-/-Similar-to-CS,Second-Year-or-Equivalent,3.00---3.39,No,2,3,1,1,2,1,3,13,Moderate-Anxiety,2,3,3,2,2,3,3,3,2,1,24,Moderate-Stress,2,3,3,3,3,3,3,0,1,21,Severe-Depression
18-22,Male,AmericanInternationalUniversityBangladesh(AIUB),Engineering---CS-/-CSE-/-CSC-/-Similar-to-CS,First-Year-or-Equivalent,3.40---3.79,No,2,2,3,3,2,2,2,16,Severe-Anxiety,3,3,4,3,1,1,2,0,3,4,24,Moderate-Stress,1,2,2,1,1,1,1,1,1,11,Moderate-Depression
18-22,Female,AmericanInternationalUniversityBangladesh(AIUB),Engineering---CS-/-CSE-/-CSC-/-Similar-to-CS,First-Year-or-Equivalent,3.40---3.79,No,1,1,1,0,1,2,1,7,Mild-Anxiety,2,2,2,2,2,2,2,2,2,2,20,Moderate-Stress,3,1,1,1,1,0,0,0,0,7,Mild-Depression
18-22,Male,AmericanInternationalUniversityBangladesh(AIUB),Engineering---CS-/-CSE-/-CSC-/-Similar-to-CS,First-Year-or-Equivalent,3.80---4.00,No,1,1,1,1,1,0,1,6,Mild-Anxiety,0,3,2,0,0,1,1,0,2,2,11,Low-Stress,0,0,0,1,0,0,1,0,0,2,Minimal-Depression
18-22,Male,AmericanInternationalUniversityBangladesh(AIUB),Engineering---CS-/-CSE-/-CSC-/-Similar-to-CS,First-Year-or-Equivalent,3.40---3.79,No,1,1,1,1,1,1,1,7,Mild-Anxiety,2,2,2,2,2,2,2,2,2,2,20,Moderate-Stress,1,0,0,3,1,1,1,1,0,8,Mild-Depression
18-22,Female,AmericanInternationalUniversityBangladesh(AIUB),Engineering---CS-/-CSE-/-CSC-/-Similar-to-CS,First-Year-or-Equivalent,2.50---2.99,No,2,1,2,2,1,1,1,10,Moderate-Anxiety,0,1,1,1,2,3,3,3,1,2,17,Moderate-Stress,1,1,1,1,2,2,1,1,1,11,Moderate-Depression
18-22,Male,AmericanInternationalUniversityBangladesh(AIUB),Engineering---CS-/-CSE-/-CSC-/-Similar-to-CS,First-Year-or-Equivalent,3.80---4.00,No,1,3,1,1,2,1,1,10,Moderate-Anxiety,2,3,2,2,2,2,1,3,1,3,21,Moderate-Stress,1,1,2,2,1,2,1,1,0,11,Moderate-Depression
18-22,Male,AmericanInternationalUniversityBangladesh(AIUB),Engineering---CS-/-CSE-/-CSC-/-Similar-to-CS,Second-Year-or-Equivalent,3.80---4.00,Yes,1,2,3,3,1,3,2,15,Severe-Anxiety,2,2,3,2,3,2,2,1,1,2,20,Moderate-Stress,0,2,3,2,1,0,3,2,3,16,Moderately-Severe-Depression
18-22,Male,AmericanInternationalUniversityBangladesh(AIUB),Engineering---CS-/-CSE-/-CSC-/-Similar-to-CS,First-Year-or-Equivalent,3.40---3.79,No,1,1,3,3,1,1,0,10,Moderate-Anxiety,3,3,2,3,0,0,2,1,2,3,19,Moderate-Stress,0,0,0,1,1,1,1,1,1,6,Mild-Depression
18-22,Male,AmericanInternationalUniversityBangladesh(AIUB),Engineering---CS-/-CSE-/-CSC-/-Similar-to-CS,Second-Year-or-Equivalent,3.00---3.39,No,2,2,2,1,1,2,3,13,Moderate-Anxiety,2,2,3,2,4,3,4,2,2,2,26,Moderate-Stress,1,2,2,1,1,1,1,0,0,9,Mild-Depression
18-22,Male,AmericanInternationalUniversityBangladesh(AIUB),Engineering---CS-/-CSE-/-CSC-/-Similar-to-CS,First-Year-or-Equivalent,3.80---4.00,No,3,3,3,3,3,3,3,21,Severe-Anxiety,4,3,4,3,2,1,2,0,4,2,25,Moderate-Stress,3,3,3,3,2,3,3,1,1,22,Severe-Depression
18-22,Male,AmericanInternationalUniversityBangladesh(AIUB),Engineering---CS-/-CSE-/-CSC-/-Similar-to-CS,First-Year-or-Equivalent,3.80---4.00,No,1,0,1,1,1,0,1,5,Mild-Anxiety,1,1,1,2,0,1,1,1,1,1,10,Low-Stress,0,1,0,1,0,0,0,0,0,2,Minimal-Depression
23-26,Male,AmericanInternationalUniversityBangladesh(AIUB),Engineering---CS-/-CSE-/-CSC-/-Similar-to-CS,Second-Year-or-Equivalent,3.40---3.79,No,3,0,0,3,3,3,3,15,Severe-Anxiety,4,3,4,4,2,3,2,4,3,4,33,High-Perceived-Stress,2,3,3,3,3,3,3,3,3,26,Severe-Depression
18-22,Male,AmericanInternationalUniversityBangladesh(AIUB),Engineering---CS-/-CSE-/-CSC-/-Similar-to-CS,Second-Year-or-Equivalent,3.80---4.00,Yes,2,2,3,3,3,3,3,19,Severe-Anxiety,4,3,4,3,2,2,2,3,4,4,31,High-Perceived-Stress,3,2,3,3,3,2,2,2,2,22,Severe-Depression
23-26,Male,AmericanInternationalUniversityBangladesh(AIUB),Engineering---CS-/-CSE-/-CSC-/-Similar-to-CS,Second-Year-or-Equivalent,3.40---3.79,No,2,2,2,2,2,2,2,14,Moderate-Anxiety,3,2,4,3,2,3,2,3,3,3,28,High-Perceived-Stress,1,2,2,3,3,3,3,2,1,20,Severe-Depression
18-22,Male,Dhaka-University-of-Engineering-and-Technology-(DUET),Engineering---Mechanical-Engineering-/-Similar-to-ME,Second-Year-or-Equivalent,3.40---3.79,No,1,1,0,1,2,0,0,5,Mild-Anxiety,2,1,1,0,2,2,3,2,2,0,15,Moderate-Stress,1,0,0,0,1,0,1,0,0,3,Minimal-Depression
18-22,Male,AmericanInternationalUniversityBangladesh(AIUB),Engineering---CS-/-CSE-/-CSC-/-Similar-to-CS,First-Year-or-Equivalent,3.00---3.39,No,1,2,1,1,1,1,2,9,Mild-Anxiety,2,3,2,3,3,3,2,2,2,2,24,Moderate-Stress,2,2,2,2,2,1,1,1,2,15,Moderately-Severe-Depression
18-22,Male,AmericanInternationalUniversityBangladesh(AIUB),Engineering---CS-/-CSE-/-CSC-/-Similar-to-CS,First-Year-or-Equivalent,3.40---3.79,No,3,3,3,2,3,3,3,20,Severe-Anxiety,2,2,3,2,2,1,2,0,1,2,17,Moderate-Stress,1,3,2,3,0,3,2,3,2,19,Moderately-Severe-Depression
18-22,Male,AmericanInternationalUniversityBangladesh(AIUB),Engineering---CS-/-CSE-/-CSC-/-Similar-to-CS,First-Year-or-Equivalent,3.80---4.00,No,1,1,2,1,2,1,1,9,Mild-Anxiety,2,2,2,2,2,2,2,2,2,3,21,Moderate-Stress,2,1,2,2,2,1,2,3,0,15,Moderately-Severe-Depression
18-22,Male,AmericanInternationalUniversityBangladesh(AIUB),Engineering---CS-/-CSE-/-CSC-/-Similar-to-CS,First-Year-or-Equivalent,3.40---3.79,No,3,2,3,2,3,3,3,19,Severe-Anxiety,4,3,4,4,1,2,2,2,3,3,28,High-Perceived-Stress,1,3,3,3,3,3,3,3,2,24,Severe-Depression
18-22,Male,AmericanInternationalUniversityBangladesh(AIUB),Engineering---CS-/-CSE-/-CSC-/-Similar-to-CS,First-Year-or-Equivalent,3.40---3.79,No,1,2,1,1,1,0,1,7,Mild-Anxiety,2,2,2,2,2,2,2,2,2,2,20,Moderate-Stress,2,1,1,1,2,1,1,1,0,10,Moderate-Depression
18-22,Male,AmericanInternationalUniversityBangladesh(AIUB),Engineering---CS-/-CSE-/-CSC-/-Similar-to-CS,First-Year-or-Equivalent,3.40---3.79,No,0,1,1,1,2,2,1,8,Mild-Anxiety,0,0,0,0,4,4,3,3,1,1,16,Moderate-Stress,1,2,1,2,2,0,2,1,0,11,Moderate-Depression
23-26,Male,AmericanInternationalUniversityBangladesh(AIUB),Engineering---CS-/-CSE-/-CSC-/-Similar-to-CS,Second-Year-or-Equivalent,3.00---3.39,No,2,2,2,2,2,2,2,14,Moderate-Anxiety,2,2,3,3,3,1,0,2,4,4,24,Moderate-Stress,2,2,2,2,2,2,2,2,0,16,Moderately-Severe-Depression
18-22,Male,AmericanInternationalUniversityBangladesh(AIUB),Engineering---CS-/-CSE-/-CSC-/-Similar-to-CS,First-Year-or-Equivalent,3.00---3.39,No,2,2,2,1,2,1,2,12,Moderate-Anxiety,2,1,3,3,4,3,2,3,2,1,24,Moderate-Stress,2,1,1,2,1,1,2,1,0,11,Moderate-Depression
18-22,Male,AmericanInternationalUniversityBangladesh(AIUB),Engineering---CS-/-CSE-/-CSC-/-Similar-to-CS,Second-Year-or-Equivalent,3.40---3.79,No,2,2,2,2,2,2,1,13,Moderate-Anxiety,0,0,0,0,4,1,0,1,2,2,10,Low-Stress,2,0,1,3,0,1,1,1,1,10,Moderate-Depression
18-22,Male,AmericanInternationalUniversityBangladesh(AIUB),Engineering---CS-/-CSE-/-CSC-/-Similar-to-CS,Second-Year-or-Equivalent,3.40---3.79,No,0,0,0,0,0,1,1,2,Minimal-Anxiety,0,1,2,0,2,4,3,4,0,0,16,Moderate-Stress,1,2,1,1,0,0,3,1,1,10,Moderate-Depression
18-22,Male,AmericanInternationalUniversityBangladesh(AIUB),Engineering---CS-/-CSE-/-CSC-/-Similar-to-CS,First-Year-or-Equivalent,3.40---3.79,No,1,1,0,1,2,1,2,8,Mild-Anxiety,2,2,3,1,1,1,2,1,2,2,17,Moderate-Stress,2,2,1,1,0,2,1,2,1,12,Moderate-Depression
18-22,Male,AmericanInternationalUniversityBangladesh(AIUB),Engineering---CS-/-CSE-/-CSC-/-Similar-to-CS,First-Year-or-Equivalent,2.50---2.99,No,3,2,1,2,1,2,1,12,Moderate-Anxiety,4,3,3,3,2,1,2,2,3,4,27,High-Perceived-Stress,0,1,3,3,2,3,3,2,3,20,Severe-Depression
18-22,Male,AmericanInternationalUniversityBangladesh(AIUB),Engineering---CS-/-CSE-/-CSC-/-Similar-to-CS,First-Year-or-Equivalent,2.50---2.99,No,3,1,1,1,1,0,3,10,Moderate-Anxiety,2,2,0,2,2,4,4,3,2,2,23,Moderate-Stress,1,1,1,1,1,3,1,1,0,10,Moderate-Depression
18-22,Male,AmericanInternationalUniversityBangladesh(AIUB),Engineering---CS-/-CSE-/-CSC-/-Similar-to-CS,First-Year-or-Equivalent,3.40---3.79,No,2,2,2,2,3,3,2,16,Severe-Anxiety,2,2,4,2,2,4,2,0,2,2,22,Moderate-Stress,3,2,2,2,3,1,3,3,0,19,Moderately-Severe-Depression
18-22,Female,AmericanInternationalUniversityBangladesh(AIUB),Engineering---CS-/-CSE-/-CSC-/-Similar-to-CS,First-Year-or-Equivalent,3.00---3.39,No,3,1,3,3,3,3,3,19,Severe-Anxiety,2,2,4,2,2,4,2,0,2,4,24,Moderate-Stress,3,3,2,3,3,3,2,3,0,22,Severe-Depression
18-22,Male,AmericanInternationalUniversityBangladesh(AIUB),Engineering---CS-/-CSE-/-CSC-/-Similar-to-CS,First-Year-or-Equivalent,3.00---3.39,No,0,0,1,0,1,0,0,2,Minimal-Anxiety,1,0,1,0,3,3,4,3,0,0,15,Moderate-Stress,1,0,0,0,1,1,0,0,1,4,Minimal-Depression
18-22,Female,AmericanInternationalUniversityBangladesh(AIUB),Engineering---CS-/-CSE-/-CSC-/-Similar-to-CS,First-Year-or-Equivalent,3.40---3.79,No,1,1,1,1,1,1,0,6,Mild-Anxiety,3,3,3,3,2,1,1,2,1,1,20,Moderate-Stress,1,1,2,1,1,1,1,1,0,9,Mild-Depression
18-22,Male,AmericanInternationalUniversityBangladesh(AIUB),Engineering---CS-/-CSE-/-CSC-/-Similar-to-CS,First-Year-or-Equivalent,3.40---3.79,Yes,1,1,2,1,2,2,2,11,Moderate-Anxiety,4,2,2,3,1,4,2,3,2,2,25,Moderate-Stress,2,2,2,1,1,1,1,1,1,12,Moderate-Depression
18-22,Male,AmericanInternationalUniversityBangladesh(AIUB),Engineering---CS-/-CSE-/-CSC-/-Similar-to-CS,First-Year-or-Equivalent,3.40---3.79,Yes,1,1,1,2,2,1,1,9,Mild-Anxiety,2,1,3,1,1,2,1,2,2,3,18,Moderate-Stress,1,1,1,1,1,1,1,1,1,9,Mild-Depression
18-22,Male,AmericanInternationalUniversityBangladesh(AIUB),Engineering---CS-/-CSE-/-CSC-/-Similar-to-CS,First-Year-or-Equivalent,3.00---3.39,No,1,0,1,1,1,3,0,7,Mild-Anxiety,2,1,2,2,4,3,2,2,0,2,20,Moderate-Stress,1,0,0,1,0,0,1,1,0,4,Minimal-Depression
18-22,Female,AmericanInternationalUniversityBangladesh(AIUB),Engineering---CS-/-CSE-/-CSC-/-Similar-to-CS,First-Year-or-Equivalent,2.50---2.99,No,3,0,0,2,1,1,2,9,Mild-Anxiety,2,2,2,2,2,4,4,0,2,2,22,Moderate-Stress,1,2,1,1,0,1,1,2,0,9,Mild-Depression
Above-30,Male,Dhaka-University-of-Engineering-and-Technology-(DUET),Engineering---Mechanical-Engineering-/-Similar-to-ME,First-Year-or-Equivalent,Other,No,0,0,0,0,0,1,0,1,Minimal-Anxiety,0,2,2,1,0,0,4,0,0,1,10,Low-Stress,3,1,2,1,0,0,3,3,1,14,Moderate-Depression
18-22,Female,AmericanInternationalUniversityBangladesh(AIUB),Engineering---CS-/-CSE-/-CSC-/-Similar-to-CS,First-Year-or-Equivalent,3.40---3.79,No,0,1,0,1,1,2,1,6,Mild-Anxiety,0,1,1,0,3,4,3,2,2,2,18,Moderate-Stress,1,1,1,1,1,1,1,0,0,7,Mild-Depression
18-22,Male,IslamicUniversityofTechnology(IUT),Engineering---EEE/-ECE-/-Similar-to-EEE,Second-Year-or-Equivalent,3.40---3.79,No,2,0,1,2,0,1,0,6,Mild-Anxiety,3,2,3,4,4,4,2,4,4,4,34,High-Perceived-Stress,3,2,2,3,3,3,3,2,3,24,Severe-Depression
23-26,Male,Dhaka-University-of-Engineering-and-Technology-(DUET),Engineering---Mechanical-Engineering-/-Similar-to-ME,Third-Year-or-Equivalent,2.50---2.99,No,3,1,3,2,3,3,3,18,Severe-Anxiety,3,2,4,0,3,2,3,2,2,2,23,Moderate-Stress,3,3,3,2,0,3,3,2,3,22,Severe-Depression
18-22,Male,Dhaka-University-of-Engineering-and-Technology-(DUET),Engineering---CS-/-CSE-/-CSC-/-Similar-to-CS,First-Year-or-Equivalent,Other,No,1,1,1,1,1,0,0,5,Mild-Anxiety,2,0,2,0,0,0,0,1,0,0,5,Low-Stress,1,0,0,1,1,0,1,1,0,5,Mild-Depression
18-22,Male,AmericanInternationalUniversityBangladesh(AIUB),Engineering---CS-/-CSE-/-CSC-/-Similar-to-CS,First-Year-or-Equivalent,3.00---3.39,No,2,1,1,2,1,1,1,9,Mild-Anxiety,2,4,3,1,2,3,1,3,4,2,25,Moderate-Stress,1,0,1,1,2,1,1,1,0,8,Mild-Depression
18-22,Male,Dhaka-University-of-Engineering-and-Technology-(DUET),Engineering---CS-/-CSE-/-CSC-/-Similar-to-CS,First-Year-or-Equivalent,Other,No,3,3,3,3,3,3,3,21,Severe-Anxiety,3,3,4,4,2,3,3,4,3,4,33,High-Perceived-Stress,0,3,3,3,2,3,3,2,3,22,Severe-Depression
18-22,Male,IslamicUniversityofTechnology(IUT),Engineering---CS-/-CSE-/-CSC-/-Similar-to-CS,First-Year-or-Equivalent,Other,No,3,2,3,3,2,3,3,19,Severe-Anxiety,3,4,4,3,2,3,2,2,2,4,29,High-Perceived-Stress,2,2,2,1,1,3,3,3,0,17,Moderately-Severe-Depression
18-22,Female,IslamicUniversityofTechnology(IUT),Engineering---CS-/-CSE-/-CSC-/-Similar-to-CS,Third-Year-or-Equivalent,3.40---3.79,No,1,3,1,1,1,2,0,9,Mild-Anxiety,2,2,2,2,1,2,2,3,3,2,21,Moderate-Stress,2,2,1,1,2,3,1,0,0,12,Moderate-Depression
18-22,Female,AmericanInternationalUniversityBangladesh(AIUB),Engineering---CS-/-CSE-/-CSC-/-Similar-to-CS,First-Year-or-Equivalent,3.40---3.79,No,2,1,1,3,2,3,1,13,Moderate-Anxiety,2,2,3,3,1,2,2,4,4,3,26,Moderate-Stress,2,3,3,2,1,1,3,2,2,19,Moderately-Severe-Depression
18-22,Male,EastWestUniversity(EWU),Engineering---CS-/-CSE-/-CSC-/-Similar-to-CS,Fourth-Year-or-Equivalent,3.00---3.39,No,1,1,1,1,1,2,1,8,Mild-Anxiety,3,3,2,2,1,2,2,2,2,3,22,Moderate-Stress,1,1,1,1,0,1,1,1,0,7,Mild-Depression
23-26,Male,EastWestUniversity(EWU),Engineering---CS-/-CSE-/-CSC-/-Similar-to-CS,Fourth-Year-or-Equivalent,2.50---2.99,Yes,3,3,1,3,3,3,3,19,Severe-Anxiety,3,3,4,4,1,0,0,3,4,4,26,Moderate-Stress,1,2,0,3,3,2,0,0,0,11,Moderate-Depression
18-22,Male,EastWestUniversity(EWU),Engineering---CS-/-CSE-/-CSC-/-Similar-to-CS,Fourth-Year-or-Equivalent,2.50---2.99,No,2,3,2,3,2,2,2,16,Severe-Anxiety,3,3,4,3,1,1,2,3,3,3,26,Moderate-Stress,2,2,2,3,1,2,1,2,0,15,Moderately-Severe-Depression
18-22,Male,EastWestUniversity(EWU),Engineering---CS-/-CSE-/-CSC-/-Similar-to-CS,Third-Year-or-Equivalent,3.40---3.79,Yes,3,3,3,3,3,3,3,21,Severe-Anxiety,2,2,4,4,0,2,3,1,3,3,24,Moderate-Stress,0,3,3,3,3,3,3,2,2,22,Severe-Depression
23-26,Female,EastWestUniversity(EWU),Engineering---CS-/-CSE-/-CSC-/-Similar-to-CS,Fourth-Year-or-Equivalent,3.00---3.39,Yes,2,1,1,2,2,1,1,10,Moderate-Anxiety,3,2,3,2,2,2,1,1,3,3,22,Moderate-Stress,1,2,1,2,2,2,2,1,3,16,Moderately-Severe-Depression
23-26,Female,EastWestUniversity(EWU),Engineering---CS-/-CSE-/-CSC-/-Similar-to-CS,Fourth-Year-or-Equivalent,3.40---3.79,Yes,2,1,1,1,0,1,1,7,Mild-Anxiety,2,2,2,2,2,2,3,3,3,3,24,Moderate-Stress,1,1,2,2,1,1,2,1,2,13,Moderate-Depression
18-22,Male,AmericanInternationalUniversityBangladesh(AIUB),Engineering---CS-/-CSE-/-CSC-/-Similar-to-CS,First-Year-or-Equivalent,3.00---3.39,No,0,1,0,1,1,2,1,6,Mild-Anxiety,1,1,1,2,3,2,2,1,1,1,15,Moderate-Stress,1,0,0,0,1,1,2,1,0,6,Mild-Depression
18-22,Male,EastWestUniversity(EWU),Engineering---CS-/-CSE-/-CSC-/-Similar-to-CS,Fourth-Year-or-Equivalent,3.00---3.39,Yes,2,1,1,1,1,1,1,8,Mild-Anxiety,4,2,4,1,1,2,2,2,2,4,24,Moderate-Stress,1,1,1,1,2,2,1,1,2,12,Moderate-Depression
18-22,Male,AmericanInternationalUniversityBangladesh(AIUB),Engineering---CS-/-CSE-/-CSC-/-Similar-to-CS,Third-Year-or-Equivalent,3.40---3.79,No,1,1,2,1,2,2,2,11,Moderate-Anxiety,3,0,3,2,1,1,1,2,2,2,17,Moderate-Stress,2,1,1,1,2,0,1,0,1,9,Mild-Depression
23-26,Male,EastWestUniversity(EWU),Engineering---CS-/-CSE-/-CSC-/-Similar-to-CS,Fourth-Year-or-Equivalent,3.40---3.79,Yes,2,1,3,2,2,3,2,15,Severe-Anxiety,2,2,2,1,2,2,2,1,3,2,19,Moderate-Stress,2,3,3,2,2,2,2,3,0,19,Moderately-Severe-Depression
18-22,Female,EastWestUniversity(EWU),Engineering---CS-/-CSE-/-CSC-/-Similar-to-CS,Fourth-Year-or-Equivalent,3.00---3.39,Yes,1,2,2,1,2,1,3,12,Moderate-Anxiety,0,0,1,0,1,1,3,1,1,1,9,Low-Stress,2,1,2,2,1,1,0,1,1,11,Moderate-Depression
23-26,Female,EastWestUniversity(EWU),Engineering---CS-/-CSE-/-CSC-/-Similar-to-CS,Fourth-Year-or-Equivalent,2.50---2.99,No,2,3,2,2,2,2,2,15,Severe-Anxiety,2,2,2,2,2,2,2,2,2,2,20,Moderate-Stress,0,2,1,2,2,2,2,2,1,14,Moderate-Depression
23-26,Male,Dhaka-University-of-Engineering-and-Technology-(DUET),Engineering---CS-/-CSE-/-CSC-/-Similar-to-CS,Third-Year-or-Equivalent,2.50---2.99,No,2,1,1,1,1,1,1,8,Mild-Anxiety,2,2,2,2,1,2,2,1,1,2,17,Moderate-Stress,3,1,3,3,0,0,3,0,0,13,Moderate-Depression
23-26,Male,Dhaka-University-of-Engineering-and-Technology-(DUET),Engineering---CS-/-CSE-/-CSC-/-Similar-to-CS,Third-Year-or-Equivalent,3.00---3.39,Yes,0,0,0,0,0,0,0,0,Minimal-Anxiety,0,0,0,2,2,2,2,2,0,2,12,Low-Stress,2,2,2,2,2,2,2,2,2,18,Moderately-Severe-Depression
23-26,Male,Dhaka-University-of-Engineering-and-Technology-(DUET),Engineering---CS-/-CSE-/-CSC-/-Similar-to-CS,Third-Year-or-Equivalent,3.40---3.79,No,3,1,1,3,3,3,1,15,Severe-Anxiety,2,2,4,2,1,3,2,1,3,2,22,Moderate-Stress,1,3,1,3,1,3,1,1,3,17,Moderately-Severe-Depression
23-26,Female,Dhaka-University-of-Engineering-and-Technology-(DUET),Engineering---CS-/-CSE-/-CSC-/-Similar-to-CS,Third-Year-or-Equivalent,3.00---3.39,No,0,1,0,2,1,0,2,6,Mild-Anxiety,0,0,2,1,2,2,4,3,2,1,17,Moderate-Stress,1,0,2,2,0,2,2,1,2,12,Moderate-Depression
23-26,Male,Dhaka-University-of-Engineering-and-Technology-(DUET),Engineering---CS-/-CSE-/-CSC-/-Similar-to-CS,Third-Year-or-Equivalent,2.50---2.99,No,2,1,1,1,1,1,1,8,Mild-Anxiety,4,1,1,1,2,2,2,3,1,1,18,Moderate-Stress,1,3,3,3,3,3,1,3,2,22,Severe-Depression
18-22,Male,Dhaka-University-of-Engineering-and-Technology-(DUET),Engineering---CS-/-CSE-/-CSC-/-Similar-to-CS,Third-Year-or-Equivalent,3.40---3.79,No,1,1,0,1,1,1,1,6,Mild-Anxiety,0,1,1,1,0,1,1,0,1,2,8,Low-Stress,1,1,1,1,2,0,0,0,0,6,Mild-Depression
23-26,Male,Dhaka-University-of-Engineering-and-Technology-(DUET),Engineering---CS-/-CSE-/-CSC-/-Similar-to-CS,Third-Year-or-Equivalent,3.00---3.39,No,3,1,2,1,3,3,1,14,Moderate-Anxiety,2,3,2,2,1,0,1,3,3,1,18,Moderate-Stress,3,3,2,3,2,3,2,2,2,22,Severe-Depression
18-22,Male,IslamicUniversityofTechnology(IUT),Engineering---EEE/-ECE-/-Similar-to-EEE,Second-Year-or-Equivalent,3.80---4.00,No,2,3,3,3,3,2,3,19,Severe-Anxiety,4,4,4,4,4,3,2,3,4,4,36,High-Perceived-Stress,3,3,2,2,1,3,2,0,3,19,Moderately-Severe-Depression
23-26,Female,Dhaka-University-of-Engineering-and-Technology-(DUET),Engineering---CS-/-CSE-/-CSC-/-Similar-to-CS,Fourth-Year-or-Equivalent,3.00---3.39,No,2,1,1,2,1,1,2,10,Moderate-Anxiety,0,0,2,0,4,3,2,2,2,2,17,Moderate-Stress,1,1,1,1,1,1,1,1,1,9,Mild-Depression
23-26,Male,Dhaka-University-of-Engineering-and-Technology-(DUET),Engineering---CS-/-CSE-/-CSC-/-Similar-to-CS,Fourth-Year-or-Equivalent,2.50---2.99,No,3,3,3,2,2,1,3,17,Severe-Anxiety,2,2,2,2,2,3,3,1,4,4,25,Moderate-Stress,1,1,2,2,1,2,2,2,1,14,Moderate-Depression
23-26,Male,Dhaka-University-of-Engineering-and-Technology-(DUET),Engineering---CS-/-CSE-/-CSC-/-Similar-to-CS,Fourth-Year-or-Equivalent,3.40---3.79,No,3,3,3,3,2,3,1,18,Severe-Anxiety,3,3,4,4,3,4,4,1,2,3,31,High-Perceived-Stress,0,3,3,3,3,3,3,1,3,22,Severe-Depression
23-26,Male,Dhaka-University-of-Engineering-and-Technology-(DUET),Engineering---CS-/-CSE-/-CSC-/-Similar-to-CS,Fourth-Year-or-Equivalent,3.00---3.39,No,0,1,0,0,2,2,0,5,Mild-Anxiety,0,0,1,0,2,2,4,0,2,1,12,Low-Stress,0,3,0,0,0,0,1,0,0,4,Minimal-Depression
23-26,Male,Dhaka-University-of-Engineering-and-Technology-(DUET),Engineering---CS-/-CSE-/-CSC-/-Similar-to-CS,Fourth-Year-or-Equivalent,3.00---3.39,No,1,1,1,1,1,1,1,7,Mild-Anxiety,2,2,2,2,2,2,2,2,2,2,20,Moderate-Stress,1,1,1,1,1,1,1,1,1,9,Mild-Depression
27-30,Male,Dhaka-University-of-Engineering-and-Technology-(DUET),Engineering---CS-/-CSE-/-CSC-/-Similar-to-CS,Other,3.00---3.39,No,2,1,1,2,2,1,1,10,Moderate-Anxiety,1,1,3,3,3,2,2,0,3,3,21,Moderate-Stress,1,0,2,2,2,0,1,0,0,8,Mild-Depression
23-26,Male,Dhaka-University-of-Engineering-and-Technology-(DUET),Engineering---CS-/-CSE-/-CSC-/-Similar-to-CS,Fourth-Year-or-Equivalent,3.00---3.39,No,2,3,3,2,2,1,0,13,Moderate-Anxiety,2,1,0,2,2,2,2,2,0,1,14,Moderate-Stress,2,0,3,2,1,0,3,3,2,16,Moderately-Severe-Depression
23-26,Female,Dhaka-University-of-Engineering-and-Technology-(DUET),Engineering---CS-/-CSE-/-CSC-/-Similar-to-CS,Second-Year-or-Equivalent,3.00---3.39,Yes,2,1,1,1,1,2,1,9,Mild-Anxiety,2,0,2,2,2,2,3,3,0,2,18,Moderate-Stress,1,2,1,1,2,1,2,1,1,12,Moderate-Depression
23-26,Male,Dhaka-University-of-Engineering-and-Technology-(DUET),Engineering---CS-/-CSE-/-CSC-/-Similar-to-CS,Second-Year-or-Equivalent,3.40---3.79,No,1,1,3,2,1,2,2,12,Moderate-Anxiety,1,3,3,2,4,4,4,0,0,0,21,Moderate-Stress,1,2,2,1,0,2,0,0,2,10,Moderate-Depression
23-26,Male,Dhaka-University-of-Engineering-and-Technology-(DUET),Engineering---CS-/-CSE-/-CSC-/-Similar-to-CS,Fourth-Year-or-Equivalent,2.50---2.99,No,1,0,3,0,2,2,0,8,Mild-Anxiety,0,2,0,0,2,4,2,2,0,0,12,Low-Stress,0,0,1,1,0,0,0,0,0,2,Minimal-Depression
23-26,Female,Dhaka-University-of-Engineering-and-Technology-(DUET),Engineering---CS-/-CSE-/-CSC-/-Similar-to-CS,Second-Year-or-Equivalent,3.00---3.39,Yes,2,2,1,2,2,1,2,12,Moderate-Anxiety,2,2,2,2,2,3,3,3,2,2,23,Moderate-Stress,1,2,2,1,2,2,2,2,0,14,Moderate-Depression
18-22,Male,Dhaka-University-of-Engineering-and-Technology-(DUET),Engineering---CS-/-CSE-/-CSC-/-Similar-to-CS,Second-Year-or-Equivalent,3.00---3.39,Yes,2,2,0,2,2,2,2,12,Moderate-Anxiety,2,2,1,2,2,2,2,2,2,2,19,Moderate-Stress,2,2,2,2,2,2,2,2,2,18,Moderately-Severe-Depression
18-22,Male,Dhaka-University-of-Engineering-and-Technology-(DUET),Engineering---CS-/-CSE-/-CSC-/-Similar-to-CS,Second-Year-or-Equivalent,3.00---3.39,No,1,2,3,2,2,2,1,13,Moderate-Anxiety,2,0,2,2,2,3,3,3,2,2,21,Moderate-Stress,1,1,3,3,3,2,1,1,1,16,Moderately-Severe-Depression
23-26,Female,Dhaka-University-of-Engineering-and-Technology-(DUET),Engineering---CS-/-CSE-/-CSC-/-Similar-to-CS,Second-Year-or-Equivalent,3.40---3.79,No,1,1,1,0,2,1,0,6,Mild-Anxiety,1,2,1,1,0,2,0,0,4,2,13,Low-Stress,2,0,2,1,0,1,1,1,0,8,Mild-Depression
18-22,Male,Dhaka-University-of-Engineering-and-Technology-(DUET),Engineering---CS-/-CSE-/-CSC-/-Similar-to-CS,Second-Year-or-Equivalent,2.50---2.99,No,2,2,2,2,2,2,2,14,Moderate-Anxiety,2,2,2,2,2,3,2,2,2,2,21,Moderate-Stress,1,1,2,1,1,3,3,1,0,13,Moderate-Depression
23-26,Male,Dhaka-University-of-Engineering-and-Technology-(DUET),Engineering---CS-/-CSE-/-CSC-/-Similar-to-CS,Second-Year-or-Equivalent,3.00---3.39,No,1,1,1,1,1,1,1,7,Mild-Anxiety,4,4,4,3,1,2,1,0,2,2,23,Moderate-Stress,1,1,1,1,1,1,1,1,1,9,Mild-Depression
23-26,Male,Dhaka-University-of-Engineering-and-Technology-(DUET),Engineering---CS-/-CSE-/-CSC-/-Similar-to-CS,Second-Year-or-Equivalent,3.00---3.39,Yes,0,1,1,1,1,1,0,5,Mild-Anxiety,0,0,2,2,1,1,2,2,2,0,12,Low-Stress,1,1,0,3,0,0,0,0,0,5,Mild-Depression
23-26,Male,Dhaka-University-of-Engineering-and-Technology-(DUET),Engineering---CS-/-CSE-/-CSC-/-Similar-to-CS,Fourth-Year-or-Equivalent,3.00---3.39,No,0,0,1,1,1,1,0,4,Minimal-Anxiety,2,2,2,0,4,3,3,3,0,0,19,Moderate-Stress,2,2,0,0,1,3,1,1,1,11,Moderate-Depression
23-26,Male,Dhaka-University-of-Engineering-and-Technology-(DUET),Engineering---CS-/-CSE-/-CSC-/-Similar-to-CS,Second-Year-or-Equivalent,2.50---2.99,No,2,3,1,1,1,1,1,10,Moderate-Anxiety,3,2,3,3,2,3,3,4,2,3,28,High-Perceived-Stress,1,3,3,3,1,3,3,1,0,18,Moderately-Severe-Depression
23-26,Female,Dhaka-University-of-Engineering-and-Technology-(DUET),Engineering---CS-/-CSE-/-CSC-/-Similar-to-CS,Second-Year-or-Equivalent,3.40---3.79,No,1,0,3,2,1,1,3,11,Moderate-Anxiety,1,3,4,1,0,2,2,0,2,2,17,Moderate-Stress,2,0,0,3,1,2,3,2,2,15,Moderately-Severe-Depression
23-26,Female,Dhaka-University-of-Engineering-and-Technology-(DUET),Engineering---CS-/-CSE-/-CSC-/-Similar-to-CS,Second-Year-or-Equivalent,3.40---3.79,Yes,2,1,1,2,2,2,1,11,Moderate-Anxiety,1,1,2,1,2,3,2,3,2,1,18,Moderate-Stress,1,1,0,1,1,1,1,1,1,8,Mild-Depression
23-26,Male,Dhaka-University-of-Engineering-and-Technology-(DUET),Engineering---CS-/-CSE-/-CSC-/-Similar-to-CS,Third-Year-or-Equivalent,3.40---3.79,Yes,1,3,1,3,2,1,3,14,Moderate-Anxiety,1,1,1,1,3,2,2,2,2,1,16,Moderate-Stress,3,1,1,2,1,2,3,3,3,19,Moderately-Severe-Depression
18-22,Male,Dhaka-University-of-Engineering-and-Technology-(DUET),Engineering---CS-/-CSE-/-CSC-/-Similar-to-CS,Second-Year-or-Equivalent,3.00---3.39,No,3,0,0,3,2,3,1,12,Moderate-Anxiety,2,2,3,0,0,0,0,0,1,0,8,Low-Stress,1,1,2,2,2,3,1,2,1,15,Moderately-Severe-Depression
23-26,Male,Dhaka-University-of-Engineering-and-Technology-(DUET),Engineering---CS-/-CSE-/-CSC-/-Similar-to-CS,Fourth-Year-or-Equivalent,3.00---3.39,No,1,1,2,0,0,2,0,6,Mild-Anxiety,1,4,1,1,1,1,3,1,1,0,14,Moderate-Stress,3,0,2,1,1,0,0,3,0,10,Moderate-Depression
23-26,Male,Dhaka-University-of-Engineering-and-Technology-(DUET),Engineering---CS-/-CSE-/-CSC-/-Similar-to-CS,Second-Year-or-Equivalent,3.00---3.39,No,2,2,2,2,1,1,1,11,Moderate-Anxiety,3,3,2,2,1,1,1,1,2,4,20,Moderate-Stress,2,2,2,2,2,2,2,1,2,17,Moderately-Severe-Depression
18-22,Male,AmericanInternationalUniversityBangladesh(AIUB),Engineering---CS-/-CSE-/-CSC-/-Similar-to-CS,Third-Year-or-Equivalent,3.40---3.79,No,1,1,3,1,1,1,1,9,Mild-Anxiety,2,2,3,2,0,2,2,1,2,2,18,Moderate-Stress,1,1,1,2,0,1,1,1,0,8,Mild-Depression
23-26,Male,AmericanInternationalUniversityBangladesh(AIUB),Engineering---CS-/-CSE-/-CSC-/-Similar-to-CS,Fourth-Year-or-Equivalent,3.40---3.79,No,1,1,2,1,1,1,1,8,Mild-Anxiety,1,1,2,2,1,1,1,0,2,2,13,Low-Stress,2,1,1,2,3,1,1,1,3,15,Moderately-Severe-Depression
23-26,Female,EastWestUniversity(EWU),Engineering---CS-/-CSE-/-CSC-/-Similar-to-CS,Fourth-Year-or-Equivalent,3.00---3.39,No,2,2,2,2,2,3,3,16,Severe-Anxiety,4,4,3,3,2,0,2,1,4,4,27,High-Perceived-Stress,3,3,2,3,1,3,3,2,3,23,Severe-Depression
23-26,Female,Dhaka-University-of-Engineering-and-Technology-(DUET),Engineering---CS-/-CSE-/-CSC-/-Similar-to-CS,First-Year-or-Equivalent,3.80---4.00,No,0,0,0,0,0,0,0,0,Minimal-Anxiety,4,4,4,4,0,0,0,0,4,4,24,Moderate-Stress,0,0,0,0,0,0,0,0,0,0,No-Depression
23-26,Male,Dhaka-University-of-Engineering-and-Technology-(DUET),Engineering---CS-/-CSE-/-CSC-/-Similar-to-CS,First-Year-or-Equivalent,Other,Yes,0,0,0,0,0,0,0,0,Minimal-Anxiety,0,0,0,3,4,4,4,4,0,0,19,Moderate-Stress,0,0,0,0,0,0,1,0,0,1,Minimal-Depression
18-22,Male,Dhaka-University-of-Engineering-and-Technology-(DUET),Engineering---CS-/-CSE-/-CSC-/-Similar-to-CS,First-Year-or-Equivalent,3.00---3.39,Yes,0,0,0,0,0,0,0,0,Minimal-Anxiety,0,0,0,0,0,0,0,0,0,0,0,Low-Stress,3,0,0,0,0,0,0,0,0,3,Minimal-Depression
23-26,Female,Dhaka-University-of-Engineering-and-Technology-(DUET),Engineering---CS-/-CSE-/-CSC-/-Similar-to-CS,First-Year-or-Equivalent,Other,No,1,2,2,1,1,2,2,11,Moderate-Anxiety,0,1,2,2,2,2,3,2,2,2,18,Moderate-Stress,3,2,1,2,0,1,2,1,1,13,Moderate-Depression
23-26,Female,Dhaka-University-of-Engineering-and-Technology-(DUET),Engineering---CS-/-CSE-/-CSC-/-Similar-to-CS,First-Year-or-Equivalent,3.40---3.79,No,0,0,1,0,2,0,0,3,Minimal-Anxiety,2,0,2,2,1,4,4,2,2,0,19,Moderate-Stress,0,0,1,1,0,0,1,1,0,4,Minimal-Depression
23-26,Female,Dhaka-University-of-Engineering-and-Technology-(DUET),Engineering---CS-/-CSE-/-CSC-/-Similar-to-CS,First-Year-or-Equivalent,3.80---4.00,No,0,1,1,1,0,1,2,6,Mild-Anxiety,4,2,2,4,2,2,2,2,2,2,24,Moderate-Stress,1,2,0,2,2,0,1,0,0,8,Mild-Depression
23-26,Male,Dhaka-University-of-Engineering-and-Technology-(DUET),Engineering---CS-/-CSE-/-CSC-/-Similar-to-CS,First-Year-or-Equivalent,Other,No,1,0,1,2,2,0,1,7,Mild-Anxiety,2,2,2,0,0,1,4,0,3,0,14,Moderate-Stress,3,1,1,1,1,3,1,0,0,11,Moderate-Depression
23-26,Female,Dhaka-University-of-Engineering-and-Technology-(DUET),Engineering---CS-/-CSE-/-CSC-/-Similar-to-CS,First-Year-or-Equivalent,3.80---4.00,No,0,1,1,1,0,0,1,4,Minimal-Anxiety,2,2,2,2,2,2,2,2,2,2,20,Moderate-Stress,1,2,2,2,0,0,1,2,2,12,Moderate-Depression
18-22,Male,EastWestUniversity(EWU),Engineering---CS-/-CSE-/-CSC-/-Similar-to-CS,Fourth-Year-or-Equivalent,2.50---2.99,No,2,3,2,2,2,2,2,15,Severe-Anxiety,2,4,4,3,1,1,0,2,2,2,21,Moderate-Stress,2,2,2,2,2,2,2,2,2,18,Moderately-Severe-Depression
18-22,Male,EastWestUniversity(EWU),Engineering---CS-/-CSE-/-CSC-/-Similar-to-CS,Fourth-Year-or-Equivalent,3.00---3.39,No,2,1,1,1,0,2,1,8,Mild-Anxiety,0,4,4,0,3,0,0,4,4,0,19,Moderate-Stress,1,0,1,1,3,2,1,0,0,9,Mild-Depression
23-26,Male,AmericanInternationalUniversityBangladesh(AIUB),Engineering---CS-/-CSE-/-CSC-/-Similar-to-CS,Third-Year-or-Equivalent,3.40---3.79,No,3,3,3,3,3,3,2,20,Severe-Anxiety,2,3,4,4,1,3,1,3,4,4,29,High-Perceived-Stress,2,2,2,3,0,3,1,3,0,16,Moderately-Severe-Depression
18-22,Male,Dhaka-University-of-Engineering-and-Technology-(DUET),Engineering---CS-/-CSE-/-CSC-/-Similar-to-CS,Second-Year-or-Equivalent,3.00---3.39,No,2,3,2,1,0,1,1,10,Moderate-Anxiety,2,2,2,0,2,2,1,2,2,0,15,Moderate-Stress,1,1,1,1,1,1,0,0,0,6,Mild-Depression
18-22,Female,Dhaka-University-of-Engineering-and-Technology-(DUET),Engineering---CS-/-CSE-/-CSC-/-Similar-to-CS,First-Year-or-Equivalent,Other,No,2,1,0,3,0,0,1,7,Mild-Anxiety,2,2,4,3,0,1,2,4,4,2,24,Moderate-Stress,3,0,1,1,1,0,3,1,1,11,Moderate-Depression
18-22,Female,Dhaka-University-of-Engineering-and-Technology-(DUET),Engineering---CS-/-CSE-/-CSC-/-Similar-to-CS,First-Year-or-Equivalent,Other,No,1,1,1,3,1,2,0,9,Mild-Anxiety,2,1,2,2,2,1,2,3,2,2,19,Moderate-Stress,1,2,2,2,1,1,1,1,2,13,Moderate-Depression
18-22,Male,AmericanInternationalUniversityBangladesh(AIUB),Engineering---CS-/-CSE-/-CSC-/-Similar-to-CS,Second-Year-or-Equivalent,3.80---4.00,No,1,1,2,1,0,1,1,7,Mild-Anxiety,2,2,2,3,1,2,2,1,0,1,16,Moderate-Stress,1,1,1,2,1,0,0,0,0,6,Mild-Depression
23-26,Male,Dhaka-University-of-Engineering-and-Technology-(DUET),Engineering---CS-/-CSE-/-CSC-/-Similar-to-CS,Second-Year-or-Equivalent,2.50---2.99,No,1,2,2,2,1,2,1,11,Moderate-Anxiety,2,3,2,4,2,3,3,3,2,3,27,High-Perceived-Stress,1,1,1,2,1,1,1,2,0,10,Moderate-Depression
23-26,Female,Dhaka-University-of-Engineering-and-Technology-(DUET),Engineering---CS-/-CSE-/-CSC-/-Similar-to-CS,First-Year-or-Equivalent,Other,No,2,2,0,2,1,2,2,11,Moderate-Anxiety,2,2,2,2,2,0,2,2,2,2,18,Moderate-Stress,3,2,2,1,1,0,0,0,0,9,Mild-Depression
18-22,Male,IndependentUniversityBangladesh(IUB),Engineering---CS-/-CSE-/-CSC-/-Similar-to-CS,First-Year-or-Equivalent,Other,No,0,0,0,0,0,0,0,0,Minimal-Anxiety,2,2,2,1,1,3,2,1,2,2,18,Moderate-Stress,0,0,0,0,0,0,0,0,0,0,No-Depression
23-26,Male,Dhaka-University-of-Engineering-and-Technology-(DUET),Engineering---CS-/-CSE-/-CSC-/-Similar-to-CS,Second-Year-or-Equivalent,3.00---3.39,Yes,1,2,2,1,1,2,2,11,Moderate-Anxiety,0,2,2,2,1,2,0,0,4,3,16,Moderate-Stress,2,0,2,1,1,1,1,1,1,10,Moderate-Depression
23-26,Male,Dhaka-University-of-Engineering-and-Technology-(DUET),Engineering---CS-/-CSE-/-CSC-/-Similar-to-CS,First-Year-or-Equivalent,Other,Yes,2,0,2,1,0,3,0,8,Mild-Anxiety,0,2,2,0,1,0,4,2,0,0,11,Low-Stress,1,0,1,2,3,1,2,1,2,13,Moderate-Depression
18-22,Male,EastWestUniversity(EWU),Engineering---CS-/-CSE-/-CSC-/-Similar-to-CS,Fourth-Year-or-Equivalent,3.40---3.79,Yes,2,2,3,1,1,1,2,12,Moderate-Anxiety,2,2,2,2,1,1,2,1,2,2,17,Moderate-Stress,2,3,3,3,2,2,2,2,1,20,Severe-Depression
23-26,Female,EastWestUniversity(EWU),Engineering---CS-/-CSE-/-CSC-/-Similar-to-CS,Fourth-Year-or-Equivalent,3.00---3.39,No,2,1,1,2,3,1,2,12,Moderate-Anxiety,2,2,3,2,2,2,1,2,3,2,21,Moderate-Stress,1,2,2,2,1,2,2,1,2,15,Moderately-Severe-Depression
18-22,Male,EastWestUniversity(EWU),Engineering---CS-/-CSE-/-CSC-/-Similar-to-CS,Fourth-Year-or-Equivalent,2.50---2.99,Yes,1,1,1,2,1,1,0,7,Mild-Anxiety,2,3,2,2,3,2,2,3,2,2,23,Moderate-Stress,1,1,1,1,2,1,1,1,1,10,Moderate-Depression
23-26,Male,AmericanInternationalUniversityBangladesh(AIUB),Engineering---CS-/-CSE-/-CSC-/-Similar-to-CS,Fourth-Year-or-Equivalent,2.50---2.99,No,2,2,1,1,1,1,1,9,Mild-Anxiety,2,2,2,2,2,2,2,3,2,1,20,Moderate-Stress,1,1,1,1,1,1,1,1,1,9,Mild-Depression
18-22,Female,EastWestUniversity(EWU),Engineering---CS-/-CSE-/-CSC-/-Similar-to-CS,Fourth-Year-or-Equivalent,3.00---3.39,No,1,2,1,1,1,2,3,11,Moderate-Anxiety,1,1,0,2,3,2,3,3,1,1,17,Moderate-Stress,2,2,2,2,2,2,2,2,2,18,Moderately-Severe-Depression
18-22,Female,IndependentUniversityBangladesh(IUB),Engineering---CS-/-CSE-/-CSC-/-Similar-to-CS,First-Year-or-Equivalent,Below-2.50,No,2,2,2,2,3,2,2,15,Severe-Anxiety,3,3,2,2,2,2,2,3,2,1,22,Moderate-Stress,1,3,3,3,1,1,1,2,3,18,Moderately-Severe-Depression
18-22,Female,AmericanInternationalUniversityBangladesh(AIUB),Engineering---CS-/-CSE-/-CSC-/-Similar-to-CS,First-Year-or-Equivalent,3.00---3.39,No,3,3,3,3,3,3,3,21,Severe-Anxiety,3,4,4,2,2,2,1,2,4,3,27,High-Perceived-Stress,1,3,1,2,1,3,1,2,0,14,Moderate-Depression
23-26,Male,AmericanInternationalUniversityBangladesh(AIUB),Engineering---CS-/-CSE-/-CSC-/-Similar-to-CS,Third-Year-or-Equivalent,3.00---3.39,No,2,3,3,2,3,3,3,19,Severe-Anxiety,3,3,4,4,2,3,2,3,3,4,31,High-Perceived-Stress,3,3,2,3,1,3,3,1,3,22,Severe-Depression
18-22,Male,RajshahiUniversityofEngineeringandTechnology-(RUET),Engineering---Civil-Engineering-/-Similar-to-CE,Third-Year-or-Equivalent,3.00---3.39,No,2,2,2,1,2,1,2,12,Moderate-Anxiety,4,4,0,4,0,3,2,2,2,2,23,Moderate-Stress,1,2,1,2,1,2,1,2,1,13,Moderate-Depression
18-22,Male,RajshahiUniversityofEngineeringandTechnology-(RUET),Engineering---EEE/-ECE-/-Similar-to-EEE,Second-Year-or-Equivalent,3.40---3.79,No,2,3,0,2,2,2,1,12,Moderate-Anxiety,3,3,1,2,2,2,2,1,1,3,20,Moderate-Stress,3,2,1,2,2,1,3,2,1,17,Moderately-Severe-Depression
18-22,Male,RajshahiUniversityofEngineeringandTechnology-(RUET),Engineering---Mechanical-Engineering-/-Similar-to-ME,Second-Year-or-Equivalent,3.40---3.79,No,1,0,0,0,2,1,2,6,Mild-Anxiety,2,2,1,2,3,3,3,4,2,2,24,Moderate-Stress,1,2,1,1,1,1,1,1,1,10,Moderate-Depression
23-26,Female,BangladeshAgriculturalUniversity(BAU),Environmental-and-Life-Sciences,Fourth-Year-or-Equivalent,3.00---3.39,No,2,3,1,2,2,2,3,15,Severe-Anxiety,3,2,2,3,1,2,2,2,4,2,23,Moderate-Stress,1,2,1,2,1,3,2,1,1,14,Moderate-Depression
23-26,Female,EastWestUniversity(EWU),Engineering---CS-/-CSE-/-CSC-/-Similar-to-CS,Fourth-Year-or-Equivalent,2.50---2.99,No,3,3,3,3,3,3,3,21,Severe-Anxiety,4,4,4,4,0,0,0,0,4,4,24,Moderate-Stress,3,3,3,3,3,3,3,3,3,27,Severe-Depression
23-26,Male,Dhaka-University-of-Engineering-and-Technology-(DUET),Engineering---CS-/-CSE-/-CSC-/-Similar-to-CS,Fourth-Year-or-Equivalent,3.00---3.39,No,0,0,0,0,0,1,0,1,Minimal-Anxiety,1,0,3,0,1,2,1,3,1,0,12,Low-Stress,1,1,1,2,1,1,1,1,1,10,Moderate-Depression
23-26,Male,AmericanInternationalUniversityBangladesh(AIUB),Engineering---CS-/-CSE-/-CSC-/-Similar-to-CS,Fourth-Year-or-Equivalent,3.00---3.39,No,1,1,1,1,1,1,1,7,Mild-Anxiety,3,3,3,3,1,1,1,1,3,3,22,Moderate-Stress,1,1,1,2,2,1,2,1,1,12,Moderate-Depression
18-22,Male,IndependentUniversityBangladesh(IUB),Engineering---CS-/-CSE-/-CSC-/-Similar-to-CS,Third-Year-or-Equivalent,3.40---3.79,Yes,1,1,1,1,1,1,0,6,Mild-Anxiety,1,1,2,1,0,1,1,2,2,2,13,Low-Stress,1,0,1,1,1,0,1,0,0,5,Mild-Depression
18-22,Male,AmericanInternationalUniversityBangladesh(AIUB),Engineering---CS-/-CSE-/-CSC-/-Similar-to-CS,Third-Year-or-Equivalent,3.40---3.79,No,2,3,2,2,2,2,2,15,Severe-Anxiety,3,3,3,1,1,1,2,0,2,2,18,Moderate-Stress,1,1,1,2,2,1,2,2,2,14,Moderate-Depression
23-26,Male,EastWestUniversity(EWU),Engineering---CS-/-CSE-/-CSC-/-Similar-to-CS,Fourth-Year-or-Equivalent,2.50---2.99,Yes,2,2,2,2,2,2,2,14,Moderate-Anxiety,3,3,4,4,1,1,1,4,4,4,29,High-Perceived-Stress,2,3,3,3,3,3,1,2,0,20,Severe-Depression
23-26,Male,BangladeshAgriculturalUniversity(BAU),Biological-Sciences,Fourth-Year-or-Equivalent,3.80---4.00,No,1,1,3,1,1,1,0,8,Mild-Anxiety,0,2,3,2,1,1,1,0,1,0,11,Low-Stress,0,1,1,0,0,1,1,1,0,5,Mild-Depression
23-26,Female,BangladeshAgriculturalUniversity(BAU),Other,Fourth-Year-or-Equivalent,3.40---3.79,No,1,2,1,0,0,3,1,8,Mild-Anxiety,2,2,3,2,2,0,1,4,2,0,18,Moderate-Stress,0,0,2,2,0,0,0,0,0,4,Minimal-Depression
23-26,Male,BangladeshAgriculturalUniversity(BAU),Biological-Sciences,Fourth-Year-or-Equivalent,3.40---3.79,No,1,2,2,2,2,1,1,11,Moderate-Anxiety,4,3,3,3,1,2,1,2,3,2,24,Moderate-Stress,2,2,1,2,2,1,1,1,1,13,Moderate-Depression
23-26,Female,BangladeshAgriculturalUniversity(BAU),Other,Fourth-Year-or-Equivalent,3.40---3.79,No,2,2,2,1,1,2,1,11,Moderate-Anxiety,3,1,4,1,1,3,2,3,0,2,20,Moderate-Stress,1,2,1,2,1,0,1,1,0,9,Mild-Depression
23-26,Female,BangladeshAgriculturalUniversity(BAU),Biological-Sciences,Other,3.80---4.00,No,1,0,1,1,3,1,1,8,Mild-Anxiety,4,4,4,4,2,2,2,2,4,2,30,High-Perceived-Stress,3,3,3,3,3,3,3,1,0,22,Severe-Depression
23-26,Male,BangladeshAgriculturalUniversity(BAU),Other,Fourth-Year-or-Equivalent,3.00---3.39,No,1,1,1,2,1,2,1,9,Mild-Anxiety,1,2,2,1,3,1,2,2,2,2,18,Moderate-Stress,0,1,1,2,2,1,2,2,0,11,Moderate-Depression
23-26,Male,IndependentUniversityBangladesh(IUB),Engineering---CS-/-CSE-/-CSC-/-Similar-to-CS,Third-Year-or-Equivalent,2.50---2.99,No,1,1,0,0,0,0,0,2,Minimal-Anxiety,2,1,0,0,4,4,3,2,2,1,19,Moderate-Stress,0,0,0,0,0,0,0,0,0,0,No-Depression
